INSERT INTO STUDENT(stud_id, stud_fname, stud_lname, stud_birth_date, stud_sex, stud_reg_date, stud_gpa, stud_email, stud_number) VALUES 
(22010301, 'Tatiana', 'Lewis', '2000/8/2', 1, '2022/4/28', 3.44, 'Tatiana.Lewis@etu.edu.tr', '05947440877'),
(21010101, 'Lizbeth', 'Giles', '2002/4/2', 1, '2021/9/23', 1.36, 'Lizbeth.Giles@etu.edu.tr', '05396022986'),
(21030101, 'Landyn', 'Fritz', '2003/6/22', 0, '2021/2/28', 0.39, 'Landyn.Fritz@etu.edu.tr', '05475544315'),
(21020101, 'Carolina', 'Bond', '2001/7/13', 1, '2021/8/7', 3.52, 'Carolina.Bond@etu.edu.tr', '05983682755'),
(21020102, 'Andre', 'Farrell', '1999/10/20', 0, '2021/1/6', 0.90, 'Andre.Farrell@etu.edu.tr', '05879893699'),
(20010301, 'Malia', 'Soto', '2000/1/9', 1, '2020/9/13', 0.71, 'Malia.Soto@etu.edu.tr', '05766466743'),
(20030301, 'Eli', 'Washington', '2000/7/8', 0, '2020/5/13', 0.57, 'Eli.Washington@etu.edu.tr', '05583923217'),
(22010101, 'Litzy', 'Krueger', '2002/10/17', 1, '2022/3/14', 1.57, 'Litzy.Krueger@etu.edu.tr', '05304052509'),
(21030102, 'Cristopher', 'David', '1999/5/15', 0, '2021/7/19', 1.51, 'Cristopher.David@etu.edu.tr', '05608832142'),
(18010201, 'Alessandra', 'Davenport', '1999/9/15', 1, '2018/2/12', 1.08, 'Alessandra.Davenport@etu.edu.tr', '05206257269'),
(19020101, 'Alvaro', 'Wolfe', '1997/2/16', 0, '2019/3/17', 2.36, 'Alvaro.Wolfe@etu.edu.tr', '05187483959'),
(22020301, 'Dominic', 'Mooney', '2001/4/19', 0, '2022/4/10', 2.68, 'Dominic.Mooney@etu.edu.tr', '05976001246'),
(22030101, 'Armani', 'Rubio', '2002/4/3', 1, '2022/6/23', 2.84, 'Armani.Rubio@etu.edu.tr', '05845179985'),
(20020101, 'Ishaan', 'Mccormick', '2000/6/26', 0, '2020/7/15', 3.26, 'Ishaan.Mccormick@etu.edu.tr', '05147390528'),
(21030201, 'Janae', 'Knapp', '2001/5/25', 1, '2021/5/2', 2.72, 'Janae.Knapp@etu.edu.tr', '05871764297'),
(22020201, 'Agustin', 'Lowe', '2001/8/26', 0, '2022/1/23', 0.37, 'Agustin.Lowe@etu.edu.tr', '05859795025'),
(20030302, 'Sawyer', 'Oneill', '1998/4/25', 0, '2020/2/16', 1.21, 'Sawyer.Oneill@etu.edu.tr', '05111183738'),
(21010201, 'Zechariah', 'Barker', '2003/12/25', 0, '2021/3/15', 2.07, 'Zechariah.Barker@etu.edu.tr', '05246618280'),
(19030101, 'Alisa', 'Mann', '1999/8/12', 1, '2019/1/8', 2.40, 'Alisa.Mann@etu.edu.tr', '05580713507'),
(21030103, 'Tatum', 'Galvan', '1999/4/2', 1, '2021/8/7', 2.77, 'Tatum.Galvan@etu.edu.tr', '05389525003'),
(22010302, 'Julien', 'Carroll', '2004/3/25', 0, '2022/5/18', 2.93, 'Julien.Carroll@etu.edu.tr', '05409634009'),
(18030101, 'Drew', 'Ortega', '1996/5/27', 0, '2018/3/2', 3.03, 'Drew.Ortega@etu.edu.tr', '05464645944'),
(21010102, 'Jordan', 'Nielsen', '1999/9/11', 0, '2021/1/16', 1.45, 'Jordan.Nielsen@etu.edu.tr', '05643615593'),
(22030102, 'Leanna', 'Flowers', '2001/9/15', 1, '2022/8/28', 1.88, 'Leanna.Flowers@etu.edu.tr', '05225447533'),
(20010302, 'Finnegan', 'Chase', '1999/9/21', 0, '2020/9/7', 0.49, 'Finnegan.Chase@etu.edu.tr', '05755231233'),
(18010202, 'Kymani', 'Navarro', '1999/2/17', 0, '2018/7/24', 1.80, 'Kymani.Navarro@etu.edu.tr', '05450260709'),
(18030301, 'Carleigh', 'Beard', '1998/7/20', 1, '2018/9/8', 0.43, 'Carleigh.Beard@etu.edu.tr', '05783157608'),
(21030104, 'Dillan', 'Lucero', '2000/10/8', 0, '2021/6/5', 1.18, 'Dillan.Lucero@etu.edu.tr', '05793147254'),
(19020301, 'Ashlyn', 'Tucker', '1998/3/4', 1, '2019/6/22', 2.10, 'Ashlyn.Tucker@etu.edu.tr', '05683968067'),
(20020301, 'Tyree', 'Ruiz', '1998/9/11', 0, '2020/1/25', 0.15, 'Tyree.Ruiz@etu.edu.tr', '05529695504'),
(19030201, 'Diamond', 'Montoya', '2001/9/26', 1, '2019/2/25', 2.35, 'Diamond.Montoya@etu.edu.tr', '05428074432'),
(20030201, 'Aaliyah', 'Dixon', '2002/3/1', 1, '2020/1/17', 0.83, 'Aaliyah.Dixon@etu.edu.tr', '05470480439'),
(22010201, 'Miley', 'Baldwin', '2001/6/15', 1, '2022/4/11', 3.42, 'Miley.Baldwin@etu.edu.tr', '05472546929'),
(19030301, 'Heidi', 'Abbott', '2001/3/14', 1, '2019/4/21', 1.49, 'Heidi.Abbott@etu.edu.tr', '05681601900'),
(18020101, 'Sadie', 'Lutz', '1996/10/19', 1, '2018/6/2', 3.87, 'Sadie.Lutz@etu.edu.tr', '05165652024'),
(21030301, 'Dante', 'Turner', '2002/10/24', 0, '2021/9/2', 2.46, 'Dante.Turner@etu.edu.tr', '05381958360'),
(20020201, 'Erin', 'Park', '1998/12/25', 1, '2020/3/19', 0.49, 'Erin.Park@etu.edu.tr', '05958201550'),
(21010202, 'Waylon', 'Cline', '1999/1/10', 0, '2021/7/13', 2.62, 'Waylon.Cline@etu.edu.tr', '05840254547'),
(20020202, 'Vicente', 'Caldwell', '2002/7/7', 0, '2020/7/17', 1.33, 'Vicente.Caldwell@etu.edu.tr', '05052606041'),
(20020203, 'Clay', 'Owen', '1999/5/26', 0, '2020/1/21', 3.96, 'Clay.Owen@etu.edu.tr', '05657391517'),
(20010303, 'Damion', 'Sexton', '2001/7/6', 0, '2020/8/18', 1.62, 'Damion.Sexton@etu.edu.tr', '05050143553'),
(20030202, 'Karly', 'Ferrell', '1999/10/3', 1, '2020/3/19', 3.53, 'Karly.Ferrell@etu.edu.tr', '05031840206'),
(21020103, 'Liana', 'Huff', '1999/10/8', 1, '2021/3/20', 0.02, 'Liana.Huff@etu.edu.tr', '05354628776'),
(19030102, 'Cindy', 'Tapia', '1999/9/20', 1, '2019/8/20', 3.73, 'Cindy.Tapia@etu.edu.tr', '05419950029'),
(21020201, 'Braxton', 'Henderson', '1999/8/20', 0, '2021/7/12', 2.51, 'Braxton.Henderson@etu.edu.tr', '05097396825'),
(20010101, 'Aron', 'Peck', '1999/10/13', 0, '2020/7/2', 0.08, 'Aron.Peck@etu.edu.tr', '05908581813'),
(19030302, 'Anaya', 'Prince', '1997/4/26', 1, '2019/1/13', 0.40, 'Anaya.Prince@etu.edu.tr', '05868655535'),
(20020204, 'Frederick', 'Arroyo', '1998/3/19', 0, '2020/5/11', 0.17, 'Frederick.Arroyo@etu.edu.tr', '05800264689'),
(20030101, 'Gianna', 'Mullins', '1998/5/11', 1, '2020/4/28', 0.81, 'Gianna.Mullins@etu.edu.tr', '05968323986'),
(22010102, 'Kiara', 'Mason', '2004/9/3', 1, '2022/4/19', 0.10, 'Kiara.Mason@etu.edu.tr', '05617589449'),
(21030202, 'Lilly', 'Lloyd', '2000/7/18', 1, '2021/9/21', 1.18, 'Lilly.Lloyd@etu.edu.tr', '05849403499'),
(18030201, 'Javion', 'Woodward', '1999/8/1', 0, '2018/7/12', 1.24, 'Javion.Woodward@etu.edu.tr', '05931909644'),
(22010202, 'Makena', 'Fisher', '2000/8/6', 1, '2022/6/21', 1.63, 'Makena.Fisher@etu.edu.tr', '05237593059'),
(18010101, 'Mohammed', 'Acosta', '1999/6/9', 0, '2018/6/2', 3.92, 'Mohammed.Acosta@etu.edu.tr', '05169664865'),
(19020302, 'Francesca', 'Bray', '2001/3/4', 1, '2019/5/18', 2.52, 'Francesca.Bray@etu.edu.tr', '05147346074'),
(22010303, 'Laura', 'Barry', '2003/6/5', 1, '2022/5/18', 1.52, 'Laura.Barry@etu.edu.tr', '05490614105'),
(20010201, 'Conner', 'Chang', '2000/3/9', 0, '2020/6/27', 0.21, 'Conner.Chang@etu.edu.tr', '05167459450'),
(21020301, 'Nathaniel', 'Simpson', '2001/12/2', 0, '2021/7/15', 2.47, 'Nathaniel.Simpson@etu.edu.tr', '05926317261'),
(19010201, 'Cristofer', 'Harmon', '2001/2/1', 0, '2019/5/21', 3.57, 'Cristofer.Harmon@etu.edu.tr', '05876705721'),
(21030302, 'Paxton', 'Thompson', '1999/8/9', 0, '2021/1/21', 0.42, 'Paxton.Thompson@etu.edu.tr', '05353563329'),
(21030303, 'Hezekiah', 'Rose', '2001/11/24', 0, '2021/1/28', 0.33, 'Hezekiah.Rose@etu.edu.tr', '05442561916'),
(19030202, 'Mariam', 'Curry', '2000/11/24', 1, '2019/5/24', 2.10, 'Mariam.Curry@etu.edu.tr', '05201420609'),
(21030304, 'Kayla', 'Adams', '2000/7/4', 1, '2021/9/19', 2.42, 'Kayla.Adams@etu.edu.tr', '05989701181'),
(19020201, 'Deven', 'Leon', '1998/9/23', 0, '2019/7/25', 3.27, 'Deven.Leon@etu.edu.tr', '05678034233'),
(18020201, 'Jesse', 'Moss', '2000/7/6', 0, '2018/9/2', 3.67, 'Jesse.Moss@etu.edu.tr', '05403446528'),
(19020303, 'Albert', 'Ballard', '1997/12/25', 0, '2019/4/5', 2.40, 'Albert.Ballard@etu.edu.tr', '05564225686'),
(20010304, 'Alice', 'Solomon', '1999/2/15', 1, '2020/9/11', 2.40, 'Alice.Solomon@etu.edu.tr', '05581699551'),
(21010103, 'Vincent', 'Kirby', '2000/9/1', 0, '2021/7/25', 2.96, 'Vincent.Kirby@etu.edu.tr', '05938936758'),
(20010202, 'Genesis', 'Weaver', '2002/7/21', 1, '2020/1/4', 0.62, 'Genesis.Weaver@etu.edu.tr', '05233289877'),
(19020202, 'Gael', 'Cooley', '1998/1/5', 0, '2019/8/23', 1.09, 'Gael.Cooley@etu.edu.tr', '05798410128'),
(21030305, 'Diego', 'Kent', '1999/8/19', 0, '2021/9/20', 1.55, 'Diego.Kent@etu.edu.tr', '05440090826'),
(20020205, 'Cynthia', 'Gibbs', '1999/11/22', 1, '2020/9/10', 0.23, 'Cynthia.Gibbs@etu.edu.tr', '05119743727'),
(22030301, 'Yoselin', 'Wise', '2004/3/4', 1, '2022/2/19', 0.45, 'Yoselin.Wise@etu.edu.tr', '05826447977'),
(20010305, 'Iyana', 'Salas', '2002/4/13', 1, '2020/8/20', 3.22, 'Iyana.Salas@etu.edu.tr', '05219242895'),
(22030201, 'Joaquin', 'Schmitt', '2004/4/4', 0, '2022/8/10', 0.36, 'Joaquin.Schmitt@etu.edu.tr', '05339510106'),
(18010102, 'Lyla', 'Mahoney', '1998/6/27', 1, '2018/9/18', 0.95, 'Lyla.Mahoney@etu.edu.tr', '05903410581'),
(18010301, 'Ayaan', 'Forbes', '2000/11/18', 0, '2018/9/5', 0.45, 'Ayaan.Forbes@etu.edu.tr', '05234749287'),
(20030203, 'Joe', 'Bates', '1999/12/16', 0, '2020/4/11', 1.98, 'Joe.Bates@etu.edu.tr', '05602150103'),
(21010301, 'Naima', 'Montes', '2003/7/28', 1, '2021/3/25', 2.74, 'Naima.Montes@etu.edu.tr', '05321664263'),
(18010302, 'Nelson', 'Warren', '1998/3/8', 0, '2018/6/2', 0.52, 'Nelson.Warren@etu.edu.tr', '05556244171'),
(20020206, 'Autumn', 'Palmer', '1998/5/16', 1, '2020/4/27', 0.18, 'Autumn.Palmer@etu.edu.tr', '05325095914'),
(21020104, 'Jorden', 'Poole', '2000/9/28', 0, '2021/5/21', 2.19, 'Jorden.Poole@etu.edu.tr', '05423828669'),
(18030302, 'Omar', 'Herring', '1998/9/22', 0, '2018/6/10', 1.87, 'Omar.Herring@etu.edu.tr', '05448938083'),
(19030303, 'Zackery', 'Pierce', '1997/8/13', 0, '2019/9/26', 2.43, 'Zackery.Pierce@etu.edu.tr', '05427162208'),
(22020302, 'Deacon', 'Solis', '2001/4/5', 0, '2022/2/27', 3.93, 'Deacon.Solis@etu.edu.tr', '05560463533'),
(18010203, 'Jaylah', 'Mccarty', '1999/1/20', 1, '2018/1/17', 1.71, 'Jaylah.Mccarty@etu.edu.tr', '05918748180'),
(21010302, 'Miles', 'Howell', '2002/1/26', 0, '2021/9/1', 3.00, 'Miles.Howell@etu.edu.tr', '05136731920'),
(20010203, 'Blaine', 'Mcclain', '2001/6/2', 0, '2020/4/12', 1.10, 'Blaine.Mcclain@etu.edu.tr', '05216379348'),
(22030202, 'Hunter', 'Wells', '2000/12/12', 0, '2022/6/1', 0.52, 'Hunter.Wells@etu.edu.tr', '05828466384'),
(20030102, 'Aldo', 'Horn', '1998/12/5', 0, '2020/8/17', 1.72, 'Aldo.Horn@etu.edu.tr', '05619032043'),
(22020101, 'Amiah', 'Walsh', '2003/6/17', 1, '2022/1/6', 1.02, 'Amiah.Walsh@etu.edu.tr', '05882713948'),
(18010303, 'Norah', 'Trujillo', '1999/8/14', 1, '2018/5/22', 1.91, 'Norah.Trujillo@etu.edu.tr', '05755619979'),
(21030105, 'Jason', 'Madden', '1999/8/8', 0, '2021/5/9', 3.63, 'Jason.Madden@etu.edu.tr', '05535311180'),
(19030103, 'Aydin', 'Rivas', '2001/9/14', 0, '2019/3/22', 0.67, 'Aydin.Rivas@etu.edu.tr', '05781857853'),
(19030104, 'Eliana', 'Cannon', '1998/7/1', 1, '2019/2/8', 1.66, 'Eliana.Cannon@etu.edu.tr', '05281486368'),
(21020202, 'Riley', 'Drake', '2000/4/20', 1, '2021/3/6', 1.71, 'Riley.Drake@etu.edu.tr', '05465235507'),
(22030103, 'Diana', 'Salinas', '2003/2/15', 1, '2022/8/25', 3.32, 'Diana.Salinas@etu.edu.tr', '05129641786'),
(19010101, 'Helena', 'Moore', '2000/9/27', 1, '2019/3/24', 2.72, 'Helena.Moore@etu.edu.tr', '05220064724'),
(20020102, 'Darius', 'Christian', '2001/5/8', 0, '2020/4/11', 2.30, 'Darius.Christian@etu.edu.tr', '05469781476'),
(20030303, 'Zara', 'Andrews', '2000/5/9', 1, '2020/3/21', 0.16, 'Zara.Andrews@etu.edu.tr', '05603270463'),
(19010301, 'Chloe', 'Greer', '2000/10/10', 1, '2019/6/7', 1.26, 'Chloe.Greer@etu.edu.tr', '05248430034'),
(21030203, 'Marley', 'Weiss', '2002/12/21', 0, '2021/3/2', 1.20, 'Marley.Weiss@etu.edu.tr', '05731561936'),
(19020102, 'Terry', 'Marsh', '1997/3/22', 0, '2019/8/28', 3.10, 'Terry.Marsh@etu.edu.tr', '05461512916'),
(18010103, 'Melina', 'Cabrera', '1999/3/11', 1, '2018/1/5', 1.93, 'Melina.Cabrera@etu.edu.tr', '05514613198'),
(20030204, 'Tristan', 'Price', '2001/1/6', 0, '2020/2/16', 2.52, 'Tristan.Price@etu.edu.tr', '05104295621'),
(18010204, 'Braeden', 'Gonzalez', '2000/11/7', 0, '2018/4/22', 0.68, 'Braeden.Gonzalez@etu.edu.tr', '05980078961'),
(22010304, 'Gage', 'Berg', '2004/7/15', 0, '2022/2/20', 1.40, 'Gage.Berg@etu.edu.tr', '05410028973'),
(20020207, 'Macey', 'Nunez', '2002/10/7', 1, '2020/2/11', 3.59, 'Macey.Nunez@etu.edu.tr', '05928080334'),
(18010104, 'Giuliana', 'Walker', '1997/2/5', 1, '2018/1/5', 1.55, 'Giuliana.Walker@etu.edu.tr', '05680498008'),
(21020203, 'Aleena', 'Leach', '1999/3/15', 1, '2021/8/4', 3.49, 'Aleena.Leach@etu.edu.tr', '05537099653'),
(18030102, 'Tyler', 'Herman', '1998/10/17', 0, '2018/1/5', 2.76, 'Tyler.Herman@etu.edu.tr', '05165279668'),
(21030204, 'Britney', 'Erickson', '2001/10/4', 1, '2021/8/13', 0.89, 'Britney.Erickson@etu.edu.tr', '05829103383'),
(18020301, 'Saniya', 'Shannon', '1999/10/28', 1, '2018/5/7', 2.21, 'Saniya.Shannon@etu.edu.tr', '05795612899'),
(19030304, 'Ronan', 'Wong', '1997/11/4', 0, '2019/9/10', 2.56, 'Ronan.Wong@etu.edu.tr', '05413162763'),
(22010203, 'Sylvia', 'Burns', '2001/1/24', 1, '2022/3/12', 1.69, 'Sylvia.Burns@etu.edu.tr', '05007109444'),
(18020102, 'Kaya', 'Stokes', '2000/9/15', 1, '2018/7/1', 2.80, 'Kaya.Stokes@etu.edu.tr', '05736557622'),
(20020103, 'Gauge', 'Jordan', '1999/10/5', 0, '2020/7/4', 0.65, 'Gauge.Jordan@etu.edu.tr', '05999246426'),
(22020303, 'Sophia', 'Fowler', '2002/1/3', 1, '2022/7/16', 2.57, 'Sophia.Fowler@etu.edu.tr', '05414903473'),
(19020203, 'Averie', 'Brewer', '1999/3/12', 1, '2019/6/11', 2.06, 'Averie.Brewer@etu.edu.tr', '05025269987'),
(19010202, 'Callum', 'Dudley', '2001/7/13', 0, '2019/2/5', 1.13, 'Callum.Dudley@etu.edu.tr', '05583806203'),
(20010102, 'Brynlee', 'Frazier', '2000/6/17', 1, '2020/6/16', 0.29, 'Brynlee.Frazier@etu.edu.tr', '05588257055'),
(22030203, 'Nasir', 'Floyd', '2000/8/13', 0, '2022/3/2', 0.81, 'Nasir.Floyd@etu.edu.tr', '05840712818'),
(19010203, 'Addison', 'Costa', '1999/8/25', 0, '2019/5/7', 1.24, 'Addison.Costa@etu.edu.tr', '05397204950'),
(22010305, 'Zachery', 'Mejia', '2001/6/3', 0, '2022/9/5', 1.94, 'Zachery.Mejia@etu.edu.tr', '05840024592'),
(20020104, 'Amber', 'Terrell', '1998/5/6', 1, '2020/4/2', 3.62, 'Amber.Terrell@etu.edu.tr', '05348337753'),
(18010205, 'London', 'Lyons', '1999/10/19', 1, '2018/5/10', 3.16, 'London.Lyons@etu.edu.tr', '05183581060'),
(21030205, 'Aidan', 'Bryant', '2003/1/19', 0, '2021/6/10', 0.80, 'Aidan.Bryant@etu.edu.tr', '05539834652'),
(20010306, 'Odin', 'Miranda', '2001/10/18', 0, '2020/8/20', 1.52, 'Odin.Miranda@etu.edu.tr', '05626860596'),
(19030105, 'Kyler', 'Goodwin', '2001/11/13', 0, '2019/8/4', 3.86, 'Kyler.Goodwin@etu.edu.tr', '05389640537'),
(20010204, 'Lilyana', 'Owens', '2000/6/6', 1, '2020/9/2', 1.16, 'Lilyana.Owens@etu.edu.tr', '05725950462'),
(21020302, 'Beau', 'Oconnell', '2001/8/4', 0, '2021/5/4', 3.46, 'Beau.Oconnell@etu.edu.tr', '05259934090'),
(18020103, 'Rylan', 'Newman', '1998/7/17', 0, '2018/6/16', 0.86, 'Rylan.Newman@etu.edu.tr', '05317778033'),
(22010103, 'Melissa', 'Potts', '2003/11/3', 1, '2022/3/22', 2.35, 'Melissa.Potts@etu.edu.tr', '05357046326'),
(18010105, 'Kenya', 'Mosley', '1999/4/7', 1, '2018/6/19', 2.86, 'Kenya.Mosley@etu.edu.tr', '05316480394'),
(20020105, 'Ethen', 'Williams', '2002/2/5', 0, '2020/7/3', 2.84, 'Ethen.Williams@etu.edu.tr', '05908213497'),
(19010302, 'Ada', 'Dougherty', '2001/1/12', 1, '2019/7/11', 0.83, 'Ada.Dougherty@etu.edu.tr', '05870391575'),
(20030205, 'Kimora', 'Brandt', '2000/12/17', 1, '2020/4/15', 1.86, 'Kimora.Brandt@etu.edu.tr', '05461124151'),
(18030103, 'Mathias', 'Lopez', '1997/2/12', 0, '2018/9/1', 2.78, 'Mathias.Lopez@etu.edu.tr', '05633099527'),
(20010205, 'Rashad', 'Andrade', '1998/12/7', 0, '2020/2/20', 1.39, 'Rashad.Andrade@etu.edu.tr', '05514552527'),
(22020102, 'Carmelo', 'Gaines', '2004/8/18', 0, '2022/2/19', 3.79, 'Carmelo.Gaines@etu.edu.tr', '05995014776'),
(20020106, 'Raina', 'Morse', '2001/12/2', 1, '2020/8/28', 2.76, 'Raina.Morse@etu.edu.tr', '05931014830'),
(18020202, 'Blaze', 'Mcdonald', '2000/8/22', 0, '2018/6/15', 1.73, 'Blaze.Mcdonald@etu.edu.tr', '05603509451'),
(19020103, 'Angela', 'Norman', '2000/3/18', 1, '2019/2/4', 3.56, 'Angela.Norman@etu.edu.tr', '05380824223'),
(20030304, 'Shawn', 'Morton', '2000/3/24', 0, '2020/3/24', 0.53, 'Shawn.Morton@etu.edu.tr', '05363646551'),
(18010206, 'Colten', 'Garcia', '1997/5/24', 0, '2018/5/4', 2.91, 'Colten.Garcia@etu.edu.tr', '05046746502'),
(18020203, 'Jalen', 'Hanna', '2000/12/7', 0, '2018/9/6', 0.76, 'Jalen.Hanna@etu.edu.tr', '05073644904'),
(18010106, 'Jaylin', 'Butler', '1997/7/12', 0, '2018/5/3', 0.54, 'Jaylin.Butler@etu.edu.tr', '05889329429'),
(19030203, 'Khloe', 'Branch', '1998/8/9', 1, '2019/1/16', 1.63, 'Khloe.Branch@etu.edu.tr', '05697194371'),
(18020204, 'Cory', 'Crosby', '1998/12/9', 0, '2018/4/13', 0.15, 'Cory.Crosby@etu.edu.tr', '05750704616'),
(20020302, 'Sarahi', 'Kennedy', '2002/5/26', 1, '2020/6/15', 2.59, 'Sarahi.Kennedy@etu.edu.tr', '05307787021'),
(18020205, 'Savanah', 'Hays', '1997/12/20', 1, '2018/2/20', 0.38, 'Savanah.Hays@etu.edu.tr', '05941419261'),
(21020303, 'Faith', 'Gordon', '2003/10/24', 1, '2021/4/8', 1.32, 'Faith.Gordon@etu.edu.tr', '05068084527'),
(20010206, 'Yandel', 'Stanley', '2002/6/12', 0, '2020/2/11', 1.80, 'Yandel.Stanley@etu.edu.tr', '05530214088'),
(20020208, 'Samson', 'Hoffman', '2000/7/2', 0, '2020/5/23', 1.56, 'Samson.Hoffman@etu.edu.tr', '05047238038'),
(18010207, 'Glenn', 'Nelson', '1997/8/5', 0, '2018/7/11', 1.35, 'Glenn.Nelson@etu.edu.tr', '05939469488'),
(21010104, 'Braylon', 'Wright', '2001/11/1', 0, '2021/9/6', 2.72, 'Braylon.Wright@etu.edu.tr', '05906504516'),
(20020303, 'Iliana', 'Kelly', '1999/10/5', 1, '2020/5/6', 3.00, 'Iliana.Kelly@etu.edu.tr', '05892745081'),
(19030106, 'Evan', 'Blair', '2001/6/17', 0, '2019/7/2', 2.14, 'Evan.Blair@etu.edu.tr', '05809687902'),
(22030104, 'Cortez', 'Molina', '2004/6/5', 0, '2022/6/10', 2.30, 'Cortez.Molina@etu.edu.tr', '05522841126'),
(21010105, 'Nyasia', 'Alvarez', '2001/3/22', 1, '2021/3/28', 2.36, 'Nyasia.Alvarez@etu.edu.tr', '05804811067'),
(20010207, 'Irvin', 'Higgins', '1998/4/2', 0, '2020/2/4', 3.38, 'Irvin.Higgins@etu.edu.tr', '05964843639'),
(19010102, 'August', 'Hensley', '2001/5/11', 0, '2019/6/5', 2.31, 'August.Hensley@etu.edu.tr', '05206131424'),
(19030107, 'Jazmin', 'Swanson', '1999/12/16', 1, '2019/5/6', 2.88, 'Jazmin.Swanson@etu.edu.tr', '05175133310'),
(22030105, 'Adrian', 'Mccall', '2000/6/14', 0, '2022/1/17', 1.09, 'Adrian.Mccall@etu.edu.tr', '05333536600'),
(22020304, 'Bridget', 'Simmons', '2001/3/15', 1, '2022/3/8', 1.70, 'Bridget.Simmons@etu.edu.tr', '05301915570'),
(22030204, 'Andrea', 'Mckay', '2000/9/7', 1, '2022/7/3', 3.84, 'Andrea.Mckay@etu.edu.tr', '05045042718'),
(22010104, 'Neil', 'Rowland', '2003/2/26', 0, '2022/7/17', 3.37, 'Neil.Rowland@etu.edu.tr', '05484523889'),
(21020204, 'Karla', 'Cowan', '2003/10/15', 1, '2021/3/12', 1.81, 'Karla.Cowan@etu.edu.tr', '05818232677'),
(21010106, 'Carlee', 'Sellers', '2003/4/22', 1, '2021/6/2', 0.16, 'Carlee.Sellers@etu.edu.tr', '05853583673'),
(20010208, 'Ralph', 'Pollard', '1998/8/5', 0, '2020/7/5', 0.12, 'Ralph.Pollard@etu.edu.tr', '05397067574'),
(22020202, 'Isai', 'Waters', '2004/11/2', 0, '2022/6/17', 0.19, 'Isai.Waters@etu.edu.tr', '05020122329'),
(19030108, 'Abril', 'Key', '1997/10/1', 1, '2019/4/16', 0.40, 'Abril.Key@etu.edu.tr', '05047532793'),
(18020302, 'Nash', 'Johnston', '1997/3/6', 0, '2018/8/5', 0.84, 'Nash.Johnston@etu.edu.tr', '05657283797'),
(21020304, 'Bryce', 'Fox', '1999/3/6', 0, '2021/5/14', 3.12, 'Bryce.Fox@etu.edu.tr', '05952972985'),
(18030202, 'Jared', 'Rodgers', '1996/7/20', 0, '2018/1/10', 2.85, 'Jared.Rodgers@etu.edu.tr', '05140378873'),
(22010204, 'Abbigail', 'Lawrence', '2000/8/21', 1, '2022/6/7', 1.85, 'Abbigail.Lawrence@etu.edu.tr', '05407040288'),
(20010103, 'Natalee', 'Kelley', '1999/1/19', 1, '2020/6/20', 1.41, 'Natalee.Kelley@etu.edu.tr', '05378250150'),
(19020204, 'Alexandria', 'Marks', '1999/10/16', 1, '2019/7/22', 3.85, 'Alexandria.Marks@etu.edu.tr', '05739264295'),
(21020105, 'Brenna', 'Vaughn', '2003/5/17', 1, '2021/7/24', 3.34, 'Brenna.Vaughn@etu.edu.tr', '05476638961'),
(19020104, 'Logan', 'Dean', '1998/6/6', 1, '2019/7/16', 0.52, 'Logan.Dean@etu.edu.tr', '05271435672'),
(20020304, 'Darren', 'Brock', '1999/2/28', 0, '2020/2/7', 3.16, 'Darren.Brock@etu.edu.tr', '05395786477'),
(22030205, 'Annabelle', 'Bradley', '2003/6/24', 1, '2022/2/15', 1.91, 'Annabelle.Bradley@etu.edu.tr', '05230668843'),
(19030305, 'Trent', 'Guerrero', '1999/4/1', 0, '2019/4/24', 0.43, 'Trent.Guerrero@etu.edu.tr', '05123266328'),
(21030206, 'Kristen', 'Vang', '2000/7/2', 1, '2021/5/27', 0.86, 'Kristen.Vang@etu.edu.tr', '05015415891'),
(19010303, 'Jaquan', 'Sanford', '1997/10/14', 0, '2019/6/6', 1.86, 'Jaquan.Sanford@etu.edu.tr', '05760213292'),
(22010306, 'Martin', 'Quinn', '2002/1/11', 0, '2022/5/19', 0.62, 'Martin.Quinn@etu.edu.tr', '05367720619'),
(22020305, 'Jameson', 'Heath', '2000/8/19', 0, '2022/8/14', 3.59, 'Jameson.Heath@etu.edu.tr', '05039771759'),
(22020103, 'Abdiel', 'Massey', '2000/6/7', 0, '2022/4/26', 3.92, 'Abdiel.Massey@etu.edu.tr', '05134268824'),
(20030206, 'Yamilet', 'Ball', '1999/9/27', 1, '2020/9/27', 1.19, 'Yamilet.Ball@etu.edu.tr', '05185237051'),
(19010304, 'Isis', 'Frank', '1998/9/14', 1, '2019/8/8', 2.54, 'Isis.Frank@etu.edu.tr', '05404771337'),
(22020104, 'Kailee', 'Foley', '2000/8/2', 1, '2022/6/7', 1.67, 'Kailee.Foley@etu.edu.tr', '05288203670'),
(21030207, 'Jordyn', 'Bowman', '2000/8/14', 0, '2021/7/1', 2.22, 'Jordyn.Bowman@etu.edu.tr', '05616038435'),
(19020205, 'Yusuf', 'York', '2001/2/25', 0, '2019/9/11', 1.56, 'Yusuf.York@etu.edu.tr', '05864136547'),
(19010103, 'Dorian', 'Fleming', '1998/1/13', 0, '2019/5/22', 0.98, 'Dorian.Fleming@etu.edu.tr', '05731767897'),
(20030207, 'Louis', 'Armstrong', '2002/7/3', 0, '2020/7/22', 0.65, 'Louis.Armstrong@etu.edu.tr', '05420235339'),
(22020105, 'Ryker', 'Sheppard', '2003/9/9', 0, '2022/9/13', 3.28, 'Ryker.Sheppard@etu.edu.tr', '05153888177'),
(22020306, 'Wesley', 'Long', '2002/11/20', 0, '2022/9/9', 1.18, 'Wesley.Long@etu.edu.tr', '05180489897'),
(19010204, 'Rory', 'Paul', '1998/3/26', 0, '2019/7/2', 2.26, 'Rory.Paul@etu.edu.tr', '05356681019'),
(18010304, 'Desmond', 'Roberts', '1998/9/16', 0, '2018/2/9', 3.60, 'Desmond.Roberts@etu.edu.tr', '05181925590'),
(19020304, 'Neveah', 'Espinoza', '1999/5/23', 1, '2019/9/17', 1.24, 'Neveah.Espinoza@etu.edu.tr', '05637851060'),
(20010307, 'Josh', 'Simon', '1998/10/2', 0, '2020/3/2', 0.09, 'Josh.Simon@etu.edu.tr', '05295261694'),
(19020206, 'Breanna', 'Wagner', '1997/11/4', 1, '2019/9/8', 0.49, 'Breanna.Wagner@etu.edu.tr', '05129024969'),
(20020107, 'Maeve', 'Potter', '2000/8/21', 1, '2020/2/9', 1.90, 'Maeve.Potter@etu.edu.tr', '05466073050'),
(22010307, 'Tobias', 'Benjamin', '2002/12/26', 0, '2022/7/8', 0.34, 'Tobias.Benjamin@etu.edu.tr', '05162899587'),
(18010107, 'Maleah', 'Choi', '2000/4/12', 1, '2018/8/17', 1.95, 'Maleah.Choi@etu.edu.tr', '05073761860'),
(20020305, 'Alani', 'Bennett', '2001/1/1', 1, '2020/9/2', 1.14, 'Alani.Bennett@etu.edu.tr', '05641689418'),
(20010104, 'Zayden', 'Santiago', '1999/3/14', 0, '2020/6/19', 0.06, 'Zayden.Santiago@etu.edu.tr', '05162497351'),
(19030109, 'Cherish', 'Rice', '2000/3/23', 1, '2019/2/14', 3.85, 'Cherish.Rice@etu.edu.tr', '05132932762'),
(20030305, 'Devyn', 'Walls', '2000/9/20', 0, '2020/7/11', 3.21, 'Devyn.Walls@etu.edu.tr', '05737057018'),
(21020205, 'Charles', 'Nash', '2000/7/19', 0, '2021/5/12', 1.28, 'Charles.Nash@etu.edu.tr', '05202629760'),
(22010105, 'Blake', 'Alvarado', '2002/7/13', 0, '2022/3/17', 0.93, 'Blake.Alvarado@etu.edu.tr', '05138949210'),
(19020207, 'Rosemary', 'Zhang', '1997/4/13', 1, '2019/5/24', 1.45, 'Rosemary.Zhang@etu.edu.tr', '05170938188'),
(22020203, 'Mike', 'Shea', '2001/11/16', 0, '2022/5/1', 0.29, 'Mike.Shea@etu.edu.tr', '05699514956'),
(22030106, 'Zaiden', 'Pittman', '2002/3/26', 0, '2022/9/4', 2.37, 'Zaiden.Pittman@etu.edu.tr', '05480072866'),
(21010303, 'Cassidy', 'Meyers', '2003/4/1', 1, '2021/9/27', 2.97, 'Cassidy.Meyers@etu.edu.tr', '05462630737'),
(19030306, 'Ean', 'Ellis', '1999/4/5', 0, '2019/6/7', 3.32, 'Ean.Ellis@etu.edu.tr', '05889548477'),
(21030208, 'Antwan', 'Orr', '2002/7/23', 0, '2021/2/25', 0.56, 'Antwan.Orr@etu.edu.tr', '05337533821'),
(20010209, 'Kennedi', 'Ayers', '1998/5/10', 1, '2020/4/1', 2.38, 'Kennedi.Ayers@etu.edu.tr', '05750490869'),
(19030110, 'Aspen', 'Meyer', '1999/10/16', 1, '2019/1/21', 2.38, 'Aspen.Meyer@etu.edu.tr', '05394074479'),
(18010208, 'Larissa', 'Livingston', '2000/6/11', 1, '2018/4/21', 2.01, 'Larissa.Livingston@etu.edu.tr', '05727079096'),
(19010305, 'Tiana', 'Boone', '1999/3/19', 1, '2019/4/10', 1.45, 'Tiana.Boone@etu.edu.tr', '05548020231'),
(22010205, 'Hailey', 'Zavala', '2003/2/24', 1, '2022/3/23', 3.08, 'Hailey.Zavala@etu.edu.tr', '05644691717'),
(21020106, 'Kadyn', 'Schwartz', '2002/10/24', 0, '2021/2/18', 2.51, 'Kadyn.Schwartz@etu.edu.tr', '05048869853'),
(18010305, 'Jacquelyn', 'Calhoun', '1996/5/9', 1, '2018/3/13', 0.86, 'Jacquelyn.Calhoun@etu.edu.tr', '05354165667'),
(22030302, 'Mariah', 'Mcintosh', '2002/2/22', 1, '2022/1/22', 0.32, 'Mariah.Mcintosh@etu.edu.tr', '05571965999'),
(19020208, 'Gunner', 'Cole', '1999/3/17', 0, '2019/3/9', 3.58, 'Gunner.Cole@etu.edu.tr', '05770607032'),
(22020106, 'Karley', 'Farmer', '2002/8/18', 1, '2022/1/4', 2.55, 'Karley.Farmer@etu.edu.tr', '05440327577'),
(19030111, 'Athena', 'Sparks', '2001/1/14', 1, '2019/8/27', 0.11, 'Athena.Sparks@etu.edu.tr', '05151027735'),
(20020108, 'Alyssa', 'Savage', '1999/6/12', 1, '2020/5/14', 1.61, 'Alyssa.Savage@etu.edu.tr', '05485148509'),
(21020107, 'Jamari', 'Holland', '2000/9/2', 0, '2021/7/19', 0.53, 'Jamari.Holland@etu.edu.tr', '05509447999'),
(19030112, 'Jeramiah', 'Roy', '2001/8/25', 0, '2019/5/16', 0.63, 'Jeramiah.Roy@etu.edu.tr', '05743070037'),
(20020109, 'Cecilia', 'Hatfield', '1998/1/9', 1, '2020/7/14', 3.20, 'Cecilia.Hatfield@etu.edu.tr', '05311594647'),
(21030306, 'Moises', 'Richmond', '1999/8/19', 0, '2021/6/4', 1.12, 'Moises.Richmond@etu.edu.tr', '05699531757'),
(19020305, 'Humberto', 'Goodman', '2001/6/16', 0, '2019/3/5', 3.50, 'Humberto.Goodman@etu.edu.tr', '05375468082'),
(21010203, 'Arnav', 'Charles', '2002/8/20', 0, '2021/6/27', 3.41, 'Arnav.Charles@etu.edu.tr', '05309825978'),
(21020108, 'Barrett', 'Allen', '1999/9/27', 0, '2021/5/1', 1.94, 'Barrett.Allen@etu.edu.tr', '05383697818'),
(19030113, 'Edgar', 'Ferguson', '1997/3/28', 0, '2019/6/5', 0.82, 'Edgar.Ferguson@etu.edu.tr', '05627711471'),
(21030209, 'Darien', 'Daniels', '2000/4/22', 0, '2021/6/10', 0.04, 'Darien.Daniels@etu.edu.tr', '05428987556'),
(22020204, 'Courtney', 'Blanchard', '2002/4/22', 1, '2022/1/7', 3.17, 'Courtney.Blanchard@etu.edu.tr', '05284709081'),
(21020109, 'Luke', 'Ware', '1999/8/24', 0, '2021/9/24', 0.18, 'Luke.Ware@etu.edu.tr', '05560434694'),
(22020205, 'Brenda', 'Huber', '2003/10/11', 1, '2022/1/20', 3.85, 'Brenda.Huber@etu.edu.tr', '05786418329'),
(20020110, 'Harrison', 'French', '2000/5/23', 0, '2020/9/27', 2.63, 'Harrison.French@etu.edu.tr', '05570485146'),
(18020303, 'Skyler', 'Kaufman', '1999/3/23', 1, '2018/2/6', 0.96, 'Skyler.Kaufman@etu.edu.tr', '05451631645'),
(18030303, 'Nora', 'Jacobson', '1998/5/25', 1, '2018/9/5', 0.31, 'Nora.Jacobson@etu.edu.tr', '05095187273'),
(20010105, 'Claudia', 'Lane', '1999/3/3', 1, '2020/5/14', 1.77, 'Claudia.Lane@etu.edu.tr', '05823771353'),
(18010209, 'Antonio', 'Dodson', '1999/2/13', 0, '2018/9/28', 1.01, 'Antonio.Dodson@etu.edu.tr', '05451879936'),
(21020110, 'Bailee', 'Ibarra', '2001/5/6', 1, '2021/2/13', 3.24, 'Bailee.Ibarra@etu.edu.tr', '05177967603'),
(21020111, 'Holden', 'Galloway', '2002/1/26', 0, '2021/3/5', 0.02, 'Holden.Galloway@etu.edu.tr', '05182678209'),
(18010306, 'Noe', 'Mcmahon', '1999/6/3', 0, '2018/1/8', 0.23, 'Noe.Mcmahon@etu.edu.tr', '05163583310'),
(19030114, 'Lena', 'Raymond', '2000/3/4', 1, '2019/2/7', 3.61, 'Lena.Raymond@etu.edu.tr', '05606299722'),
(20020111, 'Emmy', 'Whitehead', '2000/1/16', 1, '2020/2/9', 0.39, 'Emmy.Whitehead@etu.edu.tr', '05810425058'),
(19030307, 'Teagan', 'Davis', '2000/7/3', 0, '2019/9/8', 1.01, 'Teagan.Davis@etu.edu.tr', '05233263829'),
(20020209, 'Maia', 'Ayala', '1999/6/27', 1, '2020/6/19', 1.78, 'Maia.Ayala@etu.edu.tr', '05485340466'),
(20010106, 'Giovanni', 'Fields', '1999/10/13', 0, '2020/9/14', 2.91, 'Giovanni.Fields@etu.edu.tr', '05323825542'),
(22010308, 'Kailey', 'Bender', '2000/8/28', 1, '2022/1/18', 0.66, 'Kailey.Bender@etu.edu.tr', '05651670950'),
(19010306, 'Landon', 'Norton', '2000/5/10', 0, '2019/3/1', 0.69, 'Landon.Norton@etu.edu.tr', '05816346812'),
(20010308, 'Molly', 'Stevenson', '1998/11/4', 1, '2020/3/15', 2.03, 'Molly.Stevenson@etu.edu.tr', '05134942987'),
(19010104, 'Steven', 'Whitney', '1998/7/27', 0, '2019/5/10', 3.24, 'Steven.Whitney@etu.edu.tr', '05964879701'),
(21030307, 'Yael', 'Michael', '2003/12/28', 0, '2021/4/6', 1.62, 'Yael.Michael@etu.edu.tr', '05407218395'),
(19030308, 'Freddy', 'Gardner', '1998/1/28', 0, '2019/8/14', 0.03, 'Freddy.Gardner@etu.edu.tr', '05143609904'),
(18020206, 'Alessandro', 'Johns', '1998/7/2', 0, '2018/1/5', 0.37, 'Alessandro.Johns@etu.edu.tr', '05722222373'),
(21020112, 'Braydon', 'Valenzuela', '2003/11/22', 0, '2021/5/19', 3.67, 'Braydon.Valenzuela@etu.edu.tr', '05611132527'),
(21010204, 'Valery', 'Garrett', '2001/11/1', 1, '2021/9/17', 1.12, 'Valery.Garrett@etu.edu.tr', '05685811508'),
(21030106, 'Lewis', 'Gillespie', '2001/7/24', 0, '2021/8/18', 0.09, 'Lewis.Gillespie@etu.edu.tr', '05966348763'),
(21020113, 'Madilynn', 'Harrington', '2002/9/9', 1, '2021/4/2', 0.61, 'Madilynn.Harrington@etu.edu.tr', '05495447512'),
(21020114, 'Alaina', 'Wu', '2003/10/6', 1, '2021/6/21', 1.79, 'Alaina.Wu@etu.edu.tr', '05143289383'),
(21010304, 'Annabella', 'Hardin', '1999/4/25', 1, '2021/6/23', 0.51, 'Annabella.Hardin@etu.edu.tr', '05839093801'),
(21030107, 'Yesenia', 'Barr', '2002/12/18', 1, '2021/1/10', 2.44, 'Yesenia.Barr@etu.edu.tr', '05173247568'),
(20030306, 'Eddie', 'Townsend', '2000/7/7', 0, '2020/7/23', 1.78, 'Eddie.Townsend@etu.edu.tr', '05414511040'),
(18010108, 'Ashton', 'Barnes', '2000/3/26', 0, '2018/8/12', 3.68, 'Ashton.Barnes@etu.edu.tr', '05260092446'),
(19020209, 'Anna', 'Calderon', '1999/9/16', 1, '2019/7/14', 2.16, 'Anna.Calderon@etu.edu.tr', '05265224125'),
(18010210, 'Zion', 'Knox', '2000/1/13', 0, '2018/6/23', 1.79, 'Zion.Knox@etu.edu.tr', '05453845395'),
(22020107, 'Skylar', 'Reese', '2004/1/4', 0, '2022/9/11', 1.05, 'Skylar.Reese@etu.edu.tr', '05012172132'),
(22020307, 'Brock', 'Finley', '2000/9/16', 0, '2022/4/21', 3.59, 'Brock.Finley@etu.edu.tr', '05647300725'),
(21010205, 'Jakobe', 'Gallegos', '2001/6/20', 0, '2021/9/13', 2.88, 'Jakobe.Gallegos@etu.edu.tr', '05300705921'),
(19030115, 'Nathalie', 'Villarreal', '1998/8/18', 1, '2019/1/18', 1.71, 'Nathalie.Villarreal@etu.edu.tr', '05370116193'),
(19030204, 'Raquel', 'Love', '1999/2/26', 1, '2019/6/10', 0.33, 'Raquel.Love@etu.edu.tr', '05341845754'),
(22010206, 'Josephine', 'Pearson', '2003/1/18', 1, '2022/9/16', 0.30, 'Josephine.Pearson@etu.edu.tr', '05760406569'),
(20030307, 'Cael', 'Ford', '1998/3/14', 0, '2020/5/21', 2.90, 'Cael.Ford@etu.edu.tr', '05757382907'),
(20020306, 'Amina', 'Richards', '1999/2/22', 1, '2020/4/18', 2.02, 'Amina.Richards@etu.edu.tr', '05728868621'),
(21030308, 'Deon', 'Mckinney', '2001/11/20', 0, '2021/5/12', 2.93, 'Deon.Mckinney@etu.edu.tr', '05211578442'),
(18020104, 'Alena', 'Mathews', '1997/4/2', 1, '2018/4/25', 2.71, 'Alena.Mathews@etu.edu.tr', '05330735948'),
(22020308, 'Gabriela', 'Adkins', '2001/7/10', 1, '2022/2/8', 2.10, 'Gabriela.Adkins@etu.edu.tr', '05427351584'),
(19020306, 'Jaydon', 'Kramer', '2001/9/20', 0, '2019/5/20', 0.33, 'Jaydon.Kramer@etu.edu.tr', '05025028965'),
(18020105, 'Alicia', 'Fuller', '1996/10/10', 1, '2018/6/14', 2.87, 'Alicia.Fuller@etu.edu.tr', '05741903282'),
(21010305, 'Hadassah', 'Hayes', '2000/9/14', 1, '2021/5/8', 2.45, 'Hadassah.Hayes@etu.edu.tr', '05835709187'),
(18010109, 'America', 'Carr', '2000/12/22', 1, '2018/4/12', 2.92, 'America.Carr@etu.edu.tr', '05142565238'),
(20020210, 'Charity', 'Nguyen', '2001/7/27', 1, '2020/6/7', 1.28, 'Charity.Nguyen@etu.edu.tr', '05473935104'),
(22020206, 'Irene', 'Jarvis', '2001/11/16', 1, '2022/4/10', 2.98, 'Irene.Jarvis@etu.edu.tr', '05190445835'),
(22030107, 'Esmeralda', 'Padilla', '2001/6/9', 1, '2022/1/5', 1.75, 'Esmeralda.Padilla@etu.edu.tr', '05719217440'),
(18010211, 'Sonny', 'Benitez', '2000/1/7', 0, '2018/4/27', 2.05, 'Sonny.Benitez@etu.edu.tr', '05323693005'),
(20010210, 'Aniya', 'Ortiz', '2000/1/28', 1, '2020/3/24', 0.09, 'Aniya.Ortiz@etu.edu.tr', '05605109529'),
(22030108, 'Eliezer', 'Carrillo', '2000/12/9', 0, '2022/6/16', 2.78, 'Eliezer.Carrillo@etu.edu.tr', '05356063182'),
(19030205, 'Nola', 'Cooper', '1999/12/12', 1, '2019/4/2', 2.72, 'Nola.Cooper@etu.edu.tr', '05333412830'),
(22020207, 'Jonas', 'Bullock', '2001/2/15', 0, '2022/5/16', 0.52, 'Jonas.Bullock@etu.edu.tr', '05541221283'),
(18030203, 'Kaelyn', 'Hernandez', '1998/6/20', 1, '2018/8/5', 2.41, 'Kaelyn.Hernandez@etu.edu.tr', '05224830727'),
(22020208, 'Azaria', 'Lynn', '2000/6/22', 1, '2022/7/5', 2.80, 'Azaria.Lynn@etu.edu.tr', '05331572349'),
(20010211, 'Johnny', 'Barber', '2002/5/6', 0, '2020/5/20', 1.20, 'Johnny.Barber@etu.edu.tr', '05676245528'),
(18020304, 'Solomon', 'Marquez', '1998/5/9', 0, '2018/5/22', 0.11, 'Solomon.Marquez@etu.edu.tr', '05800457552'),
(18030204, 'Eric', 'West', '1998/7/10', 0, '2018/5/1', 3.49, 'Eric.West@etu.edu.tr', '05208565257'),
(22010207, 'Reina', 'Rogers', '2001/11/20', 1, '2022/3/13', 3.93, 'Reina.Rogers@etu.edu.tr', '05581249892'),
(21010306, 'Harley', 'Chan', '2003/7/12', 0, '2021/8/11', 1.25, 'Harley.Chan@etu.edu.tr', '05531588844'),
(19020307, 'Jaylee', 'Murphy', '1998/1/8', 1, '2019/3/9', 3.17, 'Jaylee.Murphy@etu.edu.tr', '05103205413'),
(21030108, 'Spencer', 'Reilly', '2002/9/15', 0, '2021/2/26', 3.96, 'Spencer.Reilly@etu.edu.tr', '05402475230'),
(18010110, 'Araceli', 'Russell', '1999/8/27', 1, '2018/7/8', 0.55, 'Araceli.Russell@etu.edu.tr', '05600572658'),
(19020105, 'Ariel', 'Riley', '1999/5/12', 0, '2019/8/11', 2.11, 'Ariel.Riley@etu.edu.tr', '05737803106'),
(20010309, 'Makaila', 'Fitzgerald', '1999/3/13', 1, '2020/7/25', 3.25, 'Makaila.Fitzgerald@etu.edu.tr', '05165508298'),
(22020209, 'Evie', 'Haney', '2002/1/17', 1, '2022/1/23', 3.72, 'Evie.Haney@etu.edu.tr', '05984710562'),
(21010107, 'Mark', 'Braun', '1999/1/27', 0, '2021/2/13', 0.05, 'Mark.Braun@etu.edu.tr', '05350654428'),
(20020112, 'Tanner', 'Rivera', '2002/6/23', 0, '2020/6/12', 2.00, 'Tanner.Rivera@etu.edu.tr', '05541948133'),
(19010105, 'Dayanara', 'Ellison', '1998/10/16', 1, '2019/7/15', 2.94, 'Dayanara.Ellison@etu.edu.tr', '05644197898'),
(20030103, 'Alec', 'Day', '2001/1/3', 0, '2020/6/7', 2.36, 'Alec.Day@etu.edu.tr', '05594583101'),
(18020207, 'Mohamed', 'Grimes', '1996/1/17', 0, '2018/3/27', 1.48, 'Mohamed.Grimes@etu.edu.tr', '05962327991'),
(21020206, 'Deanna', 'Haley', '2003/4/14', 1, '2021/5/3', 0.71, 'Deanna.Haley@etu.edu.tr', '05544205211'),
(22030109, 'Caden', 'Glenn', '2000/4/18', 0, '2022/9/28', 3.72, 'Caden.Glenn@etu.edu.tr', '05863693258'),
(22010309, 'Monserrat', 'Stevens', '2001/11/22', 1, '2022/9/3', 3.58, 'Monserrat.Stevens@etu.edu.tr', '05798654303'),
(22030303, 'Amari', 'Logan', '2004/5/4', 1, '2022/4/20', 2.91, 'Amari.Logan@etu.edu.tr', '05995992303'),
(18020106, 'Caitlyn', 'Graves', '1999/2/13', 1, '2018/4/19', 1.90, 'Caitlyn.Graves@etu.edu.tr', '05058503886'),
(20010310, 'Cassie', 'Farley', '1998/9/26', 1, '2020/4/18', 1.78, 'Cassie.Farley@etu.edu.tr', '05219308666'),
(21030109, 'Micah', 'Brady', '1999/6/7', 0, '2021/2/27', 2.43, 'Micah.Brady@etu.edu.tr', '05593505698'),
(19020106, 'Leandro', 'Vance', '1997/6/25', 0, '2019/1/28', 3.35, 'Leandro.Vance@etu.edu.tr', '05135031731'),
(22030206, 'Deangelo', 'Benton', '2003/11/23', 0, '2022/1/20', 2.22, 'Deangelo.Benton@etu.edu.tr', '05702881147'),
(19030116, 'Dakota', 'Meza', '1997/5/17', 1, '2019/2/14', 1.95, 'Dakota.Meza@etu.edu.tr', '05295017685'),
(19010106, 'Nevaeh', 'Booker', '1999/11/20', 1, '2019/9/19', 3.85, 'Nevaeh.Booker@etu.edu.tr', '05723813186'),
(20030208, 'Mitchell', 'Snow', '1999/2/15', 0, '2020/1/3', 2.32, 'Mitchell.Snow@etu.edu.tr', '05570795241'),
(19010205, 'Maya', 'Mccann', '2000/10/19', 1, '2019/2/5', 1.49, 'Maya.Mccann@etu.edu.tr', '05779343790'),
(21020115, 'German', 'Burgess', '2000/7/1', 0, '2021/1/16', 3.30, 'German.Burgess@etu.edu.tr', '05830034698'),
(20030104, 'Dana', 'Callahan', '2002/2/9', 1, '2020/6/2', 0.20, 'Dana.Callahan@etu.edu.tr', '05500053323'),
(21030210, 'Arthur', 'Lang', '1999/2/19', 0, '2021/6/17', 0.03, 'Arthur.Lang@etu.edu.tr', '05236411161'),
(20020113, 'Lukas', 'Proctor', '1999/7/13', 0, '2020/6/18', 0.44, 'Lukas.Proctor@etu.edu.tr', '05078448439'),
(21010307, 'Phoenix', 'Elliott', '2001/6/12', 0, '2021/6/17', 0.88, 'Phoenix.Elliott@etu.edu.tr', '05199003318'),
(19010206, 'Devan', 'Wilkinson', '2001/11/14', 0, '2019/4/7', 1.66, 'Devan.Wilkinson@etu.edu.tr', '05150054303'),
(19010307, 'Danika', 'Cox', '2000/7/19', 1, '2019/4/13', 3.49, 'Danika.Cox@etu.edu.tr', '05174877254'),
(18010307, 'Alayna', 'Mcdaniel', '1999/11/9', 1, '2018/3/16', 2.65, 'Alayna.Mcdaniel@etu.edu.tr', '05686744084'),
(20030105, 'Fatima', 'Carpenter', '1998/2/7', 1, '2020/6/25', 1.60, 'Fatima.Carpenter@etu.edu.tr', '05047133030'),
(19030309, 'Tyrese', 'Hunter', '2001/6/17', 0, '2019/9/26', 1.71, 'Tyrese.Hunter@etu.edu.tr', '05355241075'),
(20030209, 'Sage', 'Anderson', '2000/10/26', 1, '2020/3/11', 3.87, 'Sage.Anderson@etu.edu.tr', '05270375247'),
(20030308, 'Edwin', 'Morales', '2001/11/2', 0, '2020/5/22', 2.50, 'Edwin.Morales@etu.edu.tr', '05555305548'),
(22010106, 'Bianca', 'Romero', '2003/11/8', 1, '2022/8/6', 2.78, 'Bianca.Romero@etu.edu.tr', '05281804299'),
(18020305, 'Laney', 'Cameron', '1996/9/7', 1, '2018/9/19', 2.92, 'Laney.Cameron@etu.edu.tr', '05201610771'),
(20020114, 'Kenyon', 'Underwood', '2002/4/5', 0, '2020/3/18', 3.54, 'Kenyon.Underwood@etu.edu.tr', '05656553204'),
(18030104, 'Alexzander', 'Hayden', '1996/12/28', 0, '2018/8/19', 3.05, 'Alexzander.Hayden@etu.edu.tr', '05467238730'),
(18010212, 'Gia', 'Wilkerson', '1998/7/28', 1, '2018/1/10', 2.18, 'Gia.Wilkerson@etu.edu.tr', '05045470023'),
(20030309, 'Braelyn', 'Reyes', '1998/8/11', 1, '2020/2/11', 0.09, 'Braelyn.Reyes@etu.edu.tr', '05598462703'),
(20010311, 'Elsa', 'Mccoy', '1999/3/2', 1, '2020/7/11', 2.58, 'Elsa.Mccoy@etu.edu.tr', '05413477271'),
(21030211, 'Jovanni', 'Martin', '2000/11/22', 0, '2021/5/17', 2.49, 'Jovanni.Martin@etu.edu.tr', '05842941199'),
(21010108, 'Jaron', 'Vasquez', '2001/7/9', 0, '2021/1/10', 0.76, 'Jaron.Vasquez@etu.edu.tr', '05599660635'),
(19010207, 'Michelle', 'Melton', '1997/9/20', 1, '2019/5/25', 2.75, 'Michelle.Melton@etu.edu.tr', '05342300404'),
(20030310, 'Marley', 'Pace', '1999/9/6', 1, '2020/8/15', 3.50, 'Marley.Pace@etu.edu.tr', '05959566581'),
(22010310, 'Taryn', 'Dyer', '2004/4/4', 1, '2022/7/14', 0.45, 'Taryn.Dyer@etu.edu.tr', '05325225222'),
(21030110, 'Sierra', 'Lucas', '1999/7/25', 1, '2021/4/16', 2.55, 'Sierra.Lucas@etu.edu.tr', '05890312462'),
(18010308, 'Karissa', 'King', '1998/7/10', 1, '2018/1/3', 3.76, 'Karissa.King@etu.edu.tr', '05385764160'),
(22030207, 'Lamont', 'Garza', '2001/5/7', 0, '2022/6/11', 0.55, 'Lamont.Garza@etu.edu.tr', '05271430043'),
(19010308, 'Elvis', 'Suarez', '2001/4/22', 0, '2019/7/27', 2.01, 'Elvis.Suarez@etu.edu.tr', '05735044556'),
(19010309, 'Malaki', 'Murillo', '1998/4/3', 0, '2019/3/7', 1.68, 'Malaki.Murillo@etu.edu.tr', '05743947223'),
(19030206, 'Sienna', 'Odonnell', '1998/12/25', 1, '2019/6/8', 3.29, 'Sienna.Odonnell@etu.edu.tr', '05166400460'),
(18020107, 'Scarlett', 'Henson', '2000/12/20', 1, '2018/4/10', 3.05, 'Scarlett.Henson@etu.edu.tr', '05784382032'),
(18010213, 'Briley', 'Roman', '1998/8/9', 1, '2018/8/13', 1.86, 'Briley.Roman@etu.edu.tr', '05787418599'),
(19030310, 'Marina', 'Jones', '1997/2/4', 1, '2019/7/8', 0.70, 'Marina.Jones@etu.edu.tr', '05651037190'),
(20010212, 'Regina', 'Cisneros', '2001/8/17', 1, '2020/9/27', 0.24, 'Regina.Cisneros@etu.edu.tr', '05866509092'),
(18010111, 'Coby', 'Sherman', '1999/6/10', 0, '2018/3/1', 0.68, 'Coby.Sherman@etu.edu.tr', '05188972532'),
(18020208, 'Carter', 'Clements', '2000/7/9', 0, '2018/9/11', 3.55, 'Carter.Clements@etu.edu.tr', '05779972588'),
(22020108, 'Ivan', 'Bush', '2000/12/12', 0, '2022/1/26', 1.59, 'Ivan.Bush@etu.edu.tr', '05015283043'),
(20030311, 'Natalya', 'Lindsey', '2001/5/28', 1, '2020/6/26', 0.42, 'Natalya.Lindsey@etu.edu.tr', '05722664517'),
(20020307, 'Remington', 'Good', '2002/11/22', 0, '2020/1/18', 1.36, 'Remington.Good@etu.edu.tr', '05817013119'),
(22010107, 'Abraham', 'Haas', '2004/2/25', 0, '2022/1/14', 2.40, 'Abraham.Haas@etu.edu.tr', '05974129579'),
(22020210, 'Brennan', 'Bryan', '2001/5/18', 0, '2022/9/24', 3.83, 'Brennan.Bryan@etu.edu.tr', '05924462327'),
(22020109, 'Warren', 'Whitaker', '2002/3/18', 0, '2022/9/4', 2.95, 'Warren.Whitaker@etu.edu.tr', '05345955638'),
(19010107, 'Ronald', 'Cordova', '2000/10/15', 0, '2019/4/18', 0.61, 'Ronald.Cordova@etu.edu.tr', '05487697838'),
(22030110, 'Demarcus', 'Bauer', '2001/2/15', 0, '2022/4/15', 1.99, 'Demarcus.Bauer@etu.edu.tr', '05483011303'),
(21020305, 'Kylie', 'Russo', '2002/10/2', 1, '2021/4/3', 3.99, 'Kylie.Russo@etu.edu.tr', '05481451871'),
(22010108, 'Kaylee', 'Shields', '2002/9/3', 1, '2022/9/12', 0.14, 'Kaylee.Shields@etu.edu.tr', '05874911339'),
(18010112, 'Paul', 'Greene', '1997/1/15', 0, '2018/4/6', 1.91, 'Paul.Greene@etu.edu.tr', '05528221957'),
(20010213, 'Todd', 'Reed', '2001/7/16', 0, '2020/2/2', 0.35, 'Todd.Reed@etu.edu.tr', '05769023303'),
(19030207, 'Laila', 'Patrick', '1998/5/10', 1, '2019/4/21', 0.71, 'Laila.Patrick@etu.edu.tr', '05880970099'),
(22010109, 'Bryson', 'Herrera', '2003/3/19', 0, '2022/4/3', 3.10, 'Bryson.Herrera@etu.edu.tr', '05731048842'),
(19030208, 'Audrey', 'Holloway', '1999/6/11', 1, '2019/2/14', 1.87, 'Audrey.Holloway@etu.edu.tr', '05487229496'),
(18020108, 'Jermaine', 'Diaz', '1996/11/15', 0, '2018/8/25', 0.88, 'Jermaine.Diaz@etu.edu.tr', '05201172743'),
(20020211, 'Harper', 'Holt', '2000/5/25', 0, '2020/5/25', 3.85, 'Harper.Holt@etu.edu.tr', '05318470662'),
(20010107, 'Esteban', 'White', '1998/10/18', 0, '2020/5/11', 2.20, 'Esteban.White@etu.edu.tr', '05834214476'),
(19020107, 'Patience', 'Yoder', '1999/3/28', 1, '2019/6/18', 0.22, 'Patience.Yoder@etu.edu.tr', '05046798373'),
(22010208, 'Kendra', 'Archer', '2002/3/8', 1, '2022/9/24', 3.73, 'Kendra.Archer@etu.edu.tr', '05198337078'),
(22020110, 'Abby', 'Cherry', '2002/6/3', 1, '2022/2/19', 1.58, 'Abby.Cherry@etu.edu.tr', '05416265578'),
(19020210, 'Perla', 'Rojas', '2001/9/27', 1, '2019/9/20', 0.95, 'Perla.Rojas@etu.edu.tr', '05555750654'),
(18010113, 'Emma', 'Bird', '1997/7/3', 1, '2018/1/7', 0.88, 'Emma.Bird@etu.edu.tr', '05962145436'),
(20010108, 'Kaleigh', 'Bass', '1999/4/28', 1, '2020/9/17', 0.85, 'Kaleigh.Bass@etu.edu.tr', '05698130764'),
(19030311, 'Jocelynn', 'Powers', '1997/4/22', 1, '2019/9/5', 1.55, 'Jocelynn.Powers@etu.edu.tr', '05219208835'),
(22020111, 'Jaylen', 'Richardson', '2001/8/21', 1, '2022/8/14', 2.31, 'Jaylen.Richardson@etu.edu.tr', '05180532915'),
(21010206, 'Marlene', 'Flynn', '2001/12/26', 1, '2021/5/23', 3.14, 'Marlene.Flynn@etu.edu.tr', '05615444555'),
(18020109, 'Abram', 'Mcdowell', '1997/7/23', 0, '2018/8/21', 0.97, 'Abram.Mcdowell@etu.edu.tr', '05358299376'),
(19010108, 'Finley', 'Daugherty', '1998/11/21', 1, '2019/6/19', 0.51, 'Finley.Daugherty@etu.edu.tr', '05566421272'),
(20010109, 'Mackenzie', 'Kaiser', '2000/10/15', 1, '2020/3/17', 2.71, 'Mackenzie.Kaiser@etu.edu.tr', '05271595253'),
(20010110, 'Walter', 'Delgado', '2001/10/11', 0, '2020/3/19', 0.48, 'Walter.Delgado@etu.edu.tr', '05621549151'),
(20030312, 'Mireya', 'Mccarthy', '1999/8/16', 1, '2020/4/11', 2.84, 'Mireya.Mccarthy@etu.edu.tr', '05295105771'),
(19010109, 'Chandler', 'Mcintyre', '1998/6/7', 0, '2019/1/19', 2.04, 'Chandler.Mcintyre@etu.edu.tr', '05251044853'),
(20010111, 'Nathanael', 'Vargas', '1998/8/2', 0, '2020/2/17', 0.79, 'Nathanael.Vargas@etu.edu.tr', '05039854186'),
(21030111, 'Lorena', 'Campos', '1999/1/27', 1, '2021/3/12', 1.00, 'Lorena.Campos@etu.edu.tr', '05130204247'),
(18020306, 'Deborah', 'Hampton', '2000/12/17', 1, '2018/5/7', 2.47, 'Deborah.Hampton@etu.edu.tr', '05155707952'),
(18030304, 'Joshua', 'Rangel', '2000/6/17', 0, '2018/7/16', 1.34, 'Joshua.Rangel@etu.edu.tr', '05730256382'),
(19010110, 'Adan', 'Durham', '1999/2/16', 0, '2019/6/10', 2.35, 'Adan.Durham@etu.edu.tr', '05073669751'),
(18020307, 'Jaiden', 'Cooke', '1996/3/16', 0, '2018/6/18', 2.92, 'Jaiden.Cooke@etu.edu.tr', '05943663142'),
(19020308, 'Clayton', 'Schneider', '2000/9/14', 0, '2019/7/3', 0.84, 'Clayton.Schneider@etu.edu.tr', '05174335896'),
(21010308, 'Emilie', 'Rasmussen', '2002/9/5', 1, '2021/2/3', 3.63, 'Emilie.Rasmussen@etu.edu.tr', '05258347394'),
(22020309, 'Enrique', 'Gibson', '2004/9/9', 0, '2022/9/7', 1.89, 'Enrique.Gibson@etu.edu.tr', '05776926902'),
(18030205, 'Lilia', 'Villa', '1997/12/16', 1, '2018/2/2', 2.20, 'Lilia.Villa@etu.edu.tr', '05648323881'),
(19030209, 'Valentina', 'Holder', '1999/12/7', 1, '2019/2/12', 2.82, 'Valentina.Holder@etu.edu.tr', '05869399432'),
(18020308, 'Joseph', 'House', '2000/9/1', 0, '2018/4/21', 2.93, 'Joseph.House@etu.edu.tr', '05358041706'),
(18030305, 'Juliet', 'Krause', '1998/3/7', 1, '2018/4/5', 3.79, 'Juliet.Krause@etu.edu.tr', '05345855057'),
(20030210, 'Julius', 'Perkins', '1998/5/23', 0, '2020/6/27', 1.41, 'Julius.Perkins@etu.edu.tr', '05377582692'),
(19020108, 'Kian', 'Pena', '2001/5/14', 0, '2019/3/23', 3.10, 'Kian.Pena@etu.edu.tr', '05599611203'),
(18010309, 'Jocelyn', 'Todd', '1999/4/8', 1, '2018/7/7', 1.66, 'Jocelyn.Todd@etu.edu.tr', '05897080552'),
(20020115, 'Tania', 'Bowers', '2000/10/18', 1, '2020/3/17', 2.16, 'Tania.Bowers@etu.edu.tr', '05210370496'),
(21020306, 'Terrell', 'Medina', '2002/4/24', 0, '2021/3/2', 0.97, 'Terrell.Medina@etu.edu.tr', '05497352205'),
(21020207, 'Alison', 'Kidd', '2000/2/18', 1, '2021/6/11', 2.35, 'Alison.Kidd@etu.edu.tr', '05810615388'),
(21010207, 'Lainey', 'Levy', '2001/9/14', 1, '2021/1/6', 3.12, 'Lainey.Levy@etu.edu.tr', '05998726775'),
(19020109, 'Hanna', 'Flores', '1999/8/2', 1, '2019/6/13', 2.19, 'Hanna.Flores@etu.edu.tr', '05792481594'),
(20030313, 'Ahmad', 'Boyer', '1999/8/25', 0, '2020/8/14', 2.18, 'Ahmad.Boyer@etu.edu.tr', '05456671215'),
(19010208, 'Immanuel', 'Cantrell', '1999/7/6', 0, '2019/6/16', 1.99, 'Immanuel.Cantrell@etu.edu.tr', '05142455976'),
(19020110, 'Amya', 'Li', '1999/12/8', 1, '2019/9/13', 1.04, 'Amya.Li@etu.edu.tr', '05215653818'),
(18010310, 'Amirah', 'Hanson', '2000/5/14', 1, '2018/6/27', 0.31, 'Amirah.Hanson@etu.edu.tr', '05377138357'),
(18030306, 'Andrew', 'Kline', '1996/12/1', 0, '2018/3/25', 2.31, 'Andrew.Kline@etu.edu.tr', '05016321980'),
(18020309, 'Alexus', 'Mcpherson', '1999/4/21', 1, '2018/1/1', 0.09, 'Alexus.Mcpherson@etu.edu.tr', '05862082268'),
(18020209, 'Adriana', 'Ramsey', '1996/8/28', 1, '2018/5/1', 2.11, 'Adriana.Ramsey@etu.edu.tr', '05730871683'),
(22010209, 'Frankie', 'Dunlap', '2002/8/26', 0, '2022/3/6', 3.55, 'Frankie.Dunlap@etu.edu.tr', '05156298594'),
(20030211, 'Joselyn', 'Ward', '2000/10/18', 1, '2020/2/23', 0.47, 'Joselyn.Ward@etu.edu.tr', '05106037599'),
(18020110, 'Angelique', 'Miles', '1999/2/23', 1, '2018/1/15', 0.39, 'Angelique.Miles@etu.edu.tr', '05355566325'),
(21030212, 'Adonis', 'Thornton', '1999/8/12', 0, '2021/1/12', 1.78, 'Adonis.Thornton@etu.edu.tr', '05677221637'),
(18030105, 'Isaac', 'Valencia', '1998/1/17', 0, '2018/5/7', 0.55, 'Isaac.Valencia@etu.edu.tr', '05024178379'),
(18020111, 'June', 'Jacobs', '1998/5/27', 1, '2018/7/13', 0.90, 'June.Jacobs@etu.edu.tr', '05399804896'),
(19020211, 'Daisy', 'Stephens', '2000/2/1', 1, '2019/4/21', 1.87, 'Daisy.Stephens@etu.edu.tr', '05785663356'),
(21010109, 'Camille', 'Larsen', '2003/8/10', 1, '2021/8/26', 3.90, 'Camille.Larsen@etu.edu.tr', '05661490701'),
(22020310, 'Jordyn', 'Glass', '2002/7/3', 1, '2022/1/26', 1.35, 'Jordyn.Glass@etu.edu.tr', '05930789246'),
(22030208, 'Frances', 'Tran', '2003/1/15', 1, '2022/9/20', 1.57, 'Frances.Tran@etu.edu.tr', '05408353095'),
(22020211, 'Alina', 'Payne', '2000/5/2', 1, '2022/9/25', 2.12, 'Alina.Payne@etu.edu.tr', '05518348813'),
(20030314, 'Derrick', 'Osborne', '1998/3/12', 0, '2020/3/24', 1.08, 'Derrick.Osborne@etu.edu.tr', '05730266491'),
(20030212, 'Elaina', 'Joseph', '1999/6/6', 1, '2020/5/7', 3.17, 'Elaina.Joseph@etu.edu.tr', '05206376530'),
(21010309, 'Lina', 'Walters', '2000/10/14', 1, '2021/4/22', 0.33, 'Lina.Walters@etu.edu.tr', '05443935620'),
(20030213, 'Sergio', 'Beck', '2001/4/4', 0, '2020/9/9', 1.88, 'Sergio.Beck@etu.edu.tr', '05685048903'),
(22020212, 'Destiney', 'Wilkins', '2001/2/14', 1, '2022/9/25', 2.95, 'Destiney.Wilkins@etu.edu.tr', '05754888203'),
(18010311, 'Dulce', 'Spencer', '2000/7/17', 1, '2018/8/23', 2.91, 'Dulce.Spencer@etu.edu.tr', '05467837816'),
(19030210, 'Caylee', 'Kirk', '1998/8/5', 1, '2019/4/2', 1.88, 'Caylee.Kirk@etu.edu.tr', '05336300354'),
(20020308, 'Chase', 'Singleton', '1999/4/15', 0, '2020/4/17', 0.21, 'Chase.Singleton@etu.edu.tr', '05203063381'),
(22020213, 'Pamela', 'Hooper', '2000/10/21', 1, '2022/9/23', 3.63, 'Pamela.Hooper@etu.edu.tr', '05083057601'),
(19010310, 'Maverick', 'Williamson', '2000/8/22', 0, '2019/2/26', 1.39, 'Maverick.Williamson@etu.edu.tr', '05825770100'),
(19020309, 'Amara', 'Sloan', '1998/4/9', 1, '2019/4/12', 0.09, 'Amara.Sloan@etu.edu.tr', '05903235616'),
(18020112, 'Kevin', 'Pope', '2000/1/17', 0, '2018/5/20', 2.52, 'Kevin.Pope@etu.edu.tr', '05242721121'),
(18010114, 'Madisyn', 'Moses', '1998/3/14', 1, '2018/2/25', 0.69, 'Madisyn.Moses@etu.edu.tr', '05975220753'),
(19010111, 'Campbell', 'Irwin', '1999/1/17', 1, '2019/1/19', 1.24, 'Campbell.Irwin@etu.edu.tr', '05885284748'),
(20010112, 'Carolyn', 'Taylor', '2002/12/19', 1, '2020/8/7', 3.33, 'Carolyn.Taylor@etu.edu.tr', '05260955580'),
(19020111, 'Samara', 'Bonilla', '1998/8/11', 1, '2019/8/14', 0.05, 'Samara.Bonilla@etu.edu.tr', '05730219531'),
(22010210, 'Zion', 'Terry', '2001/12/12', 1, '2022/6/21', 3.27, 'Zion.Terry@etu.edu.tr', '05094548055'),
(19010112, 'Mekhi', 'Gonzales', '2000/6/16', 0, '2019/1/21', 1.22, 'Mekhi.Gonzales@etu.edu.tr', '05552360088'),
(19020212, 'Jaydin', 'Sosa', '1999/11/23', 0, '2019/1/5', 2.78, 'Jaydin.Sosa@etu.edu.tr', '05832933766'),
(20010312, 'Ayla', 'Alexander', '2002/5/2', 1, '2020/8/27', 3.62, 'Ayla.Alexander@etu.edu.tr', '05229154943'),
(20030214, 'Kayden', 'Ramirez', '2000/8/10', 0, '2020/1/2', 1.00, 'Kayden.Ramirez@etu.edu.tr', '05797861699'),
(21030309, 'Emiliano', 'Woods', '2002/11/13', 0, '2021/5/26', 0.74, 'Emiliano.Woods@etu.edu.tr', '05576926727'),
(21010208, 'Simone', 'Donaldson', '1999/10/10', 1, '2021/8/10', 0.36, 'Simone.Donaldson@etu.edu.tr', '05172465051'),
(18010312, 'Asa', 'Manning', '1996/4/4', 0, '2018/1/27', 2.29, 'Asa.Manning@etu.edu.tr', '05582169517'),
(21030213, 'Roman', 'Estes', '2001/10/19', 0, '2021/2/24', 1.91, 'Roman.Estes@etu.edu.tr', '05838806845'),
(19030117, 'Aleah', 'Olson', '1998/1/19', 1, '2019/9/17', 1.14, 'Aleah.Olson@etu.edu.tr', '05135847503'),
(21020116, 'Miranda', 'Page', '2001/12/12', 1, '2021/7/14', 2.67, 'Miranda.Page@etu.edu.tr', '05129737169'),
(19030118, 'Leon', 'Doyle', '1998/3/23', 0, '2019/7/13', 3.21, 'Leon.Doyle@etu.edu.tr', '05540959668'),
(18010115, 'Evangeline', 'Mcmillan', '1996/3/25', 1, '2018/3/27', 2.46, 'Evangeline.Mcmillan@etu.edu.tr', '05062326268'),
(19010209, 'Ezequiel', 'Mora', '1999/7/1', 0, '2019/4/26', 0.90, 'Ezequiel.Mora@etu.edu.tr', '05714373161'),
(18030206, 'Lilian', 'Baxter', '1998/10/6', 1, '2018/4/5', 2.80, 'Lilian.Baxter@etu.edu.tr', '05102113444'),
(18020113, 'Jovan', 'Bridges', '1996/11/28', 0, '2018/2/24', 0.09, 'Jovan.Bridges@etu.edu.tr', '05204722785'),
(22020112, 'Parker', 'Dunn', '2001/9/16', 1, '2022/8/12', 3.26, 'Parker.Dunn@etu.edu.tr', '05808430297'),
(21010209, 'Kaitlin', 'Murray', '2002/9/5', 1, '2021/8/24', 2.86, 'Kaitlin.Murray@etu.edu.tr', '05434540879'),
(20020309, 'Quincy', 'Horne', '2001/4/19', 0, '2020/1/21', 1.75, 'Quincy.Horne@etu.edu.tr', '05557630970'),
(20020116, 'Akira', 'Roach', '2002/12/20', 1, '2020/4/11', 2.25, 'Akira.Roach@etu.edu.tr', '05461013149'),
(22010110, 'Brianna', 'Fuentes', '2000/4/26', 1, '2022/8/17', 3.47, 'Brianna.Fuentes@etu.edu.tr', '05894308469'),
(22030304, 'Lexie', 'Gilbert', '2001/4/27', 1, '2022/3/1', 3.62, 'Lexie.Gilbert@etu.edu.tr', '05721823592'),
(22010211, 'Harry', 'Phillips', '2001/12/15', 0, '2022/5/28', 3.46, 'Harry.Phillips@etu.edu.tr', '05765161367'),
(19030211, 'Maxwell', 'Neal', '2001/9/22', 0, '2019/1/11', 2.12, 'Maxwell.Neal@etu.edu.tr', '05577362242'),
(22020113, 'Carla', 'Liu', '2003/10/15', 1, '2022/9/14', 2.65, 'Carla.Liu@etu.edu.tr', '05343400806'),
(20030106, 'Levi', 'Buck', '1998/1/3', 0, '2020/4/10', 0.37, 'Levi.Buck@etu.edu.tr', '05426718652'),
(22010311, 'Nehemiah', 'Downs', '2001/5/12', 0, '2022/8/22', 0.56, 'Nehemiah.Downs@etu.edu.tr', '05041425685'),
(19010113, 'James', 'Bradshaw', '1999/3/25', 0, '2019/9/12', 0.96, 'James.Bradshaw@etu.edu.tr', '05812110863'),
(21020307, 'Avery', 'Sutton', '1999/4/24', 1, '2021/7/3', 3.14, 'Avery.Sutton@etu.edu.tr', '05199091083'),
(20010113, 'Judah', 'Davies', '2001/1/14', 0, '2020/8/16', 0.28, 'Judah.Davies@etu.edu.tr', '05722191006'),
(21030310, 'Zack', 'Banks', '1999/10/15', 0, '2021/4/26', 3.11, 'Zack.Banks@etu.edu.tr', '05751393179'),
(22020311, 'Colt', 'Vazquez', '2003/2/7', 0, '2022/7/9', 0.90, 'Colt.Vazquez@etu.edu.tr', '05185571357'),
(20010214, 'Isabela', 'Ho', '2000/10/5', 1, '2020/4/7', 1.12, 'Isabela.Ho@etu.edu.tr', '05035883863'),
(18020310, 'Roland', 'Shelton', '1997/3/10', 0, '2018/5/24', 3.95, 'Roland.Shelton@etu.edu.tr', '05054713105'),
(19020112, 'Jada', 'Weber', '1999/9/12', 1, '2019/2/17', 1.59, 'Jada.Weber@etu.edu.tr', '05455327076'),
(19020310, 'Francisco', 'Zamora', '1997/3/20', 0, '2019/2/10', 3.57, 'Francisco.Zamora@etu.edu.tr', '05446755712'),
(21010310, 'Gabrielle', 'Moreno', '2000/7/26', 1, '2021/1/7', 2.04, 'Gabrielle.Moreno@etu.edu.tr', '05901600745'),
(20010215, 'Brenden', 'Kim', '1999/4/16', 0, '2020/4/26', 1.59, 'Brenden.Kim@etu.edu.tr', '05818138981'),
(20010216, 'Payten', 'Stewart', '1998/3/2', 1, '2020/6/1', 3.97, 'Payten.Stewart@etu.edu.tr', '05053331259'),
(20010114, 'Chaya', 'Mcconnell', '2000/8/18', 1, '2020/1/21', 2.31, 'Chaya.Mcconnell@etu.edu.tr', '05123588180'),
(20030107, 'Ayanna', 'Barajas', '2002/4/7', 1, '2020/4/21', 0.59, 'Ayanna.Barajas@etu.edu.tr', '05384042054'),
(22010212, 'Thomas', 'Blake', '2002/5/14', 0, '2022/8/16', 3.56, 'Thomas.Blake@etu.edu.tr', '05086715290'),
(20020212, 'Angel', 'Castro', '1998/2/17', 1, '2020/5/18', 1.56, 'Angel.Castro@etu.edu.tr', '05129058153'),
(21030112, 'Kiley', 'Stafford', '2000/4/26', 1, '2021/3/25', 3.75, 'Kiley.Stafford@etu.edu.tr', '05554627789'),
(19010210, 'Kamila', 'Conway', '2000/2/3', 1, '2019/9/25', 3.46, 'Kamila.Conway@etu.edu.tr', '05011536959'),
(20020310, 'Cristal', 'Howard', '2001/10/13', 1, '2020/1/27', 1.68, 'Cristal.Howard@etu.edu.tr', '05190764530'),
(18010214, 'Samantha', 'Nixon', '1999/7/8', 1, '2018/7/14', 1.55, 'Samantha.Nixon@etu.edu.tr', '05454738540'),
(18030307, 'Charlotte', 'English', '1996/9/7', 1, '2018/5/7', 3.38, 'Charlotte.English@etu.edu.tr', '05997171669'),
(22020114, 'Essence', 'Dillon', '2003/7/28', 1, '2022/7/17', 0.34, 'Essence.Dillon@etu.edu.tr', '05867571193'),
(20020117, 'Rowan', 'George', '2002/9/12', 1, '2020/9/4', 2.42, 'Rowan.George@etu.edu.tr', '05632914074')
;

INSERT INTO ACTIVE(stud_id) VALUES 
(22010301),
(21010101),
(21030101),
(21020101),
(21020102),
(20010301),
(20030301),
(22010101),
(21030102),
(18010201),
(19020101),
(22020301),
(22030101),
(20020101),
(21030201),
(22020201),
(20030302),
(21010201),
(19030101),
(21030103),
(22010302),
(18030101),
(21010102),
(22030102),
(20010302),
(18010202),
(18030301),
(21030104),
(19020301),
(20020301),
(19030201),
(20030201),
(22010201),
(19030301),
(18020101),
(21030301),
(20020201),
(21010202),
(20020202),
(20020203),
(20010303),
(20030202),
(21020103),
(19030102),
(21020201),
(20010101),
(19030302),
(20020204),
(20030101),
(22010102),
(21030202),
(18030201),
(22010202),
(18010101),
(19020302),
(22010303),
(20010201),
(21020301),
(19010201),
(21030302),
(21030303),
(19030202),
(21030304),
(19020201),
(18020201),
(19020303),
(20010304),
(21010103),
(20010202),
(19020202),
(21030305),
(20020205),
(22030301),
(20010305),
(22030201),
(18010102),
(18010301),
(20030203),
(21010301),
(18010302),
(20020206),
(21020104),
(18030302),
(19030303),
(22020302),
(18010203),
(21010302),
(20010203),
(22030202),
(20030102),
(22020101),
(18010303),
(21030105),
(19030103),
(19030104),
(21020202),
(22030103),
(19010101),
(20020102),
(20030303),
(19010301),
(21030203),
(19020102),
(18010103),
(20030204),
(18010204),
(22010304),
(20020207),
(18010104),
(21020203),
(18030102),
(21030204),
(18020301),
(19030304),
(22010203),
(18020102),
(20020103),
(22020303),
(19020203),
(19010202),
(20010102),
(22030203),
(19010203),
(22010305),
(20020104),
(18010205),
(21030205),
(20010306),
(19030105),
(20010204),
(21020302),
(18020103),
(22010103),
(18010105),
(20020105),
(19010302),
(20030205),
(18030103),
(20010205),
(22020102),
(20020106),
(18020202),
(19020103),
(20030304),
(18010206),
(18020203),
(18010106),
(19030203),
(18020204),
(20020302),
(18020205),
(21020303),
(20010206),
(20020208),
(18010207),
(21010104),
(20020303),
(19030106),
(22030104),
(21010105),
(20010207),
(19010102),
(19030107),
(22030105),
(22020304),
(22030204),
(22010104),
(21020204),
(21010106),
(20010208),
(22020202),
(19030108),
(18020302),
(21020304),
(18030202),
(22010204),
(20010103),
(19020204),
(21020105),
(19020104),
(20020304),
(22030205),
(19030305),
(21030206),
(19010303),
(22010306),
(22020305),
(22020103),
(20030206),
(19010304),
(22020104),
(21030207),
(19020205),
(19010103),
(20030207),
(22020105),
(22020306),
(19010204),
(18010304),
(19020304),
(20010307),
(19020206),
(20020107),
(22010307),
(18010107),
(20020305),
(20010104),
(19030109),
(20030305),
(21020205),
(22010105),
(19020207),
(22020203),
(22030106),
(21010303),
(19030306),
(21030208),
(20010209),
(19030110),
(18010208),
(19010305),
(22010205),
(21020106),
(18010305),
(22030302),
(19020208),
(22020106),
(19030111),
(20020108),
(21020107),
(19030112),
(20020109),
(21030306),
(19020305),
(21010203),
(21020108),
(19030113),
(21030209),
(22020204),
(21020109),
(22020205),
(20020110),
(18020303),
(18030303),
(20010105),
(18010209),
(21020110),
(21020111),
(18010306),
(19030114),
(20020111),
(19030307),
(20020209),
(20010106),
(22010308),
(19010306),
(20010308),
(19010104),
(21030307),
(19030308),
(18020206),
(21020112),
(21010204),
(21030106),
(21020113),
(21020114),
(21010304),
(21030107),
(20030306),
(18010108),
(19020209),
(18010210),
(22020107),
(22020307),
(21010205),
(19030115),
(19030204),
(22010206),
(20030307),
(20020306),
(21030308),
(18020104),
(22020308),
(19020306),
(18020105),
(21010305),
(18010109),
(20020210),
(22020206),
(22030107),
(18010211),
(20010210),
(22030108),
(19030205),
(22020207),
(18030203),
(22020208),
(20010211),
(18020304),
(18030204),
(22010207),
(21010306),
(19020307),
(21030108),
(18010110),
(19020105),
(20010309),
(22020209),
(21010107),
(20020112),
(19010105),
(20030103),
(18020207),
(21020206),
(22030109),
(22010309),
(22030303),
(18020106),
(20010310),
(21030109),
(19020106),
(22030206),
(19030116),
(19010106),
(20030208),
(19010205),
(21020115),
(20030104),
(21030210),
(20020113),
(21010307),
(19010206),
(19010307),
(18010307),
(20030105),
(19030309),
(20030209),
(20030308),
(22010106),
(18020305),
(20020114),
(18030104),
(18010212),
(20030309),
(20010311),
(21030211),
(21010108),
(19010207),
(20030310),
(22010310),
(21030110),
(18010308),
(22030207),
(19010308),
(19010309),
(19030206),
(18020107),
(18010213),
(19030310),
(20010212),
(18010111),
(18020208),
(22020108),
(20030311),
(20020307),
(22010107),
(22020210),
(22020109),
(19010107),
(22030110),
(21020305),
(22010108),
(18010112),
(20010213),
(19030207),
(22010109),
(19030208),
(18020108),
(20020211),
(20010107),
(19020107),
(22010208),
(22020110),
(19020210),
(18010113),
(20010108),
(19030311),
(22020111),
(21010206),
(18020109),
(19010108),
(20010109),
(20010110),
(20030312),
(19010109),
(20010111),
(21030111),
(18020306),
(18030304),
(19010110),
(18020307),
(19020308),
(21010308),
(22020309),
(18030205),
(19030209),
(18020308),
(18030305),
(20030210),
(19020108),
(18010309),
(20020115),
(21020306),
(21020207),
(21010207),
(19020109),
(20030313),
(19010208),
(19020110),
(18010310),
(18030306),
(18020309),
(18020209),
(22010209),
(20030211),
(18020110),
(21030212),
(18030105),
(18020111),
(19020211),
(21010109),
(22020310),
(22030208),
(22020211),
(20030314),
(20030212),
(21010309),
(20030213),
(22020212),
(18010311),
(19030210),
(20020308),
(22020213),
(19010310),
(19020309),
(18020112),
(18010114),
(19010111),
(20010112),
(19020111),
(22010210),
(19010112),
(19020212),
(20010312),
(20030214),
(21030309),
(21010208),
(18010312),
(21030213),
(19030117),
(21020116),
(19030118),
(18010115),
(19010209),
(18030206),
(18020113),
(22020112),
(21010209),
(20020309),
(20020116),
(22010110),
(22030304),
(22010211),
(19030211),
(22020113),
(20030106),
(22010311),
(19010113),
(21020307),
(20010113),
(21030310),
(22020311),
(20010214),
(18020310),
(19020112),
(19020310),
(21010310),
(20010215),
(20010216),
(20010114),
(20030107),
(22010212),
(20020212),
(21030112),
(19010210),
(20020310),
(18010214),
(18030307),
(22020114),
(20020117)
;

INSERT INTO STUDENT(stud_id, stud_fname, stud_lname, stud_birth_date, stud_sex, stud_reg_date, stud_gpa, stud_email, stud_number) VALUES 
(17030301, 'Fisher', 'Shepherd', '1998/11/6', 0, '2017/4/2', 0.31, 'Fisher.Shepherd@etu.edu.tr', '05859866165'),
(14030201, 'Dominick', 'Hobbs', '1993/7/15', 0, '2014/2/8', 0.29, 'Dominick.Hobbs@etu.edu.tr', '05352465576'),
(15030301, 'Mara', 'Lynch', '1994/8/15', 1, '2015/5/6', 1.76, 'Mara.Lynch@etu.edu.tr', '05044071449'),
(13030301, 'Dangelo', 'Spence', '1995/6/19', 0, '2013/7/2', 1.99, 'Dangelo.Spence@etu.edu.tr', '05660552054'),
(17010301, 'Easton', 'Hogan', '1995/6/9', 0, '2017/6/1', 2.24, 'Easton.Hogan@etu.edu.tr', '05351855985'),
(17030101, 'Rubi', 'Cervantes', '1997/5/9', 1, '2017/3/26', 1.45, 'Rubi.Cervantes@etu.edu.tr', '05899285291'),
(17020101, 'Dale', 'Mendoza', '1999/11/23', 0, '2017/2/14', 2.72, 'Dale.Mendoza@etu.edu.tr', '05673410945'),
(15010101, 'Yahir', 'Leblanc', '1995/11/15', 0, '2015/5/24', 3.78, 'Yahir.Leblanc@etu.edu.tr', '05397931203'),
(13030101, 'Kameron', 'Fischer', '1993/4/8', 0, '2013/3/11', 3.75, 'Kameron.Fischer@etu.edu.tr', '05906128532'),
(17020201, 'Viviana', 'Snyder', '1998/1/6', 1, '2017/9/5', 1.50, 'Viviana.Snyder@etu.edu.tr', '05864333586'),
(16020301, 'Marco', 'Briggs', '1998/12/16', 0, '2016/1/26', 0.37, 'Marco.Briggs@etu.edu.tr', '05209321705'),
(13030102, 'Cesar', 'Malone', '1993/3/18', 0, '2013/8/3', 0.89, 'Cesar.Malone@etu.edu.tr', '05254783476'),
(14030301, 'Charlize', 'Sanders', '1995/4/25', 1, '2014/4/11', 1.09, 'Charlize.Sanders@etu.edu.tr', '05343549498'),
(16030301, 'Lacey', 'Hawkins', '1995/7/8', 1, '2016/3/19', 0.53, 'Lacey.Hawkins@etu.edu.tr', '05528103281'),
(16020302, 'Ellie', 'Clark', '1996/10/8', 1, '2016/2/12', 0.40, 'Ellie.Clark@etu.edu.tr', '05607761562'),
(14030101, 'Ashtyn', 'Davidson', '1996/7/6', 1, '2014/4/9', 2.12, 'Ashtyn.Davidson@etu.edu.tr', '05258146270'),
(13020201, 'Carlos', 'Cantu', '1995/10/6', 0, '2013/3/1', 0.42, 'Carlos.Cantu@etu.edu.tr', '05573561163'),
(14030102, 'Kobe', 'Melendez', '1993/5/13', 0, '2014/2/15', 2.71, 'Kobe.Melendez@etu.edu.tr', '05736755060'),
(17010302, 'Rachael', 'Gill', '1999/7/17', 1, '2017/8/6', 0.16, 'Rachael.Gill@etu.edu.tr', '05411472044'),
(13010101, 'Tia', 'Ryan', '1992/9/16', 1, '2013/2/22', 3.14, 'Tia.Ryan@etu.edu.tr', '05840977841'),
(17010303, 'Susan', 'Mills', '1997/5/26', 1, '2017/8/2', 3.60, 'Susan.Mills@etu.edu.tr', '05948760259'),
(16030101, 'Adelaide', 'Walter', '1994/2/13', 1, '2016/9/27', 1.02, 'Adelaide.Walter@etu.edu.tr', '05937108465'),
(17020301, 'Quinn', 'Porter', '1996/3/2', 1, '2017/7/13', 0.72, 'Quinn.Porter@etu.edu.tr', '05822756508'),
(14020301, 'Maximo', 'Thomas', '1993/7/21', 0, '2014/8/11', 1.59, 'Maximo.Thomas@etu.edu.tr', '05647465892'),
(14010201, 'Saul', 'Conrad', '1995/3/13', 0, '2014/5/8', 1.72, 'Saul.Conrad@etu.edu.tr', '05337847831'),
(17030302, 'Elliot', 'Donovan', '1995/8/3', 0, '2017/3/5', 2.85, 'Elliot.Donovan@etu.edu.tr', '05873914503'),
(17020202, 'Abigayle', 'Hudson', '1995/3/13', 1, '2017/5/20', 1.53, 'Abigayle.Hudson@etu.edu.tr', '05750277261'),
(17030102, 'Adrien', 'Carney', '1998/9/14', 0, '2017/1/24', 0.34, 'Adrien.Carney@etu.edu.tr', '05475960822'),
(13030103, 'Ryan', 'Brooks', '1993/6/25', 0, '2013/9/11', 2.25, 'Ryan.Brooks@etu.edu.tr', '05068107426'),
(14020201, 'Cheyenne', 'Torres', '1995/10/15', 1, '2014/4/8', 0.92, 'Cheyenne.Torres@etu.edu.tr', '05367027571'),
(16010201, 'Jeremy', 'Hopkins', '1996/12/23', 0, '2016/1/28', 1.45, 'Jeremy.Hopkins@etu.edu.tr', '05349105623'),
(15010301, 'Lawrence', 'Stone', '1993/12/14', 0, '2015/4/14', 3.77, 'Lawrence.Stone@etu.edu.tr', '05290711893'),
(14030302, 'Belen', 'Pineda', '1995/12/11', 1, '2014/1/11', 0.70, 'Belen.Pineda@etu.edu.tr', '05532047322'),
(14030202, 'Grace', 'Pratt', '1992/6/22', 1, '2014/8/21', 2.09, 'Grace.Pratt@etu.edu.tr', '05229966194'),
(14020101, 'Rebekah', 'Villanueva', '1992/5/3', 1, '2014/1/9', 2.71, 'Rebekah.Villanueva@etu.edu.tr', '05233495473'),
(16020303, 'Luz', 'Mcfarland', '1996/4/2', 1, '2016/7/24', 1.85, 'Luz.Mcfarland@etu.edu.tr', '05021113657'),
(14020202, 'Kaliyah', 'Mendez', '1993/5/8', 1, '2014/3/28', 1.27, 'Kaliyah.Mendez@etu.edu.tr', '05207920241'),
(15030201, 'Kaleb', 'Novak', '1993/6/25', 0, '2015/6/4', 3.41, 'Kaleb.Novak@etu.edu.tr', '05218179492'),
(17010304, 'Ricardo', 'Bradford', '1998/7/13', 0, '2017/6/11', 3.01, 'Ricardo.Bradford@etu.edu.tr', '05456619995'),
(17030303, 'Orlando', 'Schultz', '1996/12/15', 0, '2017/4/5', 2.35, 'Orlando.Schultz@etu.edu.tr', '05493054876'),
(14020102, 'Sara', 'Larson', '1996/10/16', 1, '2014/1/4', 3.28, 'Sara.Larson@etu.edu.tr', '05839308988'),
(13010301, 'Gideon', 'Peters', '1995/5/27', 0, '2013/7/7', 0.55, 'Gideon.Peters@etu.edu.tr', '05113341926'),
(16010301, 'Giselle', 'Chung', '1996/5/17', 1, '2016/6/19', 1.21, 'Giselle.Chung@etu.edu.tr', '05808550232'),
(14030103, 'Lesly', 'Hutchinson', '1993/5/15', 1, '2014/3/5', 3.93, 'Lesly.Hutchinson@etu.edu.tr', '05011330164'),
(14030104, 'Ingrid', 'Shaw', '1994/11/16', 1, '2014/2/20', 1.36, 'Ingrid.Shaw@etu.edu.tr', '05807864085'),
(17010101, 'Kenzie', 'Burnett', '1996/5/19', 1, '2017/4/28', 3.00, 'Kenzie.Burnett@etu.edu.tr', '05661333190'),
(13010201, 'Charlie', 'Preston', '1993/1/11', 0, '2013/3/16', 2.84, 'Charlie.Preston@etu.edu.tr', '05217819315'),
(16010202, 'Baylee', 'Mayer', '1995/10/7', 1, '2016/4/8', 2.71, 'Baylee.Mayer@etu.edu.tr', '05413250154'),
(15010302, 'Ryan', 'May', '1996/12/7', 1, '2015/4/21', 3.73, 'Ryan.May@etu.edu.tr', '05996467641'),
(14020302, 'Adrienne', 'Ramos', '1996/1/2', 1, '2014/4/11', 0.02, 'Adrienne.Ramos@etu.edu.tr', '05990222662'),
(16030102, 'Averi', 'Copeland', '1998/8/20', 1, '2016/5/14', 2.42, 'Averi.Copeland@etu.edu.tr', '05146833455'),
(16020101, 'Krista', 'Craig', '1996/5/6', 1, '2016/3/23', 1.13, 'Krista.Craig@etu.edu.tr', '05773959028'),
(17010201, 'Gianni', 'Wyatt', '1999/9/25', 0, '2017/6/28', 2.79, 'Gianni.Wyatt@etu.edu.tr', '05145046948'),
(17020302, 'Mallory', 'Hicks', '1997/1/10', 1, '2017/4/8', 1.12, 'Mallory.Hicks@etu.edu.tr', '05628380430'),
(13010302, 'Precious', 'Watts', '1993/3/19', 1, '2013/8/13', 1.60, 'Precious.Watts@etu.edu.tr', '05984885504'),
(17020203, 'Landin', 'Hall', '1995/6/14', 0, '2017/2/12', 1.57, 'Landin.Hall@etu.edu.tr', '05076562506'),
(13030302, 'Stephanie', 'Parsons', '1994/10/8', 1, '2013/5/26', 0.50, 'Stephanie.Parsons@etu.edu.tr', '05456812774'),
(17010305, 'Amani', 'Clarke', '1995/11/15', 1, '2017/5/17', 2.60, 'Amani.Clarke@etu.edu.tr', '05181492772'),
(17020102, 'Zoie', 'Berry', '1995/12/10', 1, '2017/8/3', 3.88, 'Zoie.Berry@etu.edu.tr', '05525924308'),
(17030103, 'Atticus', 'Bishop', '1996/2/4', 0, '2017/2/8', 3.34, 'Atticus.Bishop@etu.edu.tr', '05063958604'),
(16010302, 'Katherine', 'Lee', '1995/3/15', 1, '2016/9/7', 1.29, 'Katherine.Lee@etu.edu.tr', '05771070315'),
(14020303, 'Aedan', 'Mercer', '1996/11/25', 0, '2014/6/22', 3.44, 'Aedan.Mercer@etu.edu.tr', '05087150372'),
(13030104, 'Messiah', 'Douglas', '1994/4/24', 0, '2013/2/1', 3.83, 'Messiah.Douglas@etu.edu.tr', '05613319647'),
(16010101, 'Paula', 'Harrell', '1995/12/13', 1, '2016/3/13', 3.71, 'Paula.Harrell@etu.edu.tr', '05357148779'),
(13020202, 'Hadley', 'Green', '1992/2/26', 1, '2013/7/19', 1.30, 'Hadley.Green@etu.edu.tr', '05184215027'),
(17010306, 'Pedro', 'Roberson', '1999/2/1', 0, '2017/2/9', 0.40, 'Pedro.Roberson@etu.edu.tr', '05425788195'),
(16020102, 'Danny', 'Arnold', '1994/4/19', 0, '2016/4/14', 3.92, 'Danny.Arnold@etu.edu.tr', '05598137158'),
(16030201, 'Keon', 'Rollins', '1995/11/23', 0, '2016/7/21', 0.11, 'Keon.Rollins@etu.edu.tr', '05994024016'),
(16020304, 'Sanaa', 'Robertson', '1998/4/24', 1, '2016/1/5', 2.59, 'Sanaa.Robertson@etu.edu.tr', '05773558701'),
(15030101, 'Trystan', 'Duarte', '1994/7/25', 0, '2015/9/19', 2.86, 'Trystan.Duarte@etu.edu.tr', '05941472093'),
(13020301, 'Victoria', 'Strickland', '1992/1/23', 1, '2013/6/6', 3.12, 'Victoria.Strickland@etu.edu.tr', '05458724462'),
(15030202, 'Kassandra', 'Fitzpatrick', '1993/11/7', 1, '2015/5/19', 3.16, 'Kassandra.Fitzpatrick@etu.edu.tr', '05709506240'),
(14020203, 'Kathryn', 'Robles', '1992/6/26', 1, '2014/8/23', 1.95, 'Kathryn.Robles@etu.edu.tr', '05798100158'),
(14010101, 'Jayden', 'Chambers', '1995/1/28', 1, '2014/4/2', 3.32, 'Jayden.Chambers@etu.edu.tr', '05845777489'),
(16030302, 'Andy', 'Yang', '1998/8/20', 0, '2016/8/20', 1.04, 'Andy.Yang@etu.edu.tr', '05258628994'),
(16020103, 'Adrianna', 'Golden', '1995/6/22', 1, '2016/3/5', 3.80, 'Adrianna.Golden@etu.edu.tr', '05810582225'),
(13020101, 'Jair', 'Houston', '1991/11/19', 0, '2013/6/3', 3.90, 'Jair.Houston@etu.edu.tr', '05965309531'),
(17030304, 'Carlo', 'Sanchez', '1996/12/15', 0, '2017/5/26', 2.73, 'Carlo.Sanchez@etu.edu.tr', '05796651273'),
(14030303, 'Hugh', 'Case', '1992/7/8', 0, '2014/1/17', 1.14, 'Hugh.Case@etu.edu.tr', '05157463155'),
(14030304, 'Audrina', 'Aguilar', '1993/11/17', 1, '2014/4/6', 2.89, 'Audrina.Aguilar@etu.edu.tr', '05330302150'),
(17030201, 'Jase', 'Tate', '1999/6/13', 0, '2017/8/28', 2.25, 'Jase.Tate@etu.edu.tr', '05006104279'),
(15020201, 'Nigel', 'Obrien', '1996/1/10', 0, '2015/3/10', 1.12, 'Nigel.Obrien@etu.edu.tr', '05127357166'),
(14020103, 'Jagger', 'Frey', '1995/9/11', 0, '2014/9/27', 1.49, 'Jagger.Frey@etu.edu.tr', '05301084303'),
(15020202, 'Sharon', 'Peterson', '1995/5/27', 1, '2015/4/12', 0.41, 'Sharon.Peterson@etu.edu.tr', '05274633073'),
(17020204, 'Sarah', 'Stephenson', '1996/9/7', 1, '2017/6/3', 0.75, 'Sarah.Stephenson@etu.edu.tr', '05885326040'),
(14030203, 'Nathen', 'Travis', '1994/6/5', 0, '2014/4/23', 0.25, 'Nathen.Travis@etu.edu.tr', '05601771583'),
(14030204, 'Whitney', 'Stout', '1993/5/26', 1, '2014/1/23', 0.99, 'Whitney.Stout@etu.edu.tr', '05207988502'),
(17010307, 'Estrella', 'Mcneil', '1997/5/5', 1, '2017/7/6', 3.53, 'Estrella.Mcneil@etu.edu.tr', '05761048689'),
(13010303, 'Brett', 'Griffith', '1991/8/28', 0, '2013/7/4', 1.48, 'Brett.Griffith@etu.edu.tr', '05131024944'),
(16010303, 'Franco', 'Gay', '1996/10/26', 0, '2016/8/28', 0.73, 'Franco.Gay@etu.edu.tr', '05949178289'),
(15030102, 'Clarissa', 'Wilcox', '1996/2/11', 1, '2015/9/4', 1.83, 'Clarissa.Wilcox@etu.edu.tr', '05795600350'),
(16030103, 'Sullivan', 'Rivers', '1998/1/6', 0, '2016/6/12', 1.55, 'Sullivan.Rivers@etu.edu.tr', '05272959065'),
(17010102, 'Kassidy', 'Christensen', '1998/9/3', 1, '2017/3/11', 3.73, 'Kassidy.Christensen@etu.edu.tr', '05630697364'),
(16030303, 'Kamron', 'Valentine', '1995/8/28', 0, '2016/1/15', 1.88, 'Kamron.Valentine@etu.edu.tr', '05358483695'),
(15030203, 'Jaslene', 'Moyer', '1995/9/10', 1, '2015/9/16', 0.12, 'Jaslene.Moyer@etu.edu.tr', '05495737049'),
(17020103, 'Amare', 'Morgan', '1997/1/10', 0, '2017/7/22', 0.54, 'Amare.Morgan@etu.edu.tr', '05907352025'),
(16010102, 'Bria', 'Wiggins', '1998/4/18', 1, '2016/5/21', 3.59, 'Bria.Wiggins@etu.edu.tr', '05583918721'),
(15030103, 'Jessie', 'Coleman', '1996/8/26', 1, '2015/6/11', 3.30, 'Jessie.Coleman@etu.edu.tr', '05663327140'),
(15020301, 'Aaden', 'Wang', '1997/1/20', 0, '2015/6/20', 3.57, 'Aaden.Wang@etu.edu.tr', '05685203186'),
(14020204, 'Jayce', 'Carlson', '1992/10/8', 0, '2014/6/28', 3.63, 'Jayce.Carlson@etu.edu.tr', '05343081370')
;

INSERT INTO GRADUATE(stud_id, grad_grad_date) VALUES 
(17030301, '2022/3/19'),
(14030201, '2019/9/21'),
(15030301, '2019/8/19'),
(13030301, '2018/9/20'),
(17010301, '2022/2/27'),
(17030101, '2021/5/26'),
(17020101, '2022/7/15'),
(15010101, '2019/7/27'),
(13030101, '2018/3/3'),
(17020201, '2021/4/11'),
(16020301, '2020/8/2'),
(13030102, '2018/6/8'),
(14030301, '2018/7/28'),
(16030301, '2020/6/1'),
(16020302, '2020/9/10'),
(14030101, '2018/9/26'),
(13020201, '2018/6/10'),
(14030102, '2019/2/2'),
(17010302, '2022/6/23'),
(13010101, '2018/7/21'),
(17010303, '2021/9/23'),
(16030101, '2021/1/19'),
(17020301, '2021/4/13'),
(14020301, '2018/9/1'),
(14010201, '2019/8/19'),
(17030302, '2021/7/20'),
(17020202, '2021/1/15'),
(17030102, '2022/4/12'),
(13030103, '2018/5/15'),
(14020201, '2018/1/4'),
(16010201, '2021/2/8'),
(15010301, '2019/5/1'),
(14030302, '2019/1/3'),
(14030202, '2018/6/18'),
(14020101, '2018/8/7'),
(16020303, '2020/9/10'),
(14020202, '2018/2/22'),
(15030201, '2019/2/15'),
(17010304, '2021/6/15'),
(17030303, '2022/5/7'),
(14020102, '2019/4/19'),
(13010301, '2018/8/7'),
(16010301, '2021/5/18'),
(14030103, '2019/5/8'),
(14030104, '2019/4/21'),
(17010101, '2022/9/17'),
(13010201, '2018/3/27'),
(16010202, '2020/2/16'),
(15010302, '2020/2/8'),
(14020302, '2019/6/17'),
(16030102, '2021/3/28'),
(16020101, '2021/7/11'),
(17010201, '2021/9/24'),
(17020302, '2022/5/7'),
(13010302, '2018/7/28'),
(17020203, '2022/4/10'),
(13030302, '2018/2/27'),
(17010305, '2021/7/5'),
(17020102, '2022/5/12'),
(17030103, '2022/7/6'),
(16010302, '2021/6/1'),
(14020303, '2019/8/16'),
(13030104, '2018/1/28'),
(16010101, '2020/8/19'),
(13020202, '2018/9/22'),
(17010306, '2021/3/28'),
(16020102, '2020/4/13'),
(16030201, '2020/2/15'),
(16020304, '2021/9/28'),
(15030101, '2020/9/27'),
(13020301, '2018/5/2'),
(15030202, '2020/2/11'),
(14020203, '2018/7/16'),
(14010101, '2018/4/7'),
(16030302, '2020/6/18'),
(16020103, '2020/4/11'),
(13020101, '2018/9/5'),
(17030304, '2021/1/23'),
(14030303, '2018/8/8'),
(14030304, '2019/4/11'),
(17030201, '2022/8/16'),
(15020201, '2020/8/12'),
(14020103, '2018/2/8'),
(15020202, '2020/2/12'),
(17020204, '2022/3/14'),
(14030203, '2018/1/15'),
(14030204, '2018/7/6'),
(17010307, '2021/6/15'),
(13010303, '2017/7/1'),
(16010303, '2021/9/4'),
(15030102, '2020/5/13'),
(16030103, '2021/1/12'),
(17010102, '2022/2/4'),
(16030303, '2020/1/14'),
(15030203, '2019/9/19'),
(17020103, '2022/8/25'),
(16010102, '2020/7/15'),
(15030103, '2020/3/17'),
(15020301, '2019/4/13'),
(14020204, '2018/7/18')
;

INSERT INTO PARENT(pare_id, pare_fname, pare_lname, pare_sex, pare_email, pare_number) VALUES 
(1, 'Walker', 'Carlson', 0, 'Walker.Carlson@gmail.com', '05278763119'),
(2, 'Shaun', 'Wang', 0, 'Shaun.Wang@gmail.com', '05346228261'),
(3, 'Amiya', 'Wiggins', 1, 'Amiya.Wiggins@gmail.com', '05518895556'),
(4, 'Madalyn', 'Morgan', 1, 'Madalyn.Morgan@gmail.com', '05673986906'),
(5, 'Elisha', 'Moyer', 0, 'Elisha.Moyer@gmail.com', '05478216456'),
(6, 'Catalina', 'Valentine', 1, 'Catalina.Valentine@gmail.com', '05690365262'),
(7, 'Melvin', 'Christensen', 0, 'Melvin.Christensen@gmail.com', '05583293039'),
(8, 'Frida', 'Rivers', 1, 'Frida.Rivers@gmail.com', '05996553361'),
(9, 'Cameron', 'Wilcox', 1, 'Cameron.Wilcox@gmail.com', '05144960373'),
(10, 'Ainsley', 'Griffith', 1, 'Ainsley.Griffith@gmail.com', '05856159244'),
(11, 'Joanna', 'Stout', 1, 'Joanna.Stout@gmail.com', '05009536644'),
(12, 'Demarion', 'Travis', 0, 'Demarion.Travis@gmail.com', '05817144471'),
(13, 'Lucy', 'Stephenson', 1, 'Lucy.Stephenson@gmail.com', '05980114560'),
(14, 'Riya', 'Peterson', 1, 'Riya.Peterson@gmail.com', '05022807428'),
(15, 'Ace', 'Frey', 0, 'Ace.Frey@gmail.com', '05750427572'),
(16, 'Melany', 'Obrien', 1, 'Melany.Obrien@gmail.com', '05288835902'),
(17, 'Margaret', 'Aguilar', 1, 'Margaret.Aguilar@gmail.com', '05496359194'),
(18, 'Jamiya', 'Houston', 1, 'Jamiya.Houston@gmail.com', '05457426891'),
(19, 'Kolby', 'Golden', 0, 'Kolby.Golden@gmail.com', '05000512928'),
(20, 'Jade', 'Yang', 1, 'Jade.Yang@gmail.com', '05598428835'),
(21, 'Madalynn', 'Robles', 1, 'Madalynn.Robles@gmail.com', '05411090138'),
(22, 'Kinley', 'Fitzpatrick', 1, 'Kinley.Fitzpatrick@gmail.com', '05005597373'),
(23, 'Rolando', 'Strickland', 0, 'Rolando.Strickland@gmail.com', '05140154624'),
(24, 'Adam', 'Duarte', 0, 'Adam.Duarte@gmail.com', '05504847892'),
(25, 'Fabian', 'Rollins', 0, 'Fabian.Rollins@gmail.com', '05751718016'),
(26, 'Rylee', 'Arnold', 1, 'Rylee.Arnold@gmail.com', '05755317942'),
(27, 'Ana', 'Roberson', 1, 'Ana.Roberson@gmail.com', '05650550752'),
(28, 'Lauren', 'Green', 1, 'Lauren.Green@gmail.com', '05364287017'),
(29, 'Alexia', 'Harrell', 1, 'Alexia.Harrell@gmail.com', '05240144310'),
(30, 'Laylah', 'Mercer', 1, 'Laylah.Mercer@gmail.com', '05383388753'),
(31, 'Ray', 'Lee', 0, 'Ray.Lee@gmail.com', '05941754643'),
(32, 'Gwendolyn', 'Bishop', 1, 'Gwendolyn.Bishop@gmail.com', '05325786914'),
(33, 'Leland', 'Clarke', 0, 'Leland.Clarke@gmail.com', '05978745358'),
(34, 'Corey', 'Hall', 0, 'Corey.Hall@gmail.com', '05116583814'),
(35, 'Michaela', 'Watts', 1, 'Michaela.Watts@gmail.com', '05103705327'),
(36, 'Nick', 'Gay', 0, 'Nick.Gay@gmail.com', '05516043095'),
(37, 'Lara', 'Hicks', 1, 'Lara.Hicks@gmail.com', '05360871487'),
(38, 'Giovanna', 'Craig', 1, 'Giovanna.Craig@gmail.com', '05041795417'),
(39, 'Lucille', 'May', 1, 'Lucille.May@gmail.com', '05411710423'),
(40, 'Reed', 'Preston', 0, 'Reed.Preston@gmail.com', '05388538289'),
(41, 'Noah', 'Shaw', 0, 'Noah.Shaw@gmail.com', '05224868783'),
(42, 'Yareli', 'Hutchinson', 1, 'Yareli.Hutchinson@gmail.com', '05613975258'),
(43, 'Emmalee', 'Fields', 1, 'Emmalee.Fields@gmail.com', '05627747692'),
(44, 'Paulina', 'Bender', 1, 'Paulina.Bender@gmail.com', '05799567089'),
(45, 'Josue', 'Clements', 0, 'Josue.Clements@gmail.com', '05258996852'),
(46, 'Ernesto', 'Mcmahon', 0, 'Ernesto.Mcmahon@gmail.com', '05934805318'),
(47, 'Yosef', 'Dodson', 0, 'Yosef.Dodson@gmail.com', '05996796877'),
(48, 'Rudy', 'Lane', 0, 'Rudy.Lane@gmail.com', '05896471641'),
(49, 'Mckayla', 'French', 1, 'Mckayla.French@gmail.com', '05779200240'),
(50, 'Melody', 'Day', 1, 'Melody.Day@gmail.com', '05904584581'),
(51, 'Gloria', 'Blanchard', 1, 'Gloria.Blanchard@gmail.com', '05797173263'),
(52, 'Isla', 'Richmond', 1, 'Isla.Richmond@gmail.com', '05458572708'),
(53, 'Malakai', 'George', 0, 'Malakai.George@gmail.com', '05249810960'),
(54, 'Kate', 'Fox', 1, 'Kate.Fox@gmail.com', '05784322657'),
(55, 'Deandre', 'Weaver', 0, 'Deandre.Weaver@gmail.com', '05579079850'),
(56, 'Malachi', 'Schwartz', 0, 'Malachi.Schwartz@gmail.com', '05212208295'),
(57, 'Mira', 'Quinn', 1, 'Mira.Quinn@gmail.com', '05143328358'),
(58, 'Emmanuel', 'Raymond', 0, 'Emmanuel.Raymond@gmail.com', '05703781912'),
(59, 'Elisa', 'Campos', 1, 'Elisa.Campos@gmail.com', '05756796335'),
(60, 'Dylan', 'Meyer', 0, 'Dylan.Meyer@gmail.com', '05102959855'),
(61, 'Ariel', 'Wagner', 1, 'Ariel.Wagner@gmail.com', '05964067491'),
(62, 'Nancy', 'Turner', 1, 'Nancy.Turner@gmail.com', '05818661321'),
(63, 'Lucian', 'Ayers', 0, 'Lucian.Ayers@gmail.com', '05549445911'),
(64, 'Ronin', 'Ellis', 0, 'Ronin.Ellis@gmail.com', '05728779826'),
(65, 'Kasey', 'Banks', 0, 'Kasey.Banks@gmail.com', '05549802948'),
(66, 'Luca', 'Benjamin', 0, 'Luca.Benjamin@gmail.com', '05804528828'),
(67, 'Kaylen', 'Doyle', 1, 'Kaylen.Doyle@gmail.com', '05624536432'),
(68, 'Anabelle', 'Espinoza', 1, 'Anabelle.Espinoza@gmail.com', '05190594455'),
(69, 'Valentino', 'Downs', 0, 'Valentino.Downs@gmail.com', '05910792549'),
(70, 'Kali', 'Norton', 1, 'Kali.Norton@gmail.com', '05514457667'),
(71, 'Penelope', 'Acosta', 1, 'Penelope.Acosta@gmail.com', '05758214972'),
(72, 'Garrett', 'Russell', 0, 'Garrett.Russell@gmail.com', '05267633892'),
(73, 'Jacqueline', 'Estes', 1, 'Jacqueline.Estes@gmail.com', '05677435332'),
(74, 'Tamia', 'Douglas', 1, 'Tamia.Douglas@gmail.com', '05151740128'),
(75, 'Clara', 'Davies', 1, 'Clara.Davies@gmail.com', '05516095357'),
(76, 'Mercedes', 'Armstrong', 1, 'Mercedes.Armstrong@gmail.com', '05478913143'),
(77, 'Ruben', 'Dudley', 0, 'Ruben.Dudley@gmail.com', '05613627670'),
(78, 'Tanya', 'Jarvis', 1, 'Tanya.Jarvis@gmail.com', '05630385000'),
(79, 'Ismael', 'Bowers', 0, 'Ismael.Bowers@gmail.com', '05030366815'),
(80, 'Justus', 'Roberts', 0, 'Justus.Roberts@gmail.com', '05027806037'),
(81, 'Amari', 'Medina', 0, 'Amari.Medina@gmail.com', '05097717956'),
(82, 'Jaylene', 'Hobbs', 1, 'Jaylene.Hobbs@gmail.com', '05926729384'),
(83, 'Hayden', 'Bowman', 1, 'Hayden.Bowman@gmail.com', '05352155914'),
(84, 'Lizeth', 'Baldwin', 1, 'Lizeth.Baldwin@gmail.com', '05103000892'),
(85, 'Macy', 'Ford', 1, 'Macy.Ford@gmail.com', '05176025677'),
(86, 'Savannah', 'Charles', 1, 'Savannah.Charles@gmail.com', '05218922556'),
(87, 'Keegan', 'Rangel', 0, 'Keegan.Rangel@gmail.com', '05085297583'),
(88, 'Phillip', 'Meyers', 0, 'Phillip.Meyers@gmail.com', '05189859864'),
(89, 'Slade', 'Henson', 0, 'Slade.Henson@gmail.com', '05293658334'),
(90, 'Dayana', 'Bradley', 1, 'Dayana.Bradley@gmail.com', '05173043323'),
(91, 'Leia', 'Jordan', 1, 'Leia.Jordan@gmail.com', '05458336736'),
(92, 'Roderick', 'Gallegos', 0, 'Roderick.Gallegos@gmail.com', '05980815469'),
(93, 'Laci', 'Sherman', 1, 'Laci.Sherman@gmail.com', '05480833106'),
(94, 'Makayla', 'Dunn', 1, 'Makayla.Dunn@gmail.com', '05611287822'),
(95, 'Hector', 'Johnston', 0, 'Hector.Johnston@gmail.com', '05482949115'),
(96, 'Mila', 'Mcintosh', 1, 'Mila.Mcintosh@gmail.com', '05555067845'),
(97, 'Tristen', 'Joseph', 0, 'Tristen.Joseph@gmail.com', '05797690811'),
(98, 'Marcus', 'Jacobson', 0, 'Marcus.Jacobson@gmail.com', '05535669120'),
(99, 'Daniella', 'Roy', 1, 'Daniella.Roy@gmail.com', '05716720289'),
(100, 'Taylor', 'Cole', 1, 'Taylor.Cole@gmail.com', '05671672914'),
(101, 'Maren', 'Walsh', 1, 'Maren.Walsh@gmail.com', '05913055165'),
(102, 'Gerardo', 'Sellers', 0, 'Gerardo.Sellers@gmail.com', '05191320259'),
(103, 'Zane', 'Cowan', 0, 'Zane.Cowan@gmail.com', '05074368735'),
(104, 'Rhett', 'Case', 0, 'Rhett.Case@gmail.com', '05092820349'),
(105, 'Douglas', 'Rowland', 0, 'Douglas.Rowland@gmail.com', '05198135210'),
(106, 'Christine', 'Harmon', 1, 'Christine.Harmon@gmail.com', '05787572279'),
(107, 'Max', 'Coleman', 0, 'Max.Coleman@gmail.com', '05320577531'),
(108, 'Brayan', 'Ortega', 0, 'Brayan.Ortega@gmail.com', '05997611763'),
(109, 'Salvador', 'Mckay', 0, 'Salvador.Mckay@gmail.com', '05215533673'),
(110, 'Trevon', 'Mcpherson', 0, 'Trevon.Mcpherson@gmail.com', '05651327681'),
(111, 'Lindsay', 'Mcneil', 1, 'Lindsay.Mcneil@gmail.com', '05131407766'),
(112, 'Tripp', 'Mccall', 0, 'Tripp.Mccall@gmail.com', '05174634256'),
(113, 'Reynaldo', 'Davis', 0, 'Reynaldo.Davis@gmail.com', '05713674863'),
(114, 'Azul', 'Mccarthy', 1, 'Azul.Mccarthy@gmail.com', '05472440260'),
(115, 'Aracely', 'Woodward', 1, 'Aracely.Woodward@gmail.com', '05427042645'),
(116, 'Marcos', 'Logan', 0, 'Marcos.Logan@gmail.com', '05146742051'),
(117, 'Shelby', 'Swanson', 1, 'Shelby.Swanson@gmail.com', '05339457603'),
(118, 'Jerimiah', 'Proctor', 0, 'Jerimiah.Proctor@gmail.com', '05238612299'),
(119, 'Reagan', 'Galloway', 1, 'Reagan.Galloway@gmail.com', '05528946110'),
(120, 'Casey', 'Wright', 0, 'Casey.Wright@gmail.com', '05921982236'),
(121, 'Xavier', 'Ware', 0, 'Xavier.Ware@gmail.com', '05527969113'),
(122, 'Ali', 'Hoffman', 0, 'Ali.Hoffman@gmail.com', '05382915072'),
(123, 'Makenzie', 'Taylor', 1, 'Makenzie.Taylor@gmail.com', '05300543201'),
(124, 'Jazlynn', 'Hays', 1, 'Jazlynn.Hays@gmail.com', '05909033348'),
(125, 'Jasper', 'Barker', 0, 'Jasper.Barker@gmail.com', '05287884096'),
(126, 'Hailie', 'Jacobs', 1, 'Hailie.Jacobs@gmail.com', '05916457662'),
(127, 'Emily', 'Branch', 1, 'Emily.Branch@gmail.com', '05172428502'),
(128, 'Myla', 'Hanna', 1, 'Myla.Hanna@gmail.com', '05156576438'),
(129, 'Ariella', 'Hopkins', 1, 'Ariella.Hopkins@gmail.com', '05691357525'),
(130, 'Amira', 'Morse', 1, 'Amira.Morse@gmail.com', '05931702182'),
(131, 'Salvatore', 'Richardson', 0, 'Salvatore.Richardson@gmail.com', '05903766710'),
(132, 'Siena', 'Fleming', 1, 'Siena.Fleming@gmail.com', '05198062554'),
(133, 'Jaelynn', 'York', 1, 'Jaelynn.York@gmail.com', '05741189425'),
(134, 'Jaelyn', 'Allen', 1, 'Jaelyn.Allen@gmail.com', '05002675808'),
(135, 'Edith', 'Livingston', 1, 'Edith.Livingston@gmail.com', '05818083456'),
(136, 'Mohammad', 'David', 0, 'Mohammad.David@gmail.com', '05832974621'),
(137, 'Julian', 'Pace', 0, 'Julian.Pace@gmail.com', '05321904735'),
(138, 'Madelynn', 'Reilly', 1, 'Madelynn.Reilly@gmail.com', '05373948762'),
(139, 'Heaven', 'Gaines', 1, 'Heaven.Gaines@gmail.com', '05471933028'),
(140, 'Rose', 'Ferguson', 1, 'Rose.Ferguson@gmail.com', '05947530187'),
(141, 'Cohen', 'Whitney', 0, 'Cohen.Whitney@gmail.com', '05072050521'),
(142, 'Callie', 'Delgado', 1, 'Callie.Delgado@gmail.com', '05405827683'),
(143, 'Selena', 'Peters', 1, 'Selena.Peters@gmail.com', '05236366246'),
(144, 'Austin', 'Kennedy', 0, 'Austin.Kennedy@gmail.com', '05849011213'),
(145, 'Luciano', 'Walls', 0, 'Luciano.Walls@gmail.com', '05864544046'),
(146, 'Charlie', 'Mora', 1, 'Charlie.Mora@gmail.com', '05485109743'),
(147, 'Royce', 'Dougherty', 0, 'Royce.Dougherty@gmail.com', '05282423916'),
(148, 'Shyanne', 'Calhoun', 1, 'Shyanne.Calhoun@gmail.com', '05244640579'),
(149, 'Naomi', 'Mccormick', 1, 'Naomi.Mccormick@gmail.com', '05427523904'),
(150, 'Ally', 'Ayala', 1, 'Ally.Ayala@gmail.com', '05673166955'),
(151, 'Manuel', 'Mejia', 0, 'Manuel.Mejia@gmail.com', '05906973071'),
(152, 'Russell', 'Anderson', 0, 'Russell.Anderson@gmail.com', '05003415846'),
(153, 'Jax', 'Oconnell', 0, 'Jax.Oconnell@gmail.com', '05190706247'),
(154, 'Keaton', 'Christian', 0, 'Keaton.Christian@gmail.com', '05354961205'),
(155, 'Killian', 'Sheppard', 0, 'Killian.Sheppard@gmail.com', '05863660242'),
(156, 'Celeste', 'Massey', 1, 'Celeste.Massey@gmail.com', '05206022869'),
(157, 'Paige', 'Owens', 1, 'Paige.Owens@gmail.com', '05400720275'),
(158, 'Janiyah', 'Bennett', 1, 'Janiyah.Bennett@gmail.com', '05094018466'),
(159, 'Mary', 'Caldwell', 1, 'Mary.Caldwell@gmail.com', '05490699613'),
(160, 'Cristian', 'Miranda', 0, 'Cristian.Miranda@gmail.com', '05396545070'),
(161, 'Savanna', 'Lloyd', 1, 'Savanna.Lloyd@gmail.com', '05431587175'),
(162, 'Adelyn', 'Walker', 1, 'Adelyn.Walker@gmail.com', '05738611134'),
(163, 'Julio', 'Andrews', 0, 'Julio.Andrews@gmail.com', '05221720878'),
(164, 'Devon', 'Huff', 0, 'Devon.Huff@gmail.com', '05971800570'),
(165, 'Oliver', 'Orr', 0, 'Oliver.Orr@gmail.com', '05814140697'),
(166, 'Myles', 'Ballard', 0, 'Myles.Ballard@gmail.com', '05887085828'),
(167, 'Jaylyn', 'Rodgers', 1, 'Jaylyn.Rodgers@gmail.com', '05194342385'),
(168, 'Erick', 'Kelly', 0, 'Erick.Kelly@gmail.com', '05156337040'),
(169, 'Francis', 'Walters', 0, 'Francis.Walters@gmail.com', '05704406210'),
(170, 'Gabriella', 'Nash', 1, 'Gabriella.Nash@gmail.com', '05566725468'),
(171, 'Sanai', 'Cline', 1, 'Sanai.Cline@gmail.com', '05417133367'),
(172, 'Sonia', 'Solis', 1, 'Sonia.Solis@gmail.com', '05179900053'),
(173, 'Kenna', 'Chang', 1, 'Kenna.Chang@gmail.com', '05946602575'),
(174, 'Keira', 'Baxter', 1, 'Keira.Baxter@gmail.com', '05434780418'),
(175, 'Lucia', 'Lawrence', 1, 'Lucia.Lawrence@gmail.com', '05791096360'),
(176, 'Eugene', 'Irwin', 0, 'Eugene.Irwin@gmail.com', '05614081892'),
(177, 'Kadin', 'Mosley', 0, 'Kadin.Mosley@gmail.com', '05603866665'),
(178, 'Howard', 'Oneill', 0, 'Howard.Oneill@gmail.com', '05866714756'),
(179, 'Leo', 'Crosby', 0, 'Leo.Crosby@gmail.com', '05286368712'),
(180, 'Isabella', 'Benton', 1, 'Isabella.Benton@gmail.com', '05739425182'),
(181, 'Rodney', 'Carney', 0, 'Rodney.Carney@gmail.com', '05895262041'),
(182, 'Shane', 'Dixon', 0, 'Shane.Dixon@gmail.com', '05981772235'),
(183, 'Theresa', 'Bush', 1, 'Theresa.Bush@gmail.com', '05750298514'),
(184, 'Angeline', 'Durham', 1, 'Angeline.Durham@gmail.com', '05980285510'),
(185, 'Kael', 'Herman', 0, 'Kael.Herman@gmail.com', '05348681392'),
(186, 'Ricky', 'Stokes', 0, 'Ricky.Stokes@gmail.com', '05458321773'),
(187, 'Yuliana', 'Simpson', 1, 'Yuliana.Simpson@gmail.com', '05336889040'),
(188, 'Dean', 'Montoya', 0, 'Dean.Montoya@gmail.com', '05828070407'),
(189, 'Reece', 'Wolfe', 0, 'Reece.Wolfe@gmail.com', '05739816124'),
(190, 'Oscar', 'Bond', 0, 'Oscar.Bond@gmail.com', '05255171112'),
(191, 'Haylee', 'Brock', 1, 'Haylee.Brock@gmail.com', '05213253160'),
(192, 'Bernard', 'Greer', 0, 'Bernard.Greer@gmail.com', '05960774349'),
(193, 'Angelica', 'Krueger', 1, 'Angelica.Krueger@gmail.com', '05686890017'),
(194, 'David', 'Burgess', 0, 'David.Burgess@gmail.com', '05270706795'),
(195, 'Marc', 'Dyer', 0, 'Marc.Dyer@gmail.com', '05885231412'),
(196, 'Jayson', 'Hayes', 0, 'Jayson.Hayes@gmail.com', '05001022076'),
(197, 'Cassius', 'Arroyo', 0, 'Cassius.Arroyo@gmail.com', '05804695203'),
(198, 'Vance', 'Whitehead', 0, 'Vance.Whitehead@gmail.com', '05861102334'),
(199, 'Shea', 'Ruiz', 1, 'Shea.Ruiz@gmail.com', '05568765581'),
(200, 'Oswaldo', 'Rubio', 0, 'Oswaldo.Rubio@gmail.com', '05702342660'),
(201, 'Rowan', 'Soto', 0, 'Rowan.Soto@gmail.com', '05375800236'),
(202, 'Zoey', 'Kelley', 1, 'Zoey.Kelley@gmail.com', '05667118478'),
(203, 'Natalie', 'Grimes', 1, 'Natalie.Grimes@gmail.com', '05044203488'),
(204, 'Jovanny', 'Mahoney', 0, 'Jovanny.Mahoney@gmail.com', '05387603494'),
(205, 'Cullen', 'Ellison', 0, 'Cullen.Ellison@gmail.com', '05238076086'),
(206, 'Hana', 'Owen', 1, 'Hana.Owen@gmail.com', '05255524321'),
(207, 'Priscilla', 'Simmons', 1, 'Priscilla.Simmons@gmail.com', '05972411818'),
(208, 'Jaydan', 'Warren', 0, 'Jaydan.Warren@gmail.com', '05643451286'),
(209, 'Anabel', 'Chan', 1, 'Anabel.Chan@gmail.com', '05227889971'),
(210, 'Winston', 'Mendoza', 0, 'Winston.Mendoza@gmail.com', '05347650476'),
(211, 'Adalyn', 'Mooney', 1, 'Adalyn.Mooney@gmail.com', '05979229974'),
(212, 'Addisyn', 'Giles', 1, 'Addisyn.Giles@gmail.com', '05219108514'),
(213, 'Reid', 'Snow', 0, 'Reid.Snow@gmail.com', '05170310964'),
(214, 'Aditya', 'Farmer', 0, 'Aditya.Farmer@gmail.com', '05536445878'),
(215, 'Uriah', 'Pollard', 0, 'Uriah.Pollard@gmail.com', '05848899397'),
(216, 'Roy', 'Rivas', 0, 'Roy.Rivas@gmail.com', '05908114540'),
(217, 'Karson', 'Wise', 0, 'Karson.Wise@gmail.com', '05841558458'),
(218, 'Carson', 'Torres', 0, 'Carson.Torres@gmail.com', '05620870766'),
(219, 'Henry', 'Henderson', 0, 'Henry.Henderson@gmail.com', '05609353582'),
(220, 'Kai', 'Kirby', 0, 'Kai.Kirby@gmail.com', '05539577338'),
(221, 'Markus', 'Carrillo', 0, 'Markus.Carrillo@gmail.com', '05105371159'),
(222, 'Angelo', 'Bauer', 0, 'Angelo.Bauer@gmail.com', '05133603967'),
(223, 'Bradley', 'Bradford', 0, 'Bradley.Bradford@gmail.com', '05929875893'),
(224, 'Jazlene', 'Lang', 1, 'Jazlene.Lang@gmail.com', '05028444349'),
(225, 'Maurice', 'Prince', 0, 'Maurice.Prince@gmail.com', '05439746708'),
(226, 'Justin', 'Fritz', 0, 'Justin.Fritz@gmail.com', '05962441743'),
(227, 'Izaiah', 'Horn', 0, 'Izaiah.Horn@gmail.com', '05122776945'),
(228, 'Aubrey', 'Murphy', 1, 'Aubrey.Murphy@gmail.com', '05513303180'),
(229, 'River', 'Abbott', 0, 'River.Abbott@gmail.com', '05270544043'),
(230, 'Cole', 'Braun', 0, 'Cole.Braun@gmail.com', '05716402141'),
(231, 'Franklin', 'Romero', 0, 'Franklin.Romero@gmail.com', '05617145171'),
(232, 'Raelynn', 'Wyatt', 1, 'Raelynn.Wyatt@gmail.com', '05118813351'),
(233, 'Tucker', 'Sloan', 0, 'Tucker.Sloan@gmail.com', '05947361440'),
(234, 'Brian', 'Howard', 0, 'Brian.Howard@gmail.com', '05742459713'),
(235, 'Isabell', 'Reed', 1, 'Isabell.Reed@gmail.com', '05495921228'),
(236, 'Anderson', 'Lowe', 0, 'Anderson.Lowe@gmail.com', '05757121169'),
(237, 'Iris', 'Bryant', 1, 'Iris.Bryant@gmail.com', '05478351965'),
(238, 'Kathy', 'Nunez', 1, 'Kathy.Nunez@gmail.com', '05027141180'),
(239, 'Kaitlyn', 'Simon', 1, 'Kaitlyn.Simon@gmail.com', '05720936067'),
(240, 'Brodie', 'Love', 0, 'Brodie.Love@gmail.com', '05701897324'),
(241, 'Veronica', 'Park', 1, 'Veronica.Park@gmail.com', '05172201319'),
(242, 'Mathew', 'Potts', 0, 'Mathew.Potts@gmail.com', '05917543209'),
(243, 'Giada', 'Tucker', 1, 'Giada.Tucker@gmail.com', '05079723361'),
(244, 'Ignacio', 'Newman', 0, 'Ignacio.Newman@gmail.com', '05495749662'),
(245, 'Dominique', 'Daniels', 1, 'Dominique.Daniels@gmail.com', '05106556669'),
(246, 'Leslie', 'Ward', 1, 'Leslie.Ward@gmail.com', '05068406561'),
(247, 'Kyra', 'Santiago', 1, 'Kyra.Santiago@gmail.com', '05983842214'),
(248, 'Marlon', 'Ryan', 0, 'Marlon.Ryan@gmail.com', '05019877763'),
(249, 'Cedric', 'Davenport', 0, 'Cedric.Davenport@gmail.com', '05445011431'),
(250, 'Kathleen', 'Andrade', 1, 'Kathleen.Andrade@gmail.com', '05458879215'),
(251, 'Stephen', 'Farrell', 0, 'Stephen.Farrell@gmail.com', '05432428721'),
(252, 'Brielle', 'Chase', 1, 'Brielle.Chase@gmail.com', '05860223376'),
(253, 'Brylee', 'Sanchez', 1, 'Brylee.Sanchez@gmail.com', '05681825377'),
(254, 'Layton', 'Carroll', 0, 'Layton.Carroll@gmail.com', '05144039377'),
(255, 'Braden', 'Liu', 0, 'Braden.Liu@gmail.com', '05945474188'),
(256, 'Alma', 'Flowers', 1, 'Alma.Flowers@gmail.com', '05971410412'),
(257, 'Danica', 'Trujillo', 1, 'Danica.Trujillo@gmail.com', '05878717730'),
(258, 'Coleman', 'Higgins', 0, 'Coleman.Higgins@gmail.com', '05716146935'),
(259, 'Mariyah', 'Holloway', 1, 'Mariyah.Holloway@gmail.com', '05672615092'),
(260, 'Kyan', 'Dunlap', 0, 'Kyan.Dunlap@gmail.com', '05089852011'),
(261, 'Maxim', 'Mathews', 0, 'Maxim.Mathews@gmail.com', '05998612125'),
(262, 'Kallie', 'Mcfarland', 1, 'Kallie.Mcfarland@gmail.com', '05953454652'),
(263, 'Peyton', 'Whitaker', 0, 'Peyton.Whitaker@gmail.com', '05288612896'),
(264, 'Julianna', 'Melendez', 1, 'Julianna.Melendez@gmail.com', '05531943433'),
(265, 'Rosa', 'Mills', 1, 'Rosa.Mills@gmail.com', '05897273476'),
(266, 'Lorenzo', 'Burns', 0, 'Lorenzo.Burns@gmail.com', '05539930520'),
(267, 'Camron', 'Mann', 0, 'Camron.Mann@gmail.com', '05432978228'),
(268, 'Roberto', 'Lopez', 0, 'Roberto.Lopez@gmail.com', '05640190778'),
(269, 'Ronnie', 'Blake', 0, 'Ronnie.Blake@gmail.com', '05737990136'),
(270, 'Izabella', 'Stewart', 1, 'Izabella.Stewart@gmail.com', '05056891924'),
(271, 'Miracle', 'Leon', 1, 'Miracle.Leon@gmail.com', '05787757709'),
(272, 'Aryan', 'Long', 0, 'Aryan.Long@gmail.com', '05756760529'),
(273, 'Mollie', 'Gill', 1, 'Mollie.Gill@gmail.com', '05548652321'),
(274, 'Jairo', 'Alvarado', 0, 'Jairo.Alvarado@gmail.com', '05095767925'),
(275, 'Tyrone', 'Galvan', 0, 'Tyrone.Galvan@gmail.com', '05175327298'),
(276, 'Bruce', 'Moss', 0, 'Bruce.Moss@gmail.com', '05980112434'),
(277, 'Alexis', 'Mullins', 1, 'Alexis.Mullins@gmail.com', '05240952631'),
(278, 'Aarav', 'Pratt', 0, 'Aarav.Pratt@gmail.com', '05734666581'),
(279, 'Savion', 'Tate', 0, 'Savion.Tate@gmail.com', '05490843318'),
(280, 'Denise', 'Cooley', 1, 'Denise.Cooley@gmail.com', '05863338631'),
(281, 'Kailyn', 'Cabrera', 1, 'Kailyn.Cabrera@gmail.com', '05724392751'),
(282, 'Alissa', 'Goodman', 1, 'Alissa.Goodman@gmail.com', '05198621499'),
(283, 'Ali', 'Spence', 1, 'Ali.Spence@gmail.com', '05409262320'),
(284, 'Cadence', 'Lucero', 1, 'Cadence.Lucero@gmail.com', '05543938042'),
(285, 'Micaela', 'Nielsen', 1, 'Micaela.Nielsen@gmail.com', '05300440516'),
(286, 'Shyann', 'Cantu', 1, 'Shyann.Cantu@gmail.com', '05728170106'),
(287, 'Pierre', 'Ball', 0, 'Pierre.Ball@gmail.com', '05900925163'),
(288, 'Marshall', 'Fowler', 0, 'Marshall.Fowler@gmail.com', '05312384185'),
(289, 'Maddox', 'Erickson', 0, 'Maddox.Erickson@gmail.com', '05591532139'),
(290, 'Osvaldo', 'Zhang', 0, 'Osvaldo.Zhang@gmail.com', '05916652910'),
(291, 'Delilah', 'Schmitt', 1, 'Delilah.Schmitt@gmail.com', '05283823627'),
(292, 'Aniyah', 'Stanley', 1, 'Aniyah.Stanley@gmail.com', '05897220176'),
(293, 'Jadyn', 'Drake', 1, 'Jadyn.Drake@gmail.com', '05295617663'),
(294, 'Bailey', 'Moreno', 0, 'Bailey.Moreno@gmail.com', '05690173887'),
(295, 'Madison', 'Williams', 1, 'Madison.Williams@gmail.com', '05612859489'),
(296, 'Izayah', 'Mason', 0, 'Izayah.Mason@gmail.com', '05522400717'),
(297, 'Lamar', 'Tapia', 0, 'Lamar.Tapia@gmail.com', '05771289971'),
(298, 'Liliana', 'Boone', 1, 'Liliana.Boone@gmail.com', '05547407577'),
(299, 'Damari', 'Rice', 0, 'Damari.Rice@gmail.com', '05164247121'),
(300, 'Zackary', 'Pittman', 0, 'Zackary.Pittman@gmail.com', '05239348409'),
(301, 'Hailee', 'Cisneros', 1, 'Hailee.Cisneros@gmail.com', '05856635359'),
(302, 'Jerry', 'Savage', 0, 'Jerry.Savage@gmail.com', '05388210321'),
(303, 'Jamie', 'Washington', 1, 'Jamie.Washington@gmail.com', '05301153261'),
(304, 'Claire', 'Berry', 1, 'Claire.Berry@gmail.com', '05077524686'),
(305, 'Taniyah', 'Ramos', 1, 'Taniyah.Ramos@gmail.com', '05630864231'),
(306, 'Jazmine', 'Poole', 1, 'Jazmine.Poole@gmail.com', '05381819043'),
(307, 'Travis', 'Frazier', 0, 'Travis.Frazier@gmail.com', '05275743554'),
(308, 'Sidney', 'Thompson', 0, 'Sidney.Thompson@gmail.com', '05729143599'),
(309, 'Dominik', 'Stevenson', 0, 'Dominik.Stevenson@gmail.com', '05281185788'),
(310, 'Kyleigh', 'Vaughn', 1, 'Kyleigh.Vaughn@gmail.com', '05382847380'),
(311, 'Connor', 'Daugherty', 0, 'Connor.Daugherty@gmail.com', '05035386486'),
(312, 'Keyon', 'Kline', 0, 'Keyon.Kline@gmail.com', '05797288006'),
(313, 'Cloe', 'Rose', 1, 'Cloe.Rose@gmail.com', '05846794817'),
(314, 'Sebastian', 'Solomon', 0, 'Sebastian.Solomon@gmail.com', '05435275954'),
(315, 'Brooks', 'Leach', 0, 'Brooks.Leach@gmail.com', '05415237897'),
(316, 'Cash', 'Huber', 0, 'Cash.Huber@gmail.com', '05654235931'),
(317, 'Journey', 'Pierce', 1, 'Journey.Pierce@gmail.com', '05885672259'),
(318, 'Nicolas', 'Garcia', 0, 'Nicolas.Garcia@gmail.com', '05680581466'),
(319, 'Davis', 'Shelton', 0, 'Davis.Shelton@gmail.com', '05037541807'),
(320, 'Reese', 'Kent', 1, 'Reese.Kent@gmail.com', '05559774643'),
(321, 'Semaj', 'Fuentes', 0, 'Semaj.Fuentes@gmail.com', '05593649261'),
(322, 'Riley', 'Bradshaw', 0, 'Riley.Bradshaw@gmail.com', '05116298188'),
(323, 'Turner', 'Kaufman', 0, 'Turner.Kaufman@gmail.com', '05741327671'),
(324, 'Jaylynn', 'Schneider', 1, 'Jaylynn.Schneider@gmail.com', '05474411752'),
(325, 'Rohan', 'Foley', 0, 'Rohan.Foley@gmail.com', '05828648602'),
(326, 'Keyla', 'Gonzales', 1, 'Keyla.Gonzales@gmail.com', '05599276396'),
(327, 'Camryn', 'Gibbs', 0, 'Camryn.Gibbs@gmail.com', '05142239448'),
(328, 'Haven', 'Salas', 1, 'Haven.Salas@gmail.com', '05612405871'),
(329, 'Brooklynn', 'Bates', 1, 'Brooklynn.Bates@gmail.com', '05056815793'),
(330, 'Santos', 'Potter', 0, 'Santos.Potter@gmail.com', '05500566515'),
(331, 'Roselyn', 'Blair', 1, 'Roselyn.Blair@gmail.com', '05777484613'),
(332, 'Frank', 'Forbes', 0, 'Frank.Forbes@gmail.com', '05990461948'),
(333, 'Janiah', 'Ibarra', 1, 'Janiah.Ibarra@gmail.com', '05844596023'),
(334, 'Trinity', 'Bridges', 1, 'Trinity.Bridges@gmail.com', '05049423704'),
(335, 'Darion', 'Robertson', 0, 'Darion.Robertson@gmail.com', '05427743511'),
(336, 'Catherine', 'Madden', 1, 'Catherine.Madden@gmail.com', '05606428729'),
(337, 'Summer', 'Herring', 1, 'Summer.Herring@gmail.com', '05130412894'),
(338, 'Jeffrey', 'Mcclain', 0, 'Jeffrey.Mcclain@gmail.com', '05318789036'),
(339, 'Billy', 'Berg', 0, 'Billy.Berg@gmail.com', '05206270168'),
(340, 'Brennen', 'Diaz', 0, 'Brennen.Diaz@gmail.com', '05803384948'),
(341, 'Chaim', 'Knapp', 0, 'Chaim.Knapp@gmail.com', '05615729305'),
(342, 'Addyson', 'Lewis', 1, 'Addyson.Lewis@gmail.com', '05190237079'),
(343, 'Noelle', 'Howell', 1, 'Noelle.Howell@gmail.com', '05268655592'),
(344, 'Shaylee', 'Weiss', 1, 'Shaylee.Weiss@gmail.com', '05015165648'),
(345, 'Gina', 'Sparks', 1, 'Gina.Sparks@gmail.com', '05918848778'),
(346, 'Vanessa', 'Cooper', 1, 'Vanessa.Cooper@gmail.com', '05870349802'),
(347, 'Cody', 'Beard', 0, 'Cody.Beard@gmail.com', '05719575361'),
(348, 'Isaias', 'Mccann', 0, 'Isaias.Mccann@gmail.com', '05124993726'),
(349, 'Case', 'Cannon', 0, 'Case.Cannon@gmail.com', '05698798093'),
(350, 'Sophie', 'Barajas', 1, 'Sophie.Barajas@gmail.com', '05349086128'),
(351, 'Ann', 'Lutz', 1, 'Ann.Lutz@gmail.com', '05446729583'),
(352, 'Heidy', 'Salinas', 1, 'Heidy.Salinas@gmail.com', '05101000301'),
(353, 'Nicholas', 'Barry', 0, 'Nicholas.Barry@gmail.com', '05092827672'),
(354, 'Reagan', 'Adams', 0, 'Reagan.Adams@gmail.com', '05094144475'),
(355, 'Johnathan', 'English', 0, 'Johnathan.English@gmail.com', '05680930047'),
(356, 'Troy', 'Moore', 0, 'Troy.Moore@gmail.com', '05137895229'),
(357, 'Karlee', 'Marsh', 1, 'Karlee.Marsh@gmail.com', '05346915673'),
(358, 'Tara', 'Curry', 1, 'Tara.Curry@gmail.com', '05440664389'),
(359, 'Lillie', 'Lindsey', 1, 'Lillie.Lindsey@gmail.com', '05733467318'),
(360, 'Eduardo', 'Gonzalez', 0, 'Eduardo.Gonzalez@gmail.com', '05698255722'),
(361, 'Jayleen', 'Elliott', 1, 'Jayleen.Elliott@gmail.com', '05504935108'),
(362, 'Ulises', 'Walter', 0, 'Ulises.Walter@gmail.com', '05142095172'),
(363, 'Mia', 'Brewer', 1, 'Mia.Brewer@gmail.com', '05115898326'),
(364, 'Luka', 'Glenn', 0, 'Luka.Glenn@gmail.com', '05198808604'),
(365, 'Joel', 'Gilbert', 0, 'Joel.Gilbert@gmail.com', '05805314812'),
(366, 'Hazel', 'Brady', 1, 'Hazel.Brady@gmail.com', '05093026620'),
(367, 'Leyla', 'Mccarty', 1, 'Leyla.Mccarty@gmail.com', '05872965561'),
(368, 'Rodrigo', 'Mayer', 0, 'Rodrigo.Mayer@gmail.com', '05990571085'),
(369, 'Raphael', 'Waters', 0, 'Raphael.Waters@gmail.com', '05902585787'),
(370, 'Junior', 'Shannon', 0, 'Junior.Shannon@gmail.com', '05173841200'),
(371, 'Abigail', 'Wong', 1, 'Abigail.Wong@gmail.com', '05069380088'),
(372, 'Amy', 'Sexton', 1, 'Amy.Sexton@gmail.com', '05069549426'),
(373, 'Preston', 'Farley', 0, 'Preston.Farley@gmail.com', '05245366598'),
(374, 'Karli', 'Ferrell', 1, 'Karli.Ferrell@gmail.com', '05906917727'),
(375, 'Asher', 'Fuller', 0, 'Asher.Fuller@gmail.com', '05875729680'),
(376, 'Milo', 'Costa', 0, 'Milo.Costa@gmail.com', '05733594562'),
(377, 'Lisa', 'Tran', 1, 'Lisa.Tran@gmail.com', '05140844765'),
(378, 'Zain', 'Holland', 0, 'Zain.Holland@gmail.com', '05035195392'),
(379, 'Zaria', 'Floyd', 1, 'Zaria.Floyd@gmail.com', '05564140499'),
(380, 'Kaiya', 'Lyons', 1, 'Kaiya.Lyons@gmail.com', '05159845301'),
(381, 'Tomas', 'Glass', 0, 'Tomas.Glass@gmail.com', '05877419824'),
(382, 'Joyce', 'Michael', 1, 'Joyce.Michael@gmail.com', '05864025291'),
(383, 'Livia', 'Gardner', 1, 'Livia.Gardner@gmail.com', '05031873939'),
(384, 'Elaine', 'Garrett', 1, 'Elaine.Garrett@gmail.com', '05931835288'),
(385, 'Kendall', 'Johns', 0, 'Kendall.Johns@gmail.com', '05429049105'),
(386, 'Sariah', 'Valenzuela', 1, 'Sariah.Valenzuela@gmail.com', '05612025128'),
(387, 'Finn', 'Gillespie', 0, 'Finn.Gillespie@gmail.com', '05181921748'),
(388, 'Rihanna', 'Wu', 1, 'Rihanna.Wu@gmail.com', '05833943489'),
(389, 'Shyla', 'Mckinney', 1, 'Shyla.Mckinney@gmail.com', '05336148977'),
(390, 'Damon', 'Alvarez', 0, 'Damon.Alvarez@gmail.com', '05010204243'),
(391, 'Simeon', 'Hardin', 0, 'Simeon.Hardin@gmail.com', '05714264395'),
(392, 'Carissa', 'Barr', 1, 'Carissa.Barr@gmail.com', '05308317135'),
(393, 'Rebecca', 'Rivera', 1, 'Rebecca.Rivera@gmail.com', '05557101521'),
(394, 'Gordon', 'Townsend', 0, 'Gordon.Townsend@gmail.com', '05582923617'),
(395, 'Dashawn', 'Barnes', 0, 'Dashawn.Barnes@gmail.com', '05754569026'),
(396, 'Aylin', 'Calderon', 1, 'Aylin.Calderon@gmail.com', '05609952010'),
(397, 'Kasey', 'Yoder', 1, 'Kasey.Yoder@gmail.com', '05264757670'),
(398, 'Kira', 'Thornton', 1, 'Kira.Thornton@gmail.com', '05421323212'),
(399, 'Owen', 'Osborne', 0, 'Owen.Osborne@gmail.com', '05279603673'),
(400, 'Nikhil', 'Finley', 0, 'Nikhil.Finley@gmail.com', '05991658800'),
(401, 'Felix', 'Villarreal', 0, 'Felix.Villarreal@gmail.com', '05377611995'),
(402, 'Adison', 'Key', 1, 'Adison.Key@gmail.com', '05499776272'),
(403, 'Allie', 'Patrick', 1, 'Allie.Patrick@gmail.com', '05393375610'),
(404, 'Payton', 'Roach', 1, 'Payton.Roach@gmail.com', '05864176605'),
(405, 'Landen', 'Sutton', 0, 'Landen.Sutton@gmail.com', '05628447985'),
(406, 'Makai', 'Pearson', 0, 'Makai.Pearson@gmail.com', '05889342435'),
(407, 'Kellen', 'Richards', 0, 'Kellen.Richards@gmail.com', '05058810351'),
(408, 'Kristin', 'Kramer', 1, 'Kristin.Kramer@gmail.com', '05152842393'),
(409, 'Anika', 'Shea', 1, 'Anika.Shea@gmail.com', '05473736478'),
(410, 'Kash', 'West', 0, 'Kash.West@gmail.com', '05847992200'),
(411, 'Santino', 'Molina', 0, 'Santino.Molina@gmail.com', '05444803132'),
(412, 'John', 'Bray', 0, 'John.Bray@gmail.com', '05575414400'),
(413, 'Damien', 'Carr', 0, 'Damien.Carr@gmail.com', '05736266206'),
(414, 'Dakota', 'Vang', 0, 'Dakota.Vang@gmail.com', '05166692174'),
(415, 'Sterling', 'Vasquez', 0, 'Sterling.Vasquez@gmail.com', '05248888934'),
(416, 'Pablo', 'Hogan', 0, 'Pablo.Hogan@gmail.com', '05002944741'),
(417, 'Seamus', 'Pineda', 0, 'Seamus.Pineda@gmail.com', '05972101888'),
(418, 'Devin', 'Nguyen', 0, 'Devin.Nguyen@gmail.com', '05801814203'),
(419, 'Jenny', 'Fisher', 1, 'Jenny.Fisher@gmail.com', '05569033346'),
(420, 'Kylan', 'Vance', 0, 'Kylan.Vance@gmail.com', '05081381104'),
(421, 'Cristina', 'Vargas', 1, 'Cristina.Vargas@gmail.com', '05896448710'),
(422, 'Leah', 'Padilla', 1, 'Leah.Padilla@gmail.com', '05972326169'),
(423, 'Jamya', 'Choi', 1, 'Jamya.Choi@gmail.com', '05244484019'),
(424, 'Brent', 'Holder', 0, 'Brent.Holder@gmail.com', '05577360537'),
(425, 'Ayana', 'Benitez', 1, 'Ayana.Benitez@gmail.com', '05122831967'),
(426, 'Isaiah', 'Butler', 0, 'Isaiah.Butler@gmail.com', '05280802915'),
(427, 'Jabari', 'Ortiz', 0, 'Jabari.Ortiz@gmail.com', '05416470342'),
(428, 'Mario', 'Todd', 0, 'Mario.Todd@gmail.com', '05721847569'),
(429, 'Aria', 'Bullock', 1, 'Aria.Bullock@gmail.com', '05006497969'),
(430, 'Evelin', 'Hernandez', 1, 'Evelin.Hernandez@gmail.com', '05874020260'),
(431, 'Kierra', 'Miles', 1, 'Kierra.Miles@gmail.com', '05395053269'),
(432, 'Jeffery', 'Brandt', 0, 'Jeffery.Brandt@gmail.com', '05586594441'),
(433, 'Antoine', 'Lynn', 0, 'Antoine.Lynn@gmail.com', '05845091182'),
(434, 'Van', 'Marquez', 0, 'Van.Marquez@gmail.com', '05975213150'),
(435, 'Emery', 'Rogers', 1, 'Emery.Rogers@gmail.com', '05844280353'),
(436, 'Cierra', 'Meza', 1, 'Cierra.Meza@gmail.com', '05848959419'),
(437, 'Sarai', 'Fitzgerald', 1, 'Sarai.Fitzgerald@gmail.com', '05469796961'),
(438, 'Amaris', 'Haney', 1, 'Amaris.Haney@gmail.com', '05793738067'),
(439, 'Prince', 'Parsons', 0, 'Prince.Parsons@gmail.com', '05607741679'),
(440, 'Willie', 'Haley', 0, 'Willie.Haley@gmail.com', '05195991386'),
(441, 'Carl', 'Stevens', 0, 'Carl.Stevens@gmail.com', '05903721634'),
(442, 'Ryder', 'Norman', 0, 'Ryder.Norman@gmail.com', '05117476492'),
(443, 'Zaniyah', 'Zamora', 1, 'Zaniyah.Zamora@gmail.com', '05760098628'),
(444, 'Maddison', 'Novak', 1, 'Maddison.Novak@gmail.com', '05146319752'),
(445, 'Lane', 'Graves', 0, 'Lane.Graves@gmail.com', '05154814005'),
(446, 'Jimena', 'White', 1, 'Jimena.White@gmail.com', '05598562416'),
(447, 'Cecelia', 'Booker', 1, 'Cecelia.Booker@gmail.com', '05209474803'),
(448, 'Kenneth', 'Callahan', 0, 'Kenneth.Callahan@gmail.com', '05808428116'),
(449, 'Trevor', 'Goodwin', 0, 'Trevor.Goodwin@gmail.com', '05636870450'),
(450, 'Nyla', 'Wilkinson', 1, 'Nyla.Wilkinson@gmail.com', '05957537954'),
(451, 'Meghan', 'Mcdaniel', 1, 'Meghan.Mcdaniel@gmail.com', '05439242025'),
(452, 'Jayla', 'Carpenter', 1, 'Jayla.Carpenter@gmail.com', '05357522511'),
(453, 'Scott', 'Morales', 0, 'Scott.Morales@gmail.com', '05801597106'),
(454, 'Tianna', 'Pope', 1, 'Tianna.Pope@gmail.com', '05699003570'),
(455, 'Piper', 'Hensley', 1, 'Piper.Hensley@gmail.com', '05746109367'),
(456, 'Erika', 'Cameron', 1, 'Erika.Cameron@gmail.com', '05999829404'),
(457, 'Sheldon', 'Hayden', 0, 'Sheldon.Hayden@gmail.com', '05351808115'),
(458, 'Augustus', 'Wilkerson', 0, 'Augustus.Wilkerson@gmail.com', '05328376205'),
(459, 'Joy', 'Montes', 1, 'Joy.Montes@gmail.com', '05416486825'),
(460, 'Justice', 'Mccoy', 0, 'Justice.Mccoy@gmail.com', '05748759267'),
(461, 'Reese', 'Li', 0, 'Reese.Li@gmail.com', '05717439173'),
(462, 'Elliana', 'Martin', 1, 'Elliana.Martin@gmail.com', '05998501248'),
(463, 'Arielle', 'Terrell', 1, 'Arielle.Terrell@gmail.com', '05896032912'),
(464, 'Chana', 'Knox', 1, 'Chana.Knox@gmail.com', '05138247517'),
(465, 'Maximillian', 'Boyer', 0, 'Maximillian.Boyer@gmail.com', '05813169179'),
(466, 'Javon', 'Lucas', 0, 'Javon.Lucas@gmail.com', '05522915300'),
(467, 'Davion', 'King', 0, 'Davion.King@gmail.com', '05891763436'),
(468, 'Ari', 'Garza', 0, 'Ari.Garza@gmail.com', '05150070998'),
(469, 'Dalia', 'Suarez', 1, 'Dalia.Suarez@gmail.com', '05264827884'),
(470, 'Jorge', 'Fischer', 0, 'Jorge.Fischer@gmail.com', '05656199965'),
(471, 'Philip', 'Murillo', 0, 'Philip.Murillo@gmail.com', '05600811684'),
(472, 'Greta', 'Odonnell', 1, 'Greta.Odonnell@gmail.com', '05171079451'),
(473, 'Dennis', 'Guerrero', 0, 'Dennis.Guerrero@gmail.com', '05751647161'),
(474, 'Ellen', 'Neal', 1, 'Ellen.Neal@gmail.com', '05370760379'),
(475, 'Kasen', 'Copeland', 0, 'Kasen.Copeland@gmail.com', '05063238350'),
(476, 'Brenton', 'Melton', 0, 'Brenton.Melton@gmail.com', '05187194212'),
(477, 'Aliya', 'Jones', 1, 'Aliya.Jones@gmail.com', '05246585441'),
(478, 'Daphne', 'Zavala', 1, 'Daphne.Zavala@gmail.com', '05474421424'),
(479, 'Krish', 'Brooks', 0, 'Krish.Brooks@gmail.com', '05491834205'),
(480, 'Crystal', 'House', 1, 'Crystal.House@gmail.com', '05323967030'),
(481, 'Saniyah', 'Paul', 1, 'Saniyah.Paul@gmail.com', '05414888260'),
(482, 'Kade', 'Payne', 0, 'Kade.Payne@gmail.com', '05260810385'),
(483, 'Arianna', 'Good', 1, 'Arianna.Good@gmail.com', '05800804896'),
(484, 'Nicole', 'Haas', 1, 'Nicole.Haas@gmail.com', '05133959046'),
(485, 'Brayden', 'Cordova', 0, 'Brayden.Cordova@gmail.com', '05621681493'),
(486, 'Angel', 'Hatfield', 0, 'Angel.Hatfield@gmail.com', '05421011886'),
(487, 'Jakayla', 'Russo', 1, 'Jakayla.Russo@gmail.com', '05916032693'),
(488, 'Rodolfo', 'Shields', 0, 'Rodolfo.Shields@gmail.com', '05623862313'),
(489, 'Lorelai', 'Greene', 1, 'Lorelai.Greene@gmail.com', '05596886497'),
(490, 'Leticia', 'Herrera', 1, 'Leticia.Herrera@gmail.com', '05657836372'),
(491, 'Kaden', 'Nelson', 0, 'Kaden.Nelson@gmail.com', '05508031356'),
(492, 'Zavier', 'Mcmillan', 0, 'Zavier.Mcmillan@gmail.com', '05386946990'),
(493, 'Lilah', 'Holt', 1, 'Lilah.Holt@gmail.com', '05839678892'),
(494, 'Issac', 'Sanford', 0, 'Issac.Sanford@gmail.com', '05064119726'),
(495, 'Toby', 'Cherry', 0, 'Toby.Cherry@gmail.com', '05445256305'),
(496, 'Annalise', 'Hudson', 1, 'Annalise.Hudson@gmail.com', '05614523784'),
(497, 'Stella', 'Bird', 1, 'Stella.Bird@gmail.com', '05929011862'),
(498, 'Kaylynn', 'Adkins', 1, 'Kaylynn.Adkins@gmail.com', '05957707254'),
(499, 'Yaretzi', 'Conrad', 1, 'Yaretzi.Conrad@gmail.com', '05969459967'),
(500, 'Antony', 'Bass', 0, 'Antony.Bass@gmail.com', '05601897241'),
(501, 'Lana', 'Bryan', 1, 'Lana.Bryan@gmail.com', '05802757266'),
(502, 'Miya', 'Powers', 1, 'Miya.Powers@gmail.com', '05579685585'),
(503, 'Malik', 'Villa', 0, 'Malik.Villa@gmail.com', '05620664797'),
(504, 'Wayne', 'Flynn', 0, 'Wayne.Flynn@gmail.com', '05956992546'),
(505, 'Kaia', 'Mcdowell', 1, 'Kaia.Mcdowell@gmail.com', '05592071710'),
(506, 'Dawson', 'Kaiser', 0, 'Dawson.Kaiser@gmail.com', '05221810593'),
(507, 'Anne', 'Mcintyre', 1, 'Anne.Mcintyre@gmail.com', '05248493327'),
(508, 'Efrain', 'Hampton', 0, 'Efrain.Hampton@gmail.com', '05911082247'),
(509, 'Brendon', 'Rasmussen', 0, 'Brendon.Rasmussen@gmail.com', '05828089556'),
(510, 'Teagan', 'Gibson', 1, 'Teagan.Gibson@gmail.com', '05520075951'),
(511, 'Emilio', 'Kim', 0, 'Emilio.Kim@gmail.com', '05417833500'),
(512, 'Paisley', 'Krause', 1, 'Paisley.Krause@gmail.com', '05072127808'),
(513, 'Aryanna', 'Pena', 1, 'Aryanna.Pena@gmail.com', '05971668747'),
(514, 'Keely', 'Kidd', 1, 'Keely.Kidd@gmail.com', '05491961935'),
(515, 'Danna', 'Levy', 1, 'Danna.Levy@gmail.com', '05834534400'),
(516, 'April', 'Rojas', 1, 'April.Rojas@gmail.com', '05133009737'),
(517, 'Olivia', 'Flores', 1, 'Olivia.Flores@gmail.com', '05022345077'),
(518, 'Chance', 'Cantrell', 0, 'Chance.Cantrell@gmail.com', '05165825892'),
(519, 'Patrick', 'Peck', 0, 'Patrick.Peck@gmail.com', '05724917863'),
(520, 'Alijah', 'Hanson', 0, 'Alijah.Hanson@gmail.com', '05754252164'),
(521, 'Trace', 'Ramsey', 0, 'Trace.Ramsey@gmail.com', '05028537051'),
(522, 'Lauryn', 'Valencia', 1, 'Lauryn.Valencia@gmail.com', '05508484904'),
(523, 'Santiago', 'Mcdonald', 0, 'Santiago.Mcdonald@gmail.com', '05103331775'),
(524, 'Fiona', 'Weber', 1, 'Fiona.Weber@gmail.com', '05553478587'),
(525, 'Jimmy', 'Stephens', 0, 'Jimmy.Stephens@gmail.com', '05769370935'),
(526, 'Baron', 'Larsen', 0, 'Baron.Larsen@gmail.com', '05838935627'),
(527, 'Paityn', 'Underwood', 1, 'Paityn.Underwood@gmail.com', '05276247966'),
(528, 'Sammy', 'Beck', 0, 'Sammy.Beck@gmail.com', '05511516311'),
(529, 'Eva', 'Villanueva', 1, 'Eva.Villanueva@gmail.com', '05150914654'),
(530, 'Karlie', 'Wilkins', 1, 'Karlie.Wilkins@gmail.com', '05219935710'),
(531, 'Kylee', 'Spencer', 1, 'Kylee.Spencer@gmail.com', '05306237594'),
(532, 'Jewel', 'Hunter', 1, 'Jewel.Hunter@gmail.com', '05667144539'),
(533, 'Skye', 'Kirk', 1, 'Skye.Kirk@gmail.com', '05892583718'),
(534, 'Dylan', 'Lynch', 1, 'Dylan.Lynch@gmail.com', '05439288872'),
(535, 'Yasmine', 'Singleton', 1, 'Yasmine.Singleton@gmail.com', '05280655542'),
(536, 'Dixie', 'Frank', 1, 'Dixie.Frank@gmail.com', '05614087891'),
(537, 'Aurora', 'Roman', 1, 'Aurora.Roman@gmail.com', '05375152628'),
(538, 'Camren', 'Williamson', 0, 'Camren.Williamson@gmail.com', '05045502057'),
(539, 'Larry', 'Moses', 0, 'Larry.Moses@gmail.com', '05365176403'),
(540, 'Alanna', 'Perkins', 1, 'Alanna.Perkins@gmail.com', '05012475477'),
(541, 'Leonel', 'Bonilla', 0, 'Leonel.Bonilla@gmail.com', '05303701467'),
(542, 'Braedon', 'Gordon', 0, 'Braedon.Gordon@gmail.com', '05412374871'),
(543, 'Jay', 'Terry', 0, 'Jay.Terry@gmail.com', '05525272015'),
(544, 'Amaya', 'Palmer', 1, 'Amaya.Palmer@gmail.com', '05923282187'),
(545, 'Jamar', 'Cooke', 0, 'Jamar.Cooke@gmail.com', '05119598876'),
(546, 'Kelly', 'Sosa', 1, 'Kelly.Sosa@gmail.com', '05388582255'),
(547, 'Cara', 'Barber', 1, 'Cara.Barber@gmail.com', '05957378259'),
(548, 'Hannah', 'Riley', 1, 'Hannah.Riley@gmail.com', '05007086637'),
(549, 'Tabitha', 'Alexander', 1, 'Tabitha.Alexander@gmail.com', '05861096547'),
(550, 'Bo', 'Ramirez', 0, 'Bo.Ramirez@gmail.com', '05797514660'),
(551, 'Shania', 'Woods', 1, 'Shania.Woods@gmail.com', '05996560471'),
(552, 'Kingston', 'Chung', 0, 'Kingston.Chung@gmail.com', '05345121981'),
(553, 'Uriel', 'Donaldson', 0, 'Uriel.Donaldson@gmail.com', '05013490688'),
(554, 'Brooklyn', 'Manning', 1, 'Brooklyn.Manning@gmail.com', '05506575691'),
(555, 'Gracie', 'Harrington', 1, 'Gracie.Harrington@gmail.com', '05638826106'),
(556, 'Theodore', 'Olson', 0, 'Theodore.Olson@gmail.com', '05082251001'),
(557, 'Monique', 'Page', 1, 'Monique.Page@gmail.com', '05920411627'),
(558, 'Samir', 'Murray', 0, 'Samir.Murray@gmail.com', '05549489222'),
(559, 'Ezra', 'Porter', 0, 'Ezra.Porter@gmail.com', '05565898963'),
(560, 'Emerson', 'Chambers', 0, 'Emerson.Chambers@gmail.com', '05562644612'),
(561, 'Erica', 'Horne', 1, 'Erica.Horne@gmail.com', '05375527968'),
(562, 'Quinten', 'Dean', 0, 'Quinten.Dean@gmail.com', '05524530051'),
(563, 'Allisson', 'Phillips', 1, 'Allisson.Phillips@gmail.com', '05348009457'),
(564, 'Ashlee', 'Buck', 1, 'Ashlee.Buck@gmail.com', '05245043006'),
(565, 'Marely', 'Price', 1, 'Marely.Price@gmail.com', '05230356610'),
(566, 'Bradyn', 'Archer', 0, 'Bradyn.Archer@gmail.com', '05827862777'),
(567, 'Gretchen', 'Vazquez', 1, 'Gretchen.Vazquez@gmail.com', '05498810497'),
(568, 'Kendal', 'Reese', 1, 'Kendal.Reese@gmail.com', '05829682807'),
(569, 'Kaeden', 'Nixon', 0, 'Kaeden.Nixon@gmail.com', '05680950854'),
(570, 'Mina', 'Cox', 1, 'Mina.Cox@gmail.com', '05418479263'),
(571, 'Giovanny', 'Ho', 0, 'Giovanny.Ho@gmail.com', '05401781666'),
(572, 'Jasmine', 'Mcconnell', 1, 'Jasmine.Mcconnell@gmail.com', '05840827274'),
(573, 'Alonso', 'Hooper', 0, 'Alonso.Hooper@gmail.com', '05238374817'),
(574, 'Jeremiah', 'Castro', 0, 'Jeremiah.Castro@gmail.com', '05819987732'),
(575, 'Zayne', 'Wells', 0, 'Zayne.Wells@gmail.com', '05563211691'),
(576, 'Alfonso', 'Stafford', 0, 'Alfonso.Stafford@gmail.com', '05953634365'),
(577, 'Harper', 'Conway', 1, 'Harper.Conway@gmail.com', '05629602083'),
(578, 'Rayne', 'Dillon', 1, 'Rayne.Dillon@gmail.com', '05709881117'),
(579, 'Janiya', 'Shepherd', 1, 'Janiya.Shepherd@gmail.com', '05170728539'),
(580, 'Caroline', 'Morton', 1, 'Caroline.Morton@gmail.com', '05997105774'),
(581, 'Trevin', 'Larson', 0, 'Trevin.Larson@gmail.com', '05546659667'),
(582, 'Leila', 'Cervantes', 1, 'Leila.Cervantes@gmail.com', '05747792938'),
(583, 'Jaeden', 'Leblanc', 0, 'Jaeden.Leblanc@gmail.com', '05512380929'),
(584, 'Lyric', 'Snyder', 0, 'Lyric.Snyder@gmail.com', '05734692480'),
(585, 'Nylah', 'Briggs', 1, 'Nylah.Briggs@gmail.com', '05734029023'),
(586, 'Brooke', 'Malone', 1, 'Brooke.Malone@gmail.com', '05602816965'),
(587, 'Serena', 'Sanders', 1, 'Serena.Sanders@gmail.com', '05152390354'),
(588, 'Izabelle', 'Davidson', 1, 'Izabelle.Davidson@gmail.com', '05052156529'),
(589, 'Lia', 'Hawkins', 1, 'Lia.Hawkins@gmail.com', '05316224995'),
(590, 'Alejandro', 'Marks', 0, 'Alejandro.Marks@gmail.com', '05756991641'),
(591, 'Armando', 'Donovan', 0, 'Armando.Donovan@gmail.com', '05506170305'),
(592, 'Nathan', 'Burnett', 0, 'Nathan.Burnett@gmail.com', '05205615412'),
(593, 'Elena', 'Clark', 1, 'Elena.Clark@gmail.com', '05850234515'),
(594, 'Kaylyn', 'Heath', 1, 'Kaylyn.Heath@gmail.com', '05160192705'),
(595, 'Shayla', 'Navarro', 1, 'Shayla.Navarro@gmail.com', '05392055294'),
(596, 'Darian', 'Thomas', 0, 'Darian.Thomas@gmail.com', '05449022556'),
(597, 'Dustin', 'Stone', 0, 'Dustin.Stone@gmail.com', '05803393005'),
(598, 'Kendall', 'Reyes', 1, 'Kendall.Reyes@gmail.com', '05957598124'),
(599, 'Houston', 'Mendez', 0, 'Houston.Mendez@gmail.com', '05560747509'),
(600, 'Moshe', 'Schultz', 0, 'Moshe.Schultz@gmail.com', '05291791255')
;

INSERT INTO RELATIVE(stud_id, pare_id, rela_type) VALUES 
(14020204, 1, 'Sibling'),
(15020301, 2, 'Father'),
(16010102, 3, 'Mother'),
(17020103, 4, 'Sibling'),
(15030203, 5, 'Father'),
(16030303, 6, 'Mother'),
(17010102, 7, 'Sibling'),
(16030103, 8, 'Mother'),
(15030102, 9, 'Mother'),
(13010303, 10, 'Sibling'),
(14030204, 11, 'Mother'),
(14030203, 12, 'Sibling'),
(17020204, 13, 'Mother'),
(15020202, 14, 'Sibling'),
(14020103, 15, 'Sibling'),
(15020201, 16, 'Sibling'),
(14030304, 17, 'Mother'),
(13020101, 18, 'Sibling'),
(16020103, 19, 'Sibling'),
(16030302, 20, 'Sibling'),
(14020203, 21, 'Mother'),
(15030202, 22, 'Sibling'),
(13020301, 23, 'Father'),
(15030101, 24, 'Sibling'),
(16030201, 25, 'Father'),
(16020102, 26, 'Mother'),
(17010306, 27, 'Mother'),
(13020202, 28, 'Sibling'),
(16010101, 29, 'Mother'),
(14020303, 30, 'Mother'),
(16010302, 31, 'Sibling'),
(17030103, 32, 'Sibling'),
(17010305, 33, 'Father'),
(17020203, 34, 'Sibling'),
(13010302, 35, 'Sibling'),
(16010303, 36, 'Father'),
(17020302, 37, 'Mother'),
(16020101, 38, 'Sibling'),
(15010302, 39, 'Sibling'),
(13010201, 40, 'Sibling'),
(14030104, 41, 'Sibling'),
(14030103, 42, 'Sibling'),
(20010106, 43, 'Mother'),
(22010308, 44, 'Sibling'),
(18020208, 45, 'Sibling'),
(18010306, 46, 'Sibling'),
(18010209, 47, 'Father'),
(20010105, 48, 'Sibling'),
(20020110, 49, 'Sibling'),
(20030103, 50, 'Sibling'),
(22020204, 51, 'Mother'),
(21030306, 52, 'Sibling'),
(20020117, 53, 'Sibling'),
(21020304, 54, 'Sibling'),
(20010202, 55, 'Father'),
(21020106, 56, 'Sibling'),
(22010306, 57, 'Sibling'),
(19030114, 58, 'Father'),
(21030111, 59, 'Mother'),
(19030110, 60, 'Sibling'),
(19020206, 61, 'Mother'),
(21030301, 62, 'Sibling'),
(20010209, 63, 'Father'),
(19030306, 64, 'Father'),
(21030310, 65, 'Sibling'),
(22010307, 66, 'Father'),
(19030118, 67, 'Sibling'),
(19020304, 68, 'Mother'),
(22010311, 69, 'Father'),
(19010306, 70, 'Sibling'),
(18010101, 71, 'Sibling'),
(18010110, 72, 'Father'),
(21030213, 73, 'Mother'),
(13030104, 74, 'Mother'),
(20010113, 75, 'Mother'),
(20030207, 76, 'Mother'),
(19010202, 77, 'Sibling'),
(22020206, 78, 'Sibling'),
(20020115, 79, 'Sibling'),
(18010304, 80, 'Father'),
(21020306, 81, 'Father'),
(14030201, 82, 'Mother'),
(21030207, 83, 'Mother'),
(22010201, 84, 'Mother'),
(20030307, 85, 'Mother'),
(21010203, 86, 'Sibling'),
(18030304, 87, 'Sibling'),
(21010303, 88, 'Sibling'),
(18020107, 89, 'Sibling'),
(22030205, 90, 'Mother'),
(20020103, 91, 'Sibling'),
(21010205, 92, 'Sibling'),
(18010111, 93, 'Mother'),
(22020112, 94, 'Mother'),
(18020302, 95, 'Sibling'),
(22030302, 96, 'Sibling'),
(20030212, 97, 'Sibling'),
(18030303, 98, 'Sibling'),
(19030112, 99, 'Sibling'),
(19020208, 100, 'Sibling'),
(22020101, 101, 'Sibling'),
(21010106, 102, 'Sibling'),
(21020204, 103, 'Sibling'),
(14030303, 104, 'Sibling'),
(22010104, 105, 'Father'),
(19010201, 106, 'Mother'),
(15030103, 107, 'Father'),
(18030101, 108, 'Father'),
(22030204, 109, 'Father'),
(18020309, 110, 'Father'),
(17010307, 111, 'Sibling'),
(22030105, 112, 'Sibling'),
(19030307, 113, 'Sibling'),
(20030312, 114, 'Sibling'),
(18030201, 115, 'Sibling'),
(22030303, 116, 'Sibling'),
(19030107, 117, 'Mother'),
(20020113, 118, 'Father'),
(21020111, 119, 'Mother'),
(21010104, 120, 'Father'),
(21020109, 121, 'Father'),
(20020208, 122, 'Sibling'),
(20010112, 123, 'Mother'),
(18020205, 124, 'Sibling'),
(21010201, 125, 'Father'),
(18020111, 126, 'Mother'),
(19030203, 127, 'Mother'),
(18020203, 128, 'Mother'),
(16010201, 129, 'Mother'),
(20020106, 130, 'Sibling'),
(22020111, 131, 'Sibling'),
(19010103, 132, 'Mother'),
(19020205, 133, 'Sibling'),
(21020108, 134, 'Mother'),
(18010208, 135, 'Sibling'),
(21030102, 136, 'Father'),
(20030310, 137, 'Father'),
(21030108, 138, 'Mother'),
(22020102, 139, 'Sibling'),
(19030113, 140, 'Mother'),
(19010104, 141, 'Father'),
(20010110, 142, 'Sibling'),
(13010301, 143, 'Mother'),
(20020302, 144, 'Father'),
(20030305, 145, 'Sibling'),
(19010209, 146, 'Sibling'),
(19010302, 147, 'Father'),
(18010305, 148, 'Sibling'),
(20020101, 149, 'Sibling'),
(20020209, 150, 'Mother'),
(22010305, 151, 'Sibling'),
(20030209, 152, 'Sibling'),
(21020302, 153, 'Father'),
(20020102, 154, 'Sibling'),
(22020105, 155, 'Father'),
(22020103, 156, 'Sibling'),
(20010204, 157, 'Mother'),
(20020305, 158, 'Sibling'),
(20020202, 159, 'Mother'),
(20010306, 160, 'Sibling'),
(21030202, 161, 'Mother'),
(18010104, 162, 'Mother'),
(20030303, 163, 'Sibling'),
(21020103, 164, 'Sibling'),
(21030208, 165, 'Sibling'),
(19020303, 166, 'Sibling'),
(18030202, 167, 'Mother'),
(20020303, 168, 'Sibling'),
(21010309, 169, 'Father'),
(21020205, 170, 'Mother'),
(21010202, 171, 'Sibling'),
(22020302, 172, 'Mother'),
(20010201, 173, 'Mother'),
(18030206, 174, 'Mother'),
(22010204, 175, 'Sibling'),
(19010111, 176, 'Father'),
(18010105, 177, 'Father'),
(20030302, 178, 'Sibling'),
(18020204, 179, 'Father'),
(22030206, 180, 'Sibling'),
(17030102, 181, 'Father'),
(20030201, 182, 'Sibling'),
(22020108, 183, 'Mother'),
(19010110, 184, 'Mother'),
(18030102, 185, 'Sibling'),
(18020102, 186, 'Sibling'),
(21020301, 187, 'Sibling'),
(19030201, 188, 'Father'),
(19020101, 189, 'Sibling'),
(21020101, 190, 'Sibling'),
(20020304, 191, 'Sibling'),
(19010301, 192, 'Sibling'),
(22010101, 193, 'Sibling'),
(21020115, 194, 'Father'),
(22010310, 195, 'Sibling'),
(21010305, 196, 'Sibling'),
(20020204, 197, 'Father'),
(20020111, 198, 'Father'),
(20020301, 199, 'Sibling'),
(22030101, 200, 'Father'),
(20010301, 201, 'Sibling'),
(20010103, 202, 'Sibling'),
(18020207, 203, 'Mother'),
(18010102, 204, 'Sibling'),
(19010105, 205, 'Sibling'),
(20020203, 206, 'Sibling'),
(22020304, 207, 'Mother'),
(18010302, 208, 'Father'),
(21010306, 209, 'Sibling'),
(17020101, 210, 'Father'),
(22020301, 211, 'Mother'),
(21010101, 212, 'Sibling'),
(20030208, 213, 'Sibling'),
(22020106, 214, 'Father'),
(20010208, 215, 'Father'),
(19030103, 216, 'Father'),
(22030301, 217, 'Sibling'),
(14020201, 218, 'Sibling'),
(21020201, 219, 'Father'),
(21010103, 220, 'Father'),
(22030108, 221, 'Father'),
(22030110, 222, 'Sibling'),
(17010304, 223, 'Father'),
(21030210, 224, 'Sibling'),
(19030302, 225, 'Sibling'),
(21030101, 226, 'Father'),
(20030102, 227, 'Father'),
(19020307, 228, 'Sibling'),
(19030301, 229, 'Father'),
(21010107, 230, 'Father'),
(22010106, 231, 'Sibling'),
(17010201, 232, 'Mother'),
(19020309, 233, 'Sibling'),
(20020310, 234, 'Father'),
(20010213, 235, 'Mother'),
(22020201, 236, 'Sibling'),
(21030205, 237, 'Mother'),
(20020207, 238, 'Sibling'),
(20010307, 239, 'Mother'),
(19030204, 240, 'Father'),
(20020201, 241, 'Mother'),
(22010103, 242, 'Sibling'),
(19020301, 243, 'Mother'),
(18020103, 244, 'Sibling'),
(21030209, 245, 'Mother'),
(20030211, 246, 'Mother'),
(20010104, 247, 'Sibling'),
(13010101, 248, 'Father'),
(18010201, 249, 'Sibling'),
(20010205, 250, 'Sibling'),
(21020102, 251, 'Father'),
(20010302, 252, 'Mother'),
(17030304, 253, 'Mother'),
(22010302, 254, 'Father'),
(22020113, 255, 'Sibling'),
(22030102, 256, 'Mother'),
(18010303, 257, 'Sibling'),
(20010207, 258, 'Sibling'),
(19030208, 259, 'Sibling'),
(22010209, 260, 'Father'),
(18020104, 261, 'Father'),
(16020303, 262, 'Sibling'),
(22020109, 263, 'Sibling'),
(14030102, 264, 'Mother'),
(17010303, 265, 'Mother'),
(22010203, 266, 'Father'),
(19030101, 267, 'Father'),
(18030103, 268, 'Sibling'),
(22010212, 269, 'Father'),
(20010216, 270, 'Sibling'),
(19020201, 271, 'Mother'),
(22020306, 272, 'Sibling'),
(17010302, 273, 'Sibling'),
(22010105, 274, 'Father'),
(21030103, 275, 'Sibling'),
(18020201, 276, 'Sibling'),
(20030101, 277, 'Mother'),
(14030202, 278, 'Father'),
(17030201, 279, 'Father'),
(19020202, 280, 'Sibling'),
(18010103, 281, 'Mother'),
(19020305, 282, 'Mother'),
(13030301, 283, 'Mother'),
(21030104, 284, 'Mother'),
(21010102, 285, 'Mother'),
(13020201, 286, 'Sibling'),
(20030206, 287, 'Sibling'),
(22020303, 288, 'Father'),
(21030204, 289, 'Father'),
(19020207, 290, 'Sibling'),
(22030201, 291, 'Mother'),
(20010206, 292, 'Mother'),
(21020202, 293, 'Mother'),
(21010310, 294, 'Father'),
(20020105, 295, 'Sibling'),
(22010102, 296, 'Sibling'),
(19030102, 297, 'Father'),
(19010305, 298, 'Mother'),
(19030109, 299, 'Sibling'),
(22030106, 300, 'Sibling'),
(20010212, 301, 'Mother'),
(20020108, 302, 'Father'),
(20030301, 303, 'Sibling'),
(17020102, 304, 'Mother'),
(14020302, 305, 'Sibling'),
(21020104, 306, 'Mother'),
(20010102, 307, 'Sibling'),
(21030302, 308, 'Sibling'),
(20010308, 309, 'Father'),
(21020105, 310, 'Mother'),
(19010108, 311, 'Father'),
(18030306, 312, 'Sibling'),
(21030303, 313, 'Mother'),
(20010304, 314, 'Father'),
(21020203, 315, 'Father'),
(22020205, 316, 'Sibling'),
(19030303, 317, 'Mother'),
(18010206, 318, 'Father'),
(18020310, 319, 'Father'),
(21030305, 320, 'Mother'),
(22010110, 321, 'Father'),
(19010113, 322, 'Sibling'),
(18020303, 323, 'Sibling'),
(19020308, 324, 'Mother'),
(22020104, 325, 'Father'),
(19010112, 326, 'Mother'),
(20020205, 327, 'Father'),
(20010305, 328, 'Mother'),
(20030203, 329, 'Mother'),
(20020107, 330, 'Sibling'),
(19030106, 331, 'Sibling'),
(18010301, 332, 'Sibling'),
(21020110, 333, 'Mother'),
(18020113, 334, 'Sibling'),
(16020304, 335, 'Sibling'),
(21030105, 336, 'Sibling'),
(18030302, 337, 'Mother'),
(20010203, 338, 'Father'),
(22010304, 339, 'Father'),
(18020108, 340, 'Father'),
(21030201, 341, 'Sibling'),
(22010301, 342, 'Sibling'),
(21010302, 343, 'Mother'),
(21030203, 344, 'Sibling'),
(19030111, 345, 'Sibling'),
(19030205, 346, 'Sibling'),
(18030301, 347, 'Sibling'),
(19010205, 348, 'Father'),
(19030104, 349, 'Father'),
(20030107, 350, 'Mother'),
(18020101, 351, 'Sibling'),
(22030103, 352, 'Sibling'),
(22010303, 353, 'Father'),
(21030304, 354, 'Father'),
(18030307, 355, 'Father'),
(19010101, 356, 'Sibling'),
(19020102, 357, 'Sibling'),
(19030202, 358, 'Sibling'),
(20030311, 359, 'Sibling'),
(18010204, 360, 'Sibling'),
(21010307, 361, 'Mother'),
(16030101, 362, 'Father'),
(19020203, 363, 'Mother'),
(22030109, 364, 'Father'),
(22030304, 365, 'Father'),
(21030109, 366, 'Mother'),
(18010203, 367, 'Mother'),
(16010202, 368, 'Father'),
(22020202, 369, 'Father'),
(18020301, 370, 'Sibling'),
(19030304, 371, 'Mother'),
(20010303, 372, 'Mother'),
(20010310, 373, 'Sibling'),
(20030202, 374, 'Mother'),
(18020105, 375, 'Sibling'),
(19010203, 376, 'Father'),
(22030208, 377, 'Sibling'),
(21020107, 378, 'Sibling'),
(22030203, 379, 'Sibling'),
(18010205, 380, 'Sibling'),
(22020310, 381, 'Father'),
(21030307, 382, 'Mother'),
(19030308, 383, 'Mother'),
(21010204, 384, 'Mother'),
(18020206, 385, 'Sibling'),
(21020112, 386, 'Sibling'),
(21030106, 387, 'Sibling'),
(21020114, 388, 'Sibling'),
(21030308, 389, 'Sibling'),
(21010105, 390, 'Sibling'),
(21010304, 391, 'Sibling'),
(21030107, 392, 'Mother'),
(20020112, 393, 'Sibling'),
(20030306, 394, 'Father'),
(18010108, 395, 'Sibling'),
(19020209, 396, 'Sibling'),
(19020107, 397, 'Mother'),
(21030212, 398, 'Mother'),
(20030314, 399, 'Father'),
(22020307, 400, 'Father'),
(19030115, 401, 'Sibling'),
(19030108, 402, 'Sibling'),
(19030207, 403, 'Mother'),
(20020116, 404, 'Sibling'),
(21020307, 405, 'Sibling'),
(22010206, 406, 'Sibling'),
(20020306, 407, 'Sibling'),
(19020306, 408, 'Sibling'),
(22020203, 409, 'Sibling'),
(18030204, 410, 'Father'),
(22030104, 411, 'Father'),
(19020302, 412, 'Father'),
(18010109, 413, 'Father'),
(21030206, 414, 'Father'),
(21010108, 415, 'Father'),
(17010301, 416, 'Father'),
(14030302, 417, 'Father'),
(20020210, 418, 'Sibling'),
(22010202, 419, 'Mother'),
(19020106, 420, 'Sibling'),
(20010111, 421, 'Mother'),
(22030107, 422, 'Sibling'),
(18010107, 423, 'Mother'),
(19030209, 424, 'Sibling'),
(18010211, 425, 'Mother'),
(18010106, 426, 'Father'),
(20010210, 427, 'Father'),
(18010309, 428, 'Father'),
(22020207, 429, 'Mother'),
(18030203, 430, 'Sibling'),
(18020110, 431, 'Sibling'),
(20030205, 432, 'Father'),
(22020208, 433, 'Sibling'),
(18020304, 434, 'Father'),
(22010207, 435, 'Sibling'),
(19030116, 436, 'Sibling'),
(20010309, 437, 'Mother'),
(22020209, 438, 'Mother'),
(13030302, 439, 'Father'),
(21020206, 440, 'Sibling'),
(22010309, 441, 'Father'),
(19020103, 442, 'Sibling'),
(19020310, 443, 'Sibling'),
(15030201, 444, 'Mother'),
(18020106, 445, 'Sibling'),
(20010107, 446, 'Mother'),
(19010106, 447, 'Mother'),
(20030104, 448, 'Sibling'),
(19030105, 449, 'Father'),
(19010206, 450, 'Sibling'),
(18010307, 451, 'Sibling'),
(20030105, 452, 'Sibling'),
(20030308, 453, 'Father'),
(18020112, 454, 'Sibling'),
(19010102, 455, 'Mother'),
(18020305, 456, 'Mother'),
(18030104, 457, 'Sibling'),
(18010212, 458, 'Father'),
(21010301, 459, 'Sibling'),
(20010311, 460, 'Sibling'),
(19020110, 461, 'Father'),
(21030211, 462, 'Mother'),
(20020104, 463, 'Mother'),
(18010210, 464, 'Mother'),
(20030313, 465, 'Sibling'),
(21030110, 466, 'Father'),
(18010308, 467, 'Sibling'),
(22030207, 468, 'Father'),
(19010308, 469, 'Sibling'),
(13030101, 470, 'Sibling'),
(19010309, 471, 'Sibling'),
(19030206, 472, 'Sibling'),
(19030305, 473, 'Father'),
(19030211, 474, 'Mother'),
(16030102, 475, 'Father'),
(19010207, 476, 'Sibling'),
(19030310, 477, 'Mother'),
(22010205, 478, 'Sibling'),
(13030103, 479, 'Father'),
(18020308, 480, 'Sibling'),
(19010204, 481, 'Mother'),
(22020211, 482, 'Sibling'),
(20020307, 483, 'Mother'),
(22010107, 484, 'Sibling'),
(19010107, 485, 'Father'),
(20020109, 486, 'Sibling'),
(21020305, 487, 'Sibling'),
(22010108, 488, 'Sibling'),
(18010112, 489, 'Sibling'),
(22010109, 490, 'Mother'),
(18010207, 491, 'Sibling'),
(18010115, 492, 'Father'),
(20020211, 493, 'Mother'),
(19010303, 494, 'Sibling'),
(22020110, 495, 'Father'),
(17020202, 496, 'Sibling'),
(18010113, 497, 'Mother'),
(22020308, 498, 'Mother'),
(14010201, 499, 'Sibling'),
(20010108, 500, 'Father'),
(22020210, 501, 'Sibling'),
(19030311, 502, 'Mother'),
(18030205, 503, 'Sibling'),
(21010206, 504, 'Sibling'),
(18020109, 505, 'Mother'),
(20010109, 506, 'Sibling'),
(19010109, 507, 'Sibling'),
(18020306, 508, 'Father'),
(21010308, 509, 'Father'),
(22020309, 510, 'Sibling'),
(20010215, 511, 'Father'),
(18030305, 512, 'Mother'),
(19020108, 513, 'Mother'),
(21020207, 514, 'Sibling'),
(21010207, 515, 'Mother'),
(19020210, 516, 'Sibling'),
(19020109, 517, 'Mother'),
(19010208, 518, 'Father'),
(20010101, 519, 'Father'),
(18010310, 520, 'Father'),
(18020209, 521, 'Father'),
(18030105, 522, 'Sibling'),
(18020202, 523, 'Sibling'),
(19020112, 524, 'Mother'),
(19020211, 525, 'Sibling'),
(21010109, 526, 'Sibling'),
(20020114, 527, 'Sibling'),
(20030213, 528, 'Father'),
(14020101, 529, 'Sibling'),
(22020212, 530, 'Mother'),
(18010311, 531, 'Sibling'),
(19030309, 532, 'Mother'),
(19030210, 533, 'Sibling'),
(15030301, 534, 'Mother'),
(20020308, 535, 'Sibling'),
(19010304, 536, 'Sibling'),
(18010213, 537, 'Mother'),
(19010310, 538, 'Father'),
(18010114, 539, 'Father'),
(20030210, 540, 'Sibling'),
(19020111, 541, 'Sibling'),
(21020303, 542, 'Sibling'),
(22010210, 543, 'Father'),
(20020206, 544, 'Sibling'),
(18020307, 545, 'Sibling'),
(19020212, 546, 'Sibling'),
(20010211, 547, 'Sibling'),
(19020105, 548, 'Mother'),
(20010312, 549, 'Sibling'),
(20030214, 550, 'Father'),
(21030309, 551, 'Mother'),
(16010301, 552, 'Father'),
(21010208, 553, 'Father'),
(18010312, 554, 'Mother'),
(21020113, 555, 'Mother'),
(19030117, 556, 'Sibling'),
(21020116, 557, 'Sibling'),
(21010209, 558, 'Sibling'),
(17020301, 559, 'Father'),
(14010101, 560, 'Sibling'),
(20020309, 561, 'Sibling'),
(19020104, 562, 'Sibling'),
(22010211, 563, 'Mother'),
(20030106, 564, 'Sibling'),
(20030204, 565, 'Sibling'),
(22010208, 566, 'Sibling'),
(22020311, 567, 'Mother'),
(22020107, 568, 'Mother'),
(18010214, 569, 'Father'),
(19010307, 570, 'Mother'),
(20010214, 571, 'Father'),
(20010114, 572, 'Sibling'),
(22020213, 573, 'Father'),
(20020212, 574, 'Sibling'),
(22030202, 575, 'Sibling'),
(21030112, 576, 'Father'),
(19010210, 577, 'Sibling'),
(22020114, 578, 'Mother'),
(17030301, 579, 'Mother'),
(20030304, 580, 'Sibling'),
(14020102, 581, 'Sibling'),
(17030101, 582, 'Sibling'),
(15010101, 583, 'Father'),
(17020201, 584, 'Father'),
(16020301, 585, 'Mother'),
(13030102, 586, 'Sibling'),
(14030301, 587, 'Sibling'),
(14030101, 588, 'Mother'),
(16030301, 589, 'Sibling'),
(19020204, 590, 'Sibling'),
(17030302, 591, 'Sibling'),
(17010101, 592, 'Sibling'),
(16020302, 593, 'Sibling'),
(22020305, 594, 'Sibling'),
(18010202, 595, 'Mother'),
(14020301, 596, 'Father'),
(15010301, 597, 'Sibling'),
(20030309, 598, 'Sibling'),
(14020202, 599, 'Father'),
(17030303, 600, 'Father')
;

INSERT INTO EXPENSE(exps_name, exps_date, exps_cost, exps_type) VALUES 
('Electricity', '2020/4/1', 652, 0),
('Electricity', '2021/6/27', 670, 0),
('Electricity', '2022/9/27', 578, 0),
('Electricity', '2023/3/1', 975, 1),
('Water', '2020/8/4', 772, 0),
('Water', '2021/1/14', 574, 0),
('Water', '2022/3/19', 175, 0),
('Water', '2023/8/21', 517, 1),
('Internet', '2020/1/23', 672, 0),
('Internet', '2021/6/9', 590, 0),
('Internet', '2022/4/2', 559, 0),
('Internet', '2023/5/20', 297, 1),
('Gas', '2020/7/24', 743, 0),
('Gas', '2021/1/5', 914, 1),
('Gas', '2022/9/14', 1067, 1),
('Gas', '2023/7/2', 786, 1),
('Cleaning', '2020/7/17', 977, 1),
('Cleaning', '2021/6/12', 148, 0),
('Cleaning', '2022/4/6', 875, 0),
('Cleaning', '2023/4/7', 529, 0),
('Security', '2020/9/23', 998, 0),
('Security', '2021/8/4', 207, 1),
('Security', '2022/5/16', 762, 0),
('Security', '2023/6/12', 261, 0),
('Food', '2020/6/6', 800, 1),
('Food', '2021/5/4', 1008, 0),
('Food', '2022/1/28', 916, 0),
('Food', '2023/9/27', 200, 0),
('Salary', '2020/6/24', 760, 1),
('Salary', '2021/8/18', 1008, 0),
('Salary', '2022/9/11', 366, 0),
('Salary', '2023/1/26', 1085, 1)
;

INSERT INTO EMPLOYEE(empl_id, empl_type, empl_fname, empl_lname, empl_sex, empl_salary, empl_reg_date) VALUES 
(1, 1, 'Asia', 'Parrish', 1, 9200, '2017/5/1'),
(2, 0, 'Cheyanne', 'Gould', 1, 14000, '2019/9/27'),
(3, 0, 'Ashleigh', 'Saunders', 1, 16500, '2015/7/21'),
(4, 0, 'Guadalupe', 'Barton', 1, 16500, '2015/4/12'),
(5, 0, 'Jamie', 'Wiley', 0, 1400, '2017/6/8'),
(6, 1, 'Rachel', 'Monroe', 1, 10300, '2020/4/16'),
(7, 0, 'Leonidas', 'Graham', 0, 4200, '2017/6/19'),
(8, 0, 'Makhi', 'Odom', 0, 17700, '2017/8/8'),
(9, 0, 'Gavyn', 'Gilmore', 0, 14800, '2015/8/27'),
(10, 1, 'Jaime', 'Hodge', 0, 11600, '2017/2/16'),
(11, 1, 'Khalil', 'Brennan', 0, 8200, '2016/5/18'),
(12, 1, 'Jaiden', 'Jimenez', 1, 6800, '2022/2/23'),
(13, 0, 'Arabella', 'Patel', 1, 6500, '2018/8/1'),
(14, 1, 'Hamza', 'Randolph', 0, 10800, '2018/6/26'),
(15, 0, 'Rex', 'Barrett', 0, 8800, '2017/7/6'),
(16, 0, 'Juan', 'Burch', 0, 8100, '2020/3/17'),
(17, 1, 'Gaven', 'Rosales', 0, 16300, '2017/9/10'),
(18, 0, 'Maryjane', 'Duncan', 1, 1600, '2016/9/22'),
(19, 1, 'Gilberto', 'Mcknight', 0, 13200, '2017/1/18'),
(20, 0, 'Tiffany', 'Ray', 1, 4300, '2015/7/4'),
(21, 1, 'Josie', 'Burton', 1, 10900, '2021/2/11'),
(22, 1, 'Ben', 'Boyd', 0, 12800, '2021/6/6'),
(23, 1, 'William', 'Pitts', 0, 6300, '2017/6/1'),
(24, 1, 'Edward', 'Lin', 0, 14300, '2019/3/27'),
(25, 1, 'Lexi', 'Cruz', 1, 14200, '2020/3/19'),
(26, 1, 'Leilani', 'Jensen', 1, 3500, '2016/4/5'),
(27, 1, 'Matilda', 'Anthony', 1, 10000, '2015/8/27'),
(28, 0, 'Jasmin', 'Foster', 1, 14500, '2015/5/17'),
(29, 1, 'Jadyn', 'Dominguez', 0, 3200, '2015/3/24'),
(30, 1, 'Cassandra', 'Jennings', 1, 17500, '2019/8/26'),
(31, 0, 'Sandra', 'Harding', 1, 2500, '2021/1/16'),
(32, 0, 'Konner', 'Waller', 0, 19500, '2015/7/19'),
(33, 1, 'Jerome', 'Harvey', 0, 13800, '2019/7/20'),
(34, 0, 'Misael', 'Hinton', 0, 14700, '2017/8/17'),
(35, 1, 'Harley', 'Blackwell', 1, 11400, '2020/1/17'),
(36, 1, 'Celia', 'Le', 1, 2700, '2019/8/22'),
(37, 1, 'Griffin', 'Casey', 0, 15800, '2019/5/11'),
(38, 1, 'Jaida', 'Strong', 1, 13900, '2017/1/28'),
(39, 1, 'Mariela', 'Cain', 1, 8900, '2016/2/12'),
(40, 0, 'Jessica', 'Norris', 1, 19100, '2019/2/20'),
(41, 1, 'Macie', 'James', 1, 3000, '2017/7/7'),
(42, 1, 'Sofia', 'Hendricks', 1, 7300, '2017/7/21'),
(43, 0, 'Emanuel', 'Harrison', 0, 2400, '2020/6/18'),
(44, 0, 'Matthias', 'Lara', 0, 19200, '2022/1/7'),
(45, 0, 'Armani', 'Bautista', 0, 6400, '2017/6/11'),
(46, 1, 'Wyatt', 'Sampson', 0, 11200, '2022/1/20'),
(47, 1, 'Halle', 'Dickson', 1, 16800, '2017/2/18'),
(48, 1, 'Kale', 'Booth', 0, 10900, '2022/5/18'),
(49, 1, 'Cameron', 'Ewing', 0, 10600, '2019/8/19'),
(50, 1, 'Elijah', 'Kane', 0, 10500, '2020/7/23'),
(51, 0, 'Jolie', 'Lester', 1, 11800, '2021/2/2'),
(52, 1, 'Giovani', 'Middleton', 0, 19200, '2022/1/21'),
(53, 0, 'Paola', 'Henry', 1, 17600, '2021/1/15'),
(54, 1, 'Alexander', 'Boyle', 0, 1700, '2015/8/25'),
(55, 0, 'Felicity', 'Humphrey', 1, 5800, '2021/9/13'),
(56, 0, 'Dominique', 'Mclaughlin', 0, 14100, '2017/7/24'),
(57, 0, 'Briana', 'Bailey', 1, 4700, '2016/4/13'),
(58, 1, 'Karter', 'Holmes', 0, 11800, '2017/2/21'),
(59, 0, 'Annabel', 'Scott', 1, 12200, '2018/1/3'),
(60, 0, 'Brady', 'Parks', 0, 9800, '2021/1/11'),
(61, 1, 'Bridger', 'Hughes', 0, 14100, '2021/4/26'),
(62, 0, 'Allen', 'Hammond', 0, 14600, '2020/5/8'),
(63, 1, 'Kara', 'Zuniga', 1, 6900, '2016/2/14'),
(64, 0, 'Casey', 'Riggs', 1, 16000, '2020/2/1'),
(65, 1, 'Clinton', 'Combs', 0, 2000, '2018/8/21'),
(66, 0, 'Gustavo', 'Keith', 0, 19800, '2019/9/3'),
(67, 0, 'Liberty', 'Lambert', 1, 7800, '2018/2/27'),
(68, 1, 'Vivian', 'Salazar', 1, 7100, '2016/9/16'),
(69, 1, 'Tess', 'Aguirre', 1, 15700, '2018/9/25'),
(70, 1, 'Hillary', 'Orozco', 1, 6800, '2015/3/8'),
(71, 0, 'Melanie', 'Yu', 1, 3700, '2022/1/12'),
(72, 0, 'Alia', 'Cortez', 1, 10000, '2018/7/10'),
(73, 1, 'Cali', 'Collier', 1, 1300, '2015/6/10'),
(74, 1, 'Bethany', 'Rush', 1, 12200, '2020/1/13'),
(75, 0, 'Talia', 'Deleon', 1, 6700, '2019/3/26'),
(76, 1, 'Layne', 'Huffman', 0, 11000, '2019/5/12'),
(77, 1, 'Caleb', 'Colon', 0, 14500, '2016/1/21'),
(78, 1, 'Miah', 'Eaton', 1, 2400, '2019/1/25'),
(79, 1, 'Nolan', 'Duffy', 0, 8700, '2018/1/26'),
(80, 1, 'Tony', 'Vega', 0, 5300, '2020/6/15'),
(81, 0, 'Madeleine', 'Hill', 1, 15100, '2016/1/4'),
(82, 1, 'Carly', 'Camacho', 1, 11100, '2016/7/26'),
(83, 1, 'Amelie', 'Smith', 1, 14400, '2020/1/3'),
(84, 0, 'Will', 'Baird', 0, 15300, '2016/7/24'),
(85, 0, 'Hassan', 'Meadows', 0, 19300, '2015/8/15'),
(86, 1, 'Deja', 'Mcclure', 1, 3900, '2020/3/24'),
(87, 0, 'Calvin', 'Campbell', 0, 16600, '2017/8/21'),
(88, 0, 'Terrence', 'Frye', 0, 2900, '2016/9/25'),
(89, 0, 'Skyla', 'Noble', 1, 10500, '2017/8/26'),
(90, 0, 'Itzel', 'Sims', 1, 14500, '2017/6/12'),
(91, 0, 'Samuel', 'Singh', 0, 5200, '2019/5/3'),
(92, 1, 'Jean', 'Esparza', 0, 17200, '2022/2/18'),
(93, 0, 'Sherlyn', 'Austin', 1, 11100, '2015/6/28'),
(94, 1, 'Valentin', 'Rocha', 0, 15000, '2018/3/6'),
(95, 1, 'Soren', 'Randall', 0, 10000, '2017/9/20'),
(96, 0, 'Kristian', 'Friedman', 0, 15300, '2020/6/27'),
(97, 1, 'Amelia', 'Mcgrath', 1, 7100, '2016/5/5'),
(98, 0, 'Layla', 'Curtis', 1, 2000, '2015/4/26'),
(99, 0, 'Nico', 'Landry', 0, 19400, '2018/8/12'),
(100, 0, 'Addison', 'Schaefer', 1, 4300, '2022/5/25')
;

INSERT INTO STAFF(empl_id) VALUES 
(1),
(5),
(6),
(7),
(11),
(12),
(13),
(14),
(15),
(16),
(18),
(20),
(21),
(23),
(26),
(27),
(29),
(31),
(36),
(39),
(41),
(42),
(43),
(45),
(48),
(54),
(55),
(57),
(60),
(63),
(65),
(67),
(68),
(70),
(71),
(72),
(73),
(75),
(78),
(79),
(80),
(86),
(88),
(91),
(97),
(98),
(100);

INSERT INTO ADMIN_STAFF(empl_id) VALUES 
(2),
(3),
(4),
(8),
(9),
(10),
(17),
(19),
(22),
(24),
(25),
(28),
(30),
(32),
(33),
(34),
(35),
(37),
(38),
(40),
(44),
(46),
(47),
(49),
(50),
(51),
(52),
(53),
(56),
(58),
(59),
(61),
(62),
(64),
(66),
(69),
(74),
(76),
(77),
(81),
(82),
(83),
(84),
(85),
(87),
(89),
(90),
(92),
(93),
(94),
(95),
(96),
(99);

INSERT INTO COURSE(cour_id, cour_min_req) VALUES 
('BIL113',	30),
('BIL121',	40),
('BIL132',	30),
('BIL141',	40),
('BIL142',	50),
('BIL191',	30),
('BIL211',	30),
('ELE101',	30),
('FIZ101',	50),
('FIZ102',	50),
('HUK115',	20),
('IDE100',	20),
('IDE103',	20),
('IDE104',	20),
('IDE105',	20),
('IDE108',	20),
('IDE110',	20),
('IKT105',	50),
('IKT110',	20),
('ING001',	50),
('ING002',	50),
('ISL113',	20),
('MAK104',	30),
('MAK112',	30),
('MAT101',	50),
('MAT102',	50),
('MAT103',	50),
('MAT104',	20),
('OEG101',	50),
('SUI101',	20),
('SUI102',	20),
('SUI105',	20),
('SUI106',	20),
('SUI108',	20),
('SUI114',	20),
('TAR113',	20),
('TAR131',	20),
('TAR141',	20),
('TAR146',	20),
('TAR191',	20),
('TAR192',	20),
('TDE111',	20),
('TDE121',	20),
('TDE131',	20),
('TDE143',	20),
('TUR101',	50),
('TUR102',	50);

INSERT INTO EMPLOYEE(empl_id, empl_type, empl_fname, empl_lname, empl_sex, empl_salary, empl_reg_date) VALUES 
(10101, 0, 'Chaz', 'Buckley', 0, 25700, '2016/4/23'),
(10102, 1, 'Destinee', 'Avery', 1, 24400, '2022/3/18'),
(10103, 1, 'Leonardo', 'Merritt', 0, 20500, '2016/4/22'),
(10104, 1, 'Angie', 'Bolton', 1, 24400, '2017/7/8'),
(10201, 0, 'Parker', 'Reynolds', 0, 24400, '2019/8/4'),
(10202, 0, 'Donald', 'Clayton', 0, 20000, '2022/5/28'),
(10301, 1, 'Mikayla', 'Dennis', 1, 22400, '2015/9/6'),
(10302, 0, 'Kirsten', 'Gentry', 1, 23300, '2017/9/10'),
(20101, 1, 'Cason', 'Johnson', 0, 29800, '2022/8/5'),
(20102, 1, 'Porter', 'Coffey', 0, 24000, '2015/6/17'),
(20103, 0, 'Mylie', 'Velez', 1, 23300, '2019/4/3'),
(20201, 0, 'Julianne', 'Carter', 1, 27300, '2022/5/15'),
(20202, 1, 'Cornelius', 'Morris', 0, 26200, '2017/7/27'),
(20203, 0, 'Nadia', 'Acevedo', 1, 28000, '2016/9/1'),
(20204, 1, 'Karina', 'Gross', 1, 29000, '2017/1/10'),
(30101, 0, 'Jazlyn', 'Martinez', 1, 29400, '2022/4/27'),
(30201, 1, 'Janessa', 'Skinner', 1, 23000, '2015/2/9'),
(30202, 0, 'Leonard', 'Grant', 0, 29300, '2016/4/4'),
(30301, 1, 'Maliyah', 'Pennington', 1, 21500, '2018/5/4'),
(30302, 0, 'Duncan', 'Bell', 0, 27300, '2020/3/26'),
(30303, 1, 'Kason', 'Beltran', 0, 26300, '2016/7/27'),
(30304, 0, 'Aliana', 'Huang', 1, 22400, '2022/4/6')
;
INSERT INTO INSTRUCTOR(empl_id) VALUES
(10101),
(10102),
(10103),
(10104),
(10201),
(10202),
(10301),
(10302),
(20101),
(20102),
(20103),
(20201),
(20202),
(20203),
(20204),
(30101),
(30201),
(30202),
(30301),
(30302),
(30303),
(30304)
;
