INSERT INTO STUDENT(stud_id, stud_fname, stud_lname, stud_birth_date, stud_sex, stud_reg_date, stud_gpa, stud_email, stud_number) VALUES 
(20030101, 'Tatiana', 'Lewis', '2001/9/1', 1, '2020/4/21', 3.56, 'Tatiana.Lewis@etu.edu.tr', '05602225384'),
(21020201, 'Landyn', 'Giles', '2003/7/9', 0, '2021/9/12', 3.61, 'Landyn.Giles@etu.edu.tr', '05653251087'),
(20030201, 'Lizbeth', 'Fritz', '2001/11/22', 1, '2020/8/5', 2.18, 'Lizbeth.Fritz@etu.edu.tr', '05049646520'),
(20030202, 'Carolina', 'Bond', '2002/2/23', 1, '2020/1/1', 1.27, 'Carolina.Bond@etu.edu.tr', '05857468372'),
(21030201, 'Malia', 'Farrell', '2003/2/19', 1, '2021/7/12', 2.90, 'Malia.Farrell@etu.edu.tr', '05701231494'),
(22010301, 'Litzy', 'Soto', '2002/1/23', 1, '2022/1/19', 3.27, 'Litzy.Soto@etu.edu.tr', '05915641783'),
(18020301, 'Alessandra', 'Washington', '1997/7/22', 1, '2018/9/7', 1.99, 'Alessandra.Washington@etu.edu.tr', '05759641030'),
(22020201, 'Armani', 'Krueger', '2004/4/20', 1, '2022/7/16', 0.75, 'Armani.Krueger@etu.edu.tr', '05508572751'),
(21030301, 'Andre', 'David', '1999/9/12', 0, '2021/2/9', 2.90, 'Andre.David@etu.edu.tr', '05106392465'),
(19020101, 'Janae', 'Davenport', '1998/12/24', 1, '2019/8/17', 1.61, 'Janae.Davenport@etu.edu.tr', '05048611801'),
(20010201, 'Eli', 'Wolfe', '2002/8/11', 0, '2020/4/5', 1.41, 'Eli.Wolfe@etu.edu.tr', '05992392188'),
(19020102, 'Alisa', 'Mooney', '1997/4/17', 1, '2019/8/8', 0.67, 'Alisa.Mooney@etu.edu.tr', '05708938142'),
(20020301, 'Cristopher', 'Rubio', '1999/11/14', 0, '2020/8/16', 2.17, 'Cristopher.Rubio@etu.edu.tr', '05676524186'),
(18030301, 'Tatum', 'Mccormick', '2000/9/9', 1, '2018/3/2', 2.96, 'Tatum.Mccormick@etu.edu.tr', '05603417166'),
(18020201, 'Leanna', 'Knapp', '1996/1/5', 1, '2018/3/24', 2.08, 'Leanna.Knapp@etu.edu.tr', '05457148846'),
(18030302, 'Alvaro', 'Lowe', '1998/5/28', 0, '2018/5/25', 2.10, 'Alvaro.Lowe@etu.edu.tr', '05266855219'),
(18020302, 'Carleigh', 'Oneill', '1998/12/10', 1, '2018/7/22', 0.65, 'Carleigh.Oneill@etu.edu.tr', '05919107620'),
(20020101, 'Ashlyn', 'Barker', '2000/5/20', 1, '2020/7/26', 2.38, 'Ashlyn.Barker@etu.edu.tr', '05171377246'),
(21020301, 'Diamond', 'Mann', '1999/9/4', 1, '2021/5/7', 1.21, 'Diamond.Mann@etu.edu.tr', '05723999228'),
(20010301, 'Dominic', 'Galvan', '1999/7/10', 0, '2020/4/23', 1.31, 'Dominic.Galvan@etu.edu.tr', '05490447600'),
(19020201, 'Ishaan', 'Carroll', '1999/4/4', 0, '2019/6/21', 1.14, 'Ishaan.Carroll@etu.edu.tr', '05146460700'),
(20020102, 'Agustin', 'Ortega', '1998/9/22', 0, '2020/3/12', 3.81, 'Agustin.Ortega@etu.edu.tr', '05027437088'),
(22020101, 'Sawyer', 'Nielsen', '2000/7/24', 0, '2022/3/15', 1.41, 'Sawyer.Nielsen@etu.edu.tr', '05739153490'),
(22030301, 'Zechariah', 'Flowers', '2003/1/26', 0, '2022/1/20', 0.84, 'Zechariah.Flowers@etu.edu.tr', '05831252360'),
(22030201, 'Julien', 'Chase', '2004/8/28', 0, '2022/3/4', 1.79, 'Julien.Chase@etu.edu.tr', '05218505057'),
(19010301, 'Aaliyah', 'Navarro', '2001/3/11', 1, '2019/2/26', 2.17, 'Aaliyah.Navarro@etu.edu.tr', '05976113672'),
(22020301, 'Drew', 'Beard', '2003/5/2', 0, '2022/6/1', 2.84, 'Drew.Beard@etu.edu.tr', '05713724470'),
(20030102, 'Miley', 'Lucero', '1998/3/20', 1, '2020/7/18', 1.01, 'Miley.Lucero@etu.edu.tr', '05437201292'),
(20030301, 'Jordan', 'Tucker', '1999/10/14', 0, '2020/5/8', 3.64, 'Jordan.Tucker@etu.edu.tr', '05641249508'),
(22010201, 'Heidi', 'Ruiz', '2003/11/15', 1, '2022/2/15', 3.25, 'Heidi.Ruiz@etu.edu.tr', '05789121823'),
(20010302, 'Finnegan', 'Montoya', '2001/5/21', 0, '2020/7/9', 0.13, 'Finnegan.Montoya@etu.edu.tr', '05830180832'),
(19020103, 'Sadie', 'Dixon', '1998/2/8', 1, '2019/9/7', 2.34, 'Sadie.Dixon@etu.edu.tr', '05372188527'),
(22030101, 'Kymani', 'Baldwin', '2004/6/27', 0, '2022/3/25', 0.77, 'Kymani.Baldwin@etu.edu.tr', '05290014921'),
(20030203, 'Erin', 'Abbott', '1999/1/23', 1, '2020/5/19', 2.37, 'Erin.Abbott@etu.edu.tr', '05161636702'),
(19020301, 'Karly', 'Lutz', '1999/1/23', 1, '2019/9/24', 3.37, 'Karly.Lutz@etu.edu.tr', '05683450260'),
(19020202, 'Liana', 'Turner', '2001/2/25', 1, '2019/2/25', 3.15, 'Liana.Turner@etu.edu.tr', '05895573606'),
(21030302, 'Cindy', 'Park', '2001/3/12', 1, '2021/6/4', 3.41, 'Cindy.Park@etu.edu.tr', '05046620091'),
(20010202, 'Anaya', 'Cline', '2000/5/26', 1, '2020/4/19', 0.71, 'Anaya.Cline@etu.edu.tr', '05670556267'),
(22010302, 'Gianna', 'Caldwell', '2000/6/2', 1, '2022/2/8', 0.40, 'Gianna.Caldwell@etu.edu.tr', '05937654419'),
(18030101, 'Dillan', 'Owen', '1997/4/28', 0, '2018/8/19', 0.89, 'Dillan.Owen@etu.edu.tr', '05579708218'),
(18020202, 'Kiara', 'Sexton', '1997/7/24', 1, '2018/2/13', 1.71, 'Kiara.Sexton@etu.edu.tr', '05502032348'),
(20010101, 'Lilly', 'Ferrell', '2001/6/24', 1, '2020/6/2', 2.45, 'Lilly.Ferrell@etu.edu.tr', '05853232099'),
(22010202, 'Makena', 'Huff', '2004/7/25', 1, '2022/9/14', 2.07, 'Makena.Huff@etu.edu.tr', '05350952421'),
(19020203, 'Tyree', 'Tapia', '2001/1/26', 0, '2019/9/2', 0.20, 'Tyree.Tapia@etu.edu.tr', '05828050503'),
(20020201, 'Dante', 'Henderson', '1998/7/3', 0, '2020/2/8', 0.26, 'Dante.Henderson@etu.edu.tr', '05573522206'),
(19010302, 'Francesca', 'Peck', '1999/10/4', 1, '2019/5/13', 0.53, 'Francesca.Peck@etu.edu.tr', '05983100858'),
(18010101, 'Laura', 'Prince', '1997/6/15', 1, '2018/3/6', 1.99, 'Laura.Prince@etu.edu.tr', '05778991424'),
(18030102, 'Waylon', 'Arroyo', '2000/12/9', 0, '2018/3/14', 0.58, 'Waylon.Arroyo@etu.edu.tr', '05288688932'),
(19030301, 'Vicente', 'Mullins', '2001/9/13', 0, '2019/4/15', 1.80, 'Vicente.Mullins@etu.edu.tr', '05474921411'),
(19010201, 'Mariam', 'Mason', '2000/5/3', 1, '2019/8/27', 1.55, 'Mariam.Mason@etu.edu.tr', '05689194398'),
(18030201, 'Clay', 'Lloyd', '1999/4/13', 0, '2018/2/19', 1.06, 'Clay.Lloyd@etu.edu.tr', '05470764736'),
(18010301, 'Damion', 'Woodward', '1999/7/12', 0, '2018/8/18', 3.44, 'Damion.Woodward@etu.edu.tr', '05920311146'),
(22010203, 'Kayla', 'Fisher', '2004/10/23', 1, '2022/1/14', 3.90, 'Kayla.Fisher@etu.edu.tr', '05987095194'),
(19020104, 'Alice', 'Acosta', '1998/2/17', 1, '2019/5/15', 3.12, 'Alice.Acosta@etu.edu.tr', '05486658618'),
(21010301, 'Genesis', 'Bray', '2001/11/13', 1, '2021/3/25', 3.53, 'Genesis.Bray@etu.edu.tr', '05179764572'),
(22030302, 'Cynthia', 'Barry', '2004/8/8', 1, '2022/7/17', 0.98, 'Cynthia.Barry@etu.edu.tr', '05760145329'),
(18020203, 'Yoselin', 'Chang', '2000/12/1', 1, '2018/8/1', 2.32, 'Yoselin.Chang@etu.edu.tr', '05067298599'),
(20010102, 'Braxton', 'Simpson', '1998/11/11', 0, '2020/2/4', 1.03, 'Braxton.Simpson@etu.edu.tr', '05635324902'),
(20010203, 'Aron', 'Harmon', '1998/4/18', 0, '2020/8/9', 2.11, 'Aron.Harmon@etu.edu.tr', '05009180145'),
(18010201, 'Iyana', 'Thompson', '1997/6/5', 1, '2018/3/14', 0.85, 'Iyana.Thompson@etu.edu.tr', '05572139168'),
(20010103, 'Lyla', 'Rose', '2000/12/5', 1, '2020/4/26', 0.06, 'Lyla.Rose@etu.edu.tr', '05314347655'),
(21010302, 'Frederick', 'Curry', '2003/9/24', 0, '2021/2/16', 3.08, 'Frederick.Curry@etu.edu.tr', '05887534690'),
(21030101, 'Naima', 'Adams', '2002/9/3', 1, '2021/9/24', 0.04, 'Naima.Adams@etu.edu.tr', '05996147030'),
(21020202, 'Autumn', 'Leon', '2002/2/22', 1, '2021/9/13', 1.38, 'Autumn.Leon@etu.edu.tr', '05701502274'),
(21020101, 'Jaylah', 'Moss', '2002/6/25', 1, '2021/4/15', 0.61, 'Jaylah.Moss@etu.edu.tr', '05234687848'),
(18030103, 'Javion', 'Ballard', '1998/12/2', 0, '2018/2/14', 3.99, 'Javion.Ballard@etu.edu.tr', '05250350692'),
(21030202, 'Amiah', 'Solomon', '2001/1/24', 1, '2021/8/22', 2.89, 'Amiah.Solomon@etu.edu.tr', '05079331801'),
(21010201, 'Norah', 'Kirby', '2002/11/10', 1, '2021/6/4', 2.99, 'Norah.Kirby@etu.edu.tr', '05322770295'),
(21010202, 'Mohammed', 'Weaver', '2000/4/21', 0, '2021/7/24', 1.01, 'Mohammed.Weaver@etu.edu.tr', '05147595697'),
(18020101, 'Conner', 'Cooley', '1997/7/9', 0, '2018/1/19', 3.83, 'Conner.Cooley@etu.edu.tr', '05987998674'),
(20020302, 'Nathaniel', 'Kent', '2001/12/25', 0, '2020/9/24', 3.01, 'Nathaniel.Kent@etu.edu.tr', '05606681995'),
(19020105, 'Eliana', 'Gibbs', '1999/11/22', 1, '2019/7/22', 3.30, 'Eliana.Gibbs@etu.edu.tr', '05045326804'),
(20020303, 'Riley', 'Wise', '2001/12/9', 1, '2020/4/28', 1.59, 'Riley.Wise@etu.edu.tr', '05364596849'),
(21010203, 'Cristofer', 'Salas', '1999/10/7', 0, '2021/9/12', 1.61, 'Cristofer.Salas@etu.edu.tr', '05576871153'),
(18010302, 'Paxton', 'Schmitt', '1996/5/16', 0, '2018/8/13', 1.48, 'Paxton.Schmitt@etu.edu.tr', '05679264314'),
(22010101, 'Hezekiah', 'Mahoney', '2001/5/24', 0, '2022/3/1', 0.52, 'Hezekiah.Mahoney@etu.edu.tr', '05773241269'),
(19010303, 'Deven', 'Forbes', '2001/5/26', 0, '2019/1/5', 3.62, 'Deven.Forbes@etu.edu.tr', '05261508913'),
(19020106, 'Diana', 'Bates', '2001/9/14', 1, '2019/6/7', 0.98, 'Diana.Bates@etu.edu.tr', '05572046403'),
(18030202, 'Helena', 'Montes', '1998/10/1', 1, '2018/8/11', 1.67, 'Helena.Montes@etu.edu.tr', '05407926397'),
(20030302, 'Zara', 'Warren', '2000/8/28', 1, '2020/6/6', 3.33, 'Zara.Warren@etu.edu.tr', '05282641745'),
(18030203, 'Jesse', 'Palmer', '1999/11/8', 0, '2018/8/5', 1.46, 'Jesse.Palmer@etu.edu.tr', '05734473164'),
(21020302, 'Albert', 'Poole', '2002/11/12', 0, '2021/3/24', 2.96, 'Albert.Poole@etu.edu.tr', '05032160567'),
(21010303, 'Vincent', 'Herring', '2001/4/14', 0, '2021/8/12', 3.88, 'Vincent.Herring@etu.edu.tr', '05345462516'),
(22010102, 'Gael', 'Pierce', '2000/12/2', 0, '2022/2/19', 3.13, 'Gael.Pierce@etu.edu.tr', '05516818577'),
(20010204, 'Chloe', 'Solis', '2000/7/16', 1, '2020/5/1', 1.30, 'Chloe.Solis@etu.edu.tr', '05168040393'),
(22010204, 'Melina', 'Mccarty', '2001/8/16', 1, '2022/9/3', 2.42, 'Melina.Mccarty@etu.edu.tr', '05419217698'),
(22030202, 'Macey', 'Howell', '2000/2/11', 1, '2022/5/20', 3.24, 'Macey.Howell@etu.edu.tr', '05397641282'),
(22020202, 'Giuliana', 'Mcclain', '2004/10/6', 1, '2022/6/20', 1.60, 'Giuliana.Mcclain@etu.edu.tr', '05680748406'),
(20010205, 'Diego', 'Wells', '1998/2/23', 0, '2020/2/26', 0.02, 'Diego.Wells@etu.edu.tr', '05759765192'),
(21010204, 'Aleena', 'Horn', '1999/9/2', 1, '2021/2/13', 2.56, 'Aleena.Horn@etu.edu.tr', '05426069587'),
(22010303, 'Joaquin', 'Walsh', '2004/11/10', 0, '2022/6/10', 0.46, 'Joaquin.Walsh@etu.edu.tr', '05512796579'),
(19030101, 'Ayaan', 'Trujillo', '1998/9/6', 0, '2019/9/6', 3.92, 'Ayaan.Trujillo@etu.edu.tr', '05210434456'),
(18030104, 'Britney', 'Madden', '1997/2/21', 1, '2018/5/11', 0.01, 'Britney.Madden@etu.edu.tr', '05412771720'),
(19020302, 'Saniya', 'Rivas', '2000/6/28', 1, '2019/8/9', 3.61, 'Saniya.Rivas@etu.edu.tr', '05095603257'),
(18030303, 'Sylvia', 'Cannon', '1997/2/21', 1, '2018/8/12', 0.93, 'Sylvia.Cannon@etu.edu.tr', '05154029090'),
(21030203, 'Joe', 'Drake', '2001/5/15', 0, '2021/6/15', 2.16, 'Joe.Drake@etu.edu.tr', '05946733969'),
(21020303, 'Kaya', 'Salinas', '2002/2/10', 1, '2021/5/14', 3.75, 'Kaya.Salinas@etu.edu.tr', '05277433675'),
(20020202, 'Nelson', 'Moore', '2002/7/2', 0, '2020/8/14', 3.65, 'Nelson.Moore@etu.edu.tr', '05360683547'),
(19020204, 'Sophia', 'Christian', '2000/1/16', 1, '2019/9/5', 2.90, 'Sophia.Christian@etu.edu.tr', '05176637850'),
(22030203, 'Averie', 'Andrews', '2002/3/1', 1, '2022/5/3', 2.70, 'Averie.Andrews@etu.edu.tr', '05278378173'),
(21020102, 'Brynlee', 'Greer', '1999/9/24', 1, '2021/6/26', 3.32, 'Brynlee.Greer@etu.edu.tr', '05759991767'),
(18030105, 'Amber', 'Weiss', '1997/9/15', 1, '2018/4/18', 0.09, 'Amber.Weiss@etu.edu.tr', '05147135280'),
(22020203, 'London', 'Marsh', '2001/2/17', 1, '2022/5/5', 2.38, 'London.Marsh@etu.edu.tr', '05554351063'),
(20010303, 'Lilyana', 'Cabrera', '2000/2/10', 1, '2020/4/16', 0.41, 'Lilyana.Cabrera@etu.edu.tr', '05519070842'),
(18020204, 'Melissa', 'Price', '1998/9/6', 1, '2018/7/4', 1.00, 'Melissa.Price@etu.edu.tr', '05432123576'),
(22020302, 'Jorden', 'Gonzalez', '2001/10/3', 0, '2022/9/5', 3.04, 'Jorden.Gonzalez@etu.edu.tr', '05162500473'),
(18010102, 'Kenya', 'Berg', '1997/8/5', 1, '2018/1/10', 0.34, 'Kenya.Berg@etu.edu.tr', '05329143185'),
(18020303, 'Omar', 'Nunez', '1998/9/3', 0, '2018/1/23', 0.44, 'Omar.Nunez@etu.edu.tr', '05675672900'),
(18030304, 'Ada', 'Walker', '1999/10/6', 1, '2018/4/16', 3.90, 'Ada.Walker@etu.edu.tr', '05175579499'),
(22020303, 'Zackery', 'Leach', '2001/10/3', 0, '2022/8/19', 3.85, 'Zackery.Leach@etu.edu.tr', '05275853754'),
(21010205, 'Deacon', 'Herman', '2003/3/13', 0, '2021/1/10', 2.16, 'Deacon.Herman@etu.edu.tr', '05174617847'),
(22030102, 'Kimora', 'Erickson', '2000/7/21', 1, '2022/4/24', 1.77, 'Kimora.Erickson@etu.edu.tr', '05924733207'),
(22020304, 'Raina', 'Shannon', '2003/2/28', 1, '2022/1/15', 1.10, 'Raina.Shannon@etu.edu.tr', '05402376228'),
(20030303, 'Angela', 'Wong', '1998/4/14', 1, '2020/3/20', 2.99, 'Angela.Wong@etu.edu.tr', '05981658281'),
(19010304, 'Khloe', 'Burns', '2000/1/4', 1, '2019/5/12', 0.15, 'Khloe.Burns@etu.edu.tr', '05234223508'),
(22030103, 'Miles', 'Stokes', '2000/1/11', 0, '2022/3/24', 0.10, 'Miles.Stokes@etu.edu.tr', '05517685778'),
(20030204, 'Sarahi', 'Jordan', '2000/2/27', 1, '2020/5/4', 1.95, 'Sarahi.Jordan@etu.edu.tr', '05256332334'),
(22030204, 'Savanah', 'Fowler', '2004/5/19', 1, '2022/6/27', 3.78, 'Savanah.Fowler@etu.edu.tr', '05567729645'),
(21020203, 'Blaine', 'Brewer', '1999/1/24', 0, '2021/7/3', 0.68, 'Blaine.Brewer@etu.edu.tr', '05526062883'),
(20030103, 'Hunter', 'Dudley', '2001/12/15', 0, '2020/2/12', 0.62, 'Hunter.Dudley@etu.edu.tr', '05396486022'),
(18020304, 'Aldo', 'Frazier', '1999/1/22', 0, '2018/5/24', 2.29, 'Aldo.Frazier@etu.edu.tr', '05243887329'),
(20010304, 'Jason', 'Floyd', '1998/3/16', 0, '2020/8/3', 2.75, 'Jason.Floyd@etu.edu.tr', '05672970767'),
(19030302, 'Faith', 'Costa', '1999/2/22', 1, '2019/9/22', 1.86, 'Faith.Costa@etu.edu.tr', '05371877448'),
(21030204, 'Iliana', 'Mejia', '2002/4/13', 1, '2021/5/21', 0.15, 'Iliana.Mejia@etu.edu.tr', '05526281564'),
(20010104, 'Aydin', 'Terrell', '2000/10/11', 0, '2020/5/23', 3.42, 'Aydin.Terrell@etu.edu.tr', '05324651629'),
(22030303, 'Nyasia', 'Lyons', '2000/8/13', 1, '2022/7/10', 0.43, 'Nyasia.Lyons@etu.edu.tr', '05078419649'),
(19020303, 'Darius', 'Bryant', '1998/4/17', 0, '2019/2/9', 2.75, 'Darius.Bryant@etu.edu.tr', '05940002446'),
(20020203, 'Marley', 'Miranda', '2000/11/27', 0, '2020/2/20', 2.17, 'Marley.Miranda@etu.edu.tr', '05484266496'),
(22030104, 'Terry', 'Goodwin', '2003/12/11', 0, '2022/4/8', 2.93, 'Terry.Goodwin@etu.edu.tr', '05819787461'),
(20030304, 'Jazmin', 'Owens', '2002/1/11', 1, '2020/4/21', 2.42, 'Jazmin.Owens@etu.edu.tr', '05381006314'),
(21030205, 'Tristan', 'Oconnell', '2002/5/3', 0, '2021/5/14', 0.45, 'Tristan.Oconnell@etu.edu.tr', '05463279832'),
(18030305, 'Bridget', 'Newman', '1998/7/25', 1, '2018/3/16', 3.58, 'Bridget.Newman@etu.edu.tr', '05139816592'),
(21020204, 'Braeden', 'Potts', '2002/9/3', 0, '2021/1/15', 0.79, 'Braeden.Potts@etu.edu.tr', '05712508206'),
(20010105, 'Andrea', 'Mosley', '2002/6/3', 1, '2020/7/24', 1.67, 'Andrea.Mosley@etu.edu.tr', '05895735139'),
(18020102, 'Gage', 'Williams', '1998/2/5', 0, '2018/5/8', 0.02, 'Gage.Williams@etu.edu.tr', '05505501393'),
(18020205, 'Karla', 'Dougherty', '1999/7/20', 1, '2018/8/4', 3.56, 'Karla.Dougherty@etu.edu.tr', '05556741001'),
(18020206, 'Carlee', 'Brandt', '1998/5/23', 1, '2018/3/13', 0.24, 'Carlee.Brandt@etu.edu.tr', '05375935833'),
(19010101, 'Tyler', 'Lopez', '1997/2/17', 0, '2019/1/24', 0.34, 'Tyler.Lopez@etu.edu.tr', '05172534064'),
(22030205, 'Ronan', 'Andrade', '2004/12/6', 0, '2022/2/28', 0.88, 'Ronan.Andrade@etu.edu.tr', '05831799433'),
(21010304, 'Abril', 'Gaines', '2001/9/20', 1, '2021/1/12', 1.78, 'Abril.Gaines@etu.edu.tr', '05755925179'),
(19030303, 'Gauge', 'Morse', '1999/10/8', 0, '2019/5/5', 3.21, 'Gauge.Morse@etu.edu.tr', '05478499138'),
(19020304, 'Abbigail', 'Mcdonald', '1998/6/15', 1, '2019/6/5', 0.42, 'Abbigail.Mcdonald@etu.edu.tr', '05219923168'),
(22030206, 'Natalee', 'Norman', '2001/7/21', 1, '2022/5/20', 1.48, 'Natalee.Norman@etu.edu.tr', '05189689751'),
(20020103, 'Callum', 'Morton', '1998/12/2', 0, '2020/5/2', 1.48, 'Callum.Morton@etu.edu.tr', '05274274961'),
(18030306, 'Alexandria', 'Garcia', '1996/5/5', 1, '2018/2/21', 2.39, 'Alexandria.Garcia@etu.edu.tr', '05103159406'),
(19010102, 'Nasir', 'Hanna', '1997/4/18', 0, '2019/3/23', 0.97, 'Nasir.Hanna@etu.edu.tr', '05185783468'),
(21020304, 'Brenna', 'Butler', '2001/1/18', 1, '2021/4/16', 2.36, 'Brenna.Butler@etu.edu.tr', '05550636645'),
(21030102, 'Addison', 'Branch', '2000/10/7', 0, '2021/2/2', 2.25, 'Addison.Branch@etu.edu.tr', '05939641416'),
(18020103, 'Logan', 'Crosby', '2000/9/12', 1, '2018/4/20', 3.43, 'Logan.Crosby@etu.edu.tr', '05413950266'),
(22010205, 'Zachery', 'Kennedy', '2003/10/15', 0, '2022/2/21', 2.69, 'Zachery.Kennedy@etu.edu.tr', '05476424197'),
(22010103, 'Aidan', 'Hays', '2004/10/15', 0, '2022/5/13', 2.04, 'Aidan.Hays@etu.edu.tr', '05906372952'),
(20010206, 'Annabelle', 'Gordon', '2001/12/10', 1, '2020/7/4', 3.12, 'Annabelle.Gordon@etu.edu.tr', '05701411251'),
(18010303, 'Kristen', 'Stanley', '1999/10/14', 1, '2018/4/6', 2.74, 'Kristen.Stanley@etu.edu.tr', '05885502098'),
(21030206, 'Yamilet', 'Hoffman', '2002/5/26', 1, '2021/9/26', 1.79, 'Yamilet.Hoffman@etu.edu.tr', '05930096418'),
(20030104, 'Isis', 'Nelson', '1999/6/9', 1, '2020/5/17', 3.91, 'Isis.Nelson@etu.edu.tr', '05893160541'),
(22020204, 'Kailee', 'Wright', '2004/12/18', 1, '2022/1/13', 3.54, 'Kailee.Wright@etu.edu.tr', '05148956940'),
(21010206, 'Neveah', 'Kelly', '2003/11/17', 1, '2021/4/23', 1.08, 'Neveah.Kelly@etu.edu.tr', '05816599473'),
(21010207, 'Breanna', 'Blair', '1999/3/6', 1, '2021/2/3', 0.29, 'Breanna.Blair@etu.edu.tr', '05097756558'),
(20020104, 'Odin', 'Molina', '2001/12/11', 0, '2020/6/6', 2.83, 'Odin.Molina@etu.edu.tr', '05864220358'),
(22010304, 'Maeve', 'Alvarez', '2000/6/1', 1, '2022/3/3', 3.30, 'Maeve.Alvarez@etu.edu.tr', '05884431675'),
(20020304, 'Maleah', 'Higgins', '2002/9/1', 1, '2020/3/7', 0.20, 'Maleah.Higgins@etu.edu.tr', '05684235885'),
(21010208, 'Kyler', 'Hensley', '2000/3/13', 0, '2021/4/12', 3.87, 'Kyler.Hensley@etu.edu.tr', '05943909909'),
(18020104, 'Alani', 'Swanson', '1999/2/13', 1, '2018/3/26', 3.73, 'Alani.Swanson@etu.edu.tr', '05302126087'),
(21030303, 'Cherish', 'Mccall', '2001/5/1', 1, '2021/3/26', 1.16, 'Cherish.Mccall@etu.edu.tr', '05275313394'),
(21030207, 'Rosemary', 'Simmons', '2001/3/1', 1, '2021/5/21', 2.68, 'Rosemary.Simmons@etu.edu.tr', '05652308474'),
(19010202, 'Cassidy', 'Mckay', '2001/10/9', 1, '2019/9/9', 3.53, 'Cassidy.Mckay@etu.edu.tr', '05499862259'),
(18020207, 'Beau', 'Rowland', '2000/6/14', 0, '2018/8/5', 2.12, 'Beau.Rowland@etu.edu.tr', '05072613000'),
(19010305, 'Kennedi', 'Cowan', '1998/11/28', 1, '2019/6/7', 3.93, 'Kennedi.Cowan@etu.edu.tr', '05846542882'),
(19010103, 'Rylan', 'Sellers', '2000/12/18', 0, '2019/4/1', 3.28, 'Rylan.Sellers@etu.edu.tr', '05188790101'),
(22010305, 'Aspen', 'Pollard', '2003/4/8', 1, '2022/8/13', 1.57, 'Aspen.Pollard@etu.edu.tr', '05390692623'),
(20010207, 'Larissa', 'Waters', '2000/2/13', 1, '2020/5/15', 3.08, 'Larissa.Waters@etu.edu.tr', '05295881031'),
(20030205, 'Ethen', 'Key', '2001/7/26', 0, '2020/9/9', 0.35, 'Ethen.Key@etu.edu.tr', '05683864012'),
(19020107, 'Mathias', 'Johnston', '1997/10/28', 0, '2019/8/24', 1.13, 'Mathias.Johnston@etu.edu.tr', '05541664874'),
(18010103, 'Rashad', 'Fox', '1998/8/13', 0, '2018/5/4', 3.82, 'Rashad.Fox@etu.edu.tr', '05260423547'),
(19020108, 'Carmelo', 'Rodgers', '1999/6/20', 0, '2019/2/10', 0.89, 'Carmelo.Rodgers@etu.edu.tr', '05950379847'),
(22010104, 'Tiana', 'Lawrence', '2001/8/21', 1, '2022/3/10', 1.21, 'Tiana.Lawrence@etu.edu.tr', '05309233782'),
(22030304, 'Blaze', 'Kelley', '2000/4/10', 0, '2022/8/5', 2.14, 'Blaze.Kelley@etu.edu.tr', '05935899577'),
(22010306, 'Shawn', 'Marks', '2003/6/27', 0, '2022/9/14', 2.45, 'Shawn.Marks@etu.edu.tr', '05591621278'),
(20010106, 'Hailey', 'Vaughn', '2001/5/23', 1, '2020/1/27', 0.91, 'Hailey.Vaughn@etu.edu.tr', '05596616038'),
(18010304, 'Colten', 'Dean', '2000/3/23', 0, '2018/8/23', 0.84, 'Colten.Dean@etu.edu.tr', '05151499036'),
(21010305, 'Jalen', 'Brock', '2003/12/19', 0, '2021/4/1', 2.23, 'Jalen.Brock@etu.edu.tr', '05329343563'),
(22020205, 'Jacquelyn', 'Bradley', '2002/2/13', 1, '2022/4/8', 0.28, 'Jacquelyn.Bradley@etu.edu.tr', '05265951536'),
(21010209, 'Mariah', 'Guerrero', '2002/12/2', 1, '2021/3/27', 0.45, 'Mariah.Guerrero@etu.edu.tr', '05318581577'),
(19030102, 'Karley', 'Vang', '2001/1/27', 1, '2019/3/20', 3.83, 'Karley.Vang@etu.edu.tr', '05310048082'),
(20030105, 'Athena', 'Sanford', '1999/4/23', 1, '2020/1/11', 1.70, 'Athena.Sanford@etu.edu.tr', '05289949269'),
(20010107, 'Jaylin', 'Quinn', '2002/4/11', 0, '2020/2/8', 1.86, 'Jaylin.Quinn@etu.edu.tr', '05586198704'),
(22020305, 'Alyssa', 'Heath', '2003/8/22', 1, '2022/5/10', 3.40, 'Alyssa.Heath@etu.edu.tr', '05294462740'),
(20010305, 'Cecilia', 'Massey', '2000/6/6', 1, '2020/6/17', 0.77, 'Cecilia.Massey@etu.edu.tr', '05331630737'),
(21030304, 'Cory', 'Ball', '2000/2/24', 0, '2021/1/14', 3.67, 'Cory.Ball@etu.edu.tr', '05779994381'),
(21010210, 'Yandel', 'Frank', '2001/10/9', 0, '2021/2/3', 2.52, 'Yandel.Frank@etu.edu.tr', '05113600153'),
(18010202, 'Courtney', 'Foley', '1998/6/9', 1, '2018/5/16', 1.79, 'Courtney.Foley@etu.edu.tr', '05108010250'),
(18010104, 'Brenda', 'Bowman', '1996/2/8', 1, '2018/2/5', 1.95, 'Brenda.Bowman@etu.edu.tr', '05888120476'),
(20030106, 'Skyler', 'York', '2001/6/25', 1, '2020/9/11', 3.76, 'Skyler.York@etu.edu.tr', '05663594625'),
(22020102, 'Nora', 'Fleming', '2004/1/7', 1, '2022/1/13', 3.99, 'Nora.Fleming@etu.edu.tr', '05952513473'),
(18010305, 'Claudia', 'Armstrong', '1997/8/22', 1, '2018/8/13', 0.25, 'Claudia.Armstrong@etu.edu.tr', '05518516488'),
(19020109, 'Bailee', 'Sheppard', '1999/7/24', 1, '2019/5/23', 1.93, 'Bailee.Sheppard@etu.edu.tr', '05585951340'),
(22020306, 'Lena', 'Long', '2002/11/16', 1, '2022/2/2', 0.46, 'Lena.Long@etu.edu.tr', '05459327023'),
(21010306, 'Emmy', 'Paul', '2003/10/21', 1, '2021/8/1', 1.12, 'Emmy.Paul@etu.edu.tr', '05733955634'),
(21030305, 'Maia', 'Roberts', '2001/6/4', 1, '2021/7/6', 3.16, 'Maia.Roberts@etu.edu.tr', '05413158775'),
(21010211, 'Samson', 'Espinoza', '1999/4/18', 0, '2021/2/25', 2.37, 'Samson.Espinoza@etu.edu.tr', '05519780665'),
(20010306, 'Glenn', 'Simon', '1998/6/4', 0, '2020/3/4', 1.62, 'Glenn.Simon@etu.edu.tr', '05095933454'),
(18030106, 'Kailey', 'Wagner', '1998/12/8', 1, '2018/6/4', 3.92, 'Kailey.Wagner@etu.edu.tr', '05073488235'),
(18030204, 'Braylon', 'Potter', '2000/7/5', 0, '2018/7/5', 2.50, 'Braylon.Potter@etu.edu.tr', '05746058586'),
(22030207, 'Molly', 'Benjamin', '2002/11/28', 1, '2022/7/13', 2.97, 'Molly.Benjamin@etu.edu.tr', '05322129796'),
(22020307, 'Evan', 'Choi', '2000/12/12', 0, '2022/4/11', 1.05, 'Evan.Choi@etu.edu.tr', '05115446632'),
(19030304, 'Cortez', 'Bennett', '2001/8/11', 0, '2019/3/25', 3.85, 'Cortez.Bennett@etu.edu.tr', '05613602261'),
(18020208, 'Irvin', 'Santiago', '1997/4/27', 0, '2018/6/17', 1.30, 'Irvin.Santiago@etu.edu.tr', '05444658812'),
(18020305, 'August', 'Rice', '1998/1/17', 0, '2018/3/3', 1.12, 'August.Rice@etu.edu.tr', '05941247990'),
(20030305, 'Adrian', 'Walls', '2001/8/15', 0, '2020/3/6', 1.15, 'Adrian.Walls@etu.edu.tr', '05470144246'),
(22010206, 'Valery', 'Nash', '2003/7/11', 1, '2022/5/3', 2.80, 'Valery.Nash@etu.edu.tr', '05623931505'),
(18030307, 'Neil', 'Alvarado', '2000/1/5', 0, '2018/9/11', 1.85, 'Neil.Alvarado@etu.edu.tr', '05016932162'),
(18030308, 'Ralph', 'Zhang', '1996/11/10', 0, '2018/4/20', 1.17, 'Ralph.Zhang@etu.edu.tr', '05844539059'),
(21020305, 'Madilynn', 'Shea', '2001/8/21', 1, '2021/1/25', 3.93, 'Madilynn.Shea@etu.edu.tr', '05071909489'),
(21020205, 'Alaina', 'Pittman', '2003/12/2', 1, '2021/4/4', 0.69, 'Alaina.Pittman@etu.edu.tr', '05289610202'),
(22010105, 'Annabella', 'Meyers', '2000/7/18', 1, '2022/1/12', 0.81, 'Annabella.Meyers@etu.edu.tr', '05206030111'),
(21010101, 'Yesenia', 'Ellis', '2003/10/20', 1, '2021/3/25', 2.08, 'Yesenia.Ellis@etu.edu.tr', '05207863182'),
(18030107, 'Anna', 'Orr', '1996/11/9', 1, '2018/6/26', 3.02, 'Anna.Orr@etu.edu.tr', '05650892171'),
(20020204, 'Isai', 'Ayers', '2002/11/5', 0, '2020/3/2', 0.70, 'Isai.Ayers@etu.edu.tr', '05225365495'),
(21010102, 'Nash', 'Meyer', '2000/11/4', 0, '2021/3/10', 2.85, 'Nash.Meyer@etu.edu.tr', '05792241007'),
(19020305, 'Nathalie', 'Livingston', '2001/10/28', 1, '2019/1/10', 2.30, 'Nathalie.Livingston@etu.edu.tr', '05487874901'),
(22020103, 'Raquel', 'Boone', '2004/3/10', 1, '2022/1/1', 0.76, 'Raquel.Boone@etu.edu.tr', '05361531066'),
(19020110, 'Josephine', 'Zavala', '1999/9/3', 1, '2019/8/24', 3.29, 'Josephine.Zavala@etu.edu.tr', '05609130083'),
(20010108, 'Amina', 'Schwartz', '2000/7/14', 1, '2020/1/8', 3.56, 'Amina.Schwartz@etu.edu.tr', '05529200930'),
(18030309, 'Bryce', 'Calhoun', '1998/8/3', 0, '2018/9/23', 2.31, 'Bryce.Calhoun@etu.edu.tr', '05767474727'),
(22010307, 'Jared', 'Mcintosh', '2001/9/4', 0, '2022/8/9', 0.44, 'Jared.Mcintosh@etu.edu.tr', '05571974580'),
(22020206, 'Darren', 'Cole', '2003/12/15', 0, '2022/5/18', 3.50, 'Darren.Cole@etu.edu.tr', '05184915350'),
(19010203, 'Trent', 'Farmer', '1999/5/24', 0, '2019/4/6', 1.83, 'Trent.Farmer@etu.edu.tr', '05635727887'),
(18020209, 'Alena', 'Sparks', '1999/11/4', 1, '2018/7/10', 3.04, 'Alena.Sparks@etu.edu.tr', '05949102097'),
(21020206, 'Jaquan', 'Savage', '2001/9/28', 0, '2021/4/1', 3.62, 'Jaquan.Savage@etu.edu.tr', '05199278367'),
(20010109, 'Martin', 'Holland', '2001/5/1', 0, '2020/6/8', 3.96, 'Martin.Holland@etu.edu.tr', '05751257001'),
(20020105, 'Jameson', 'Roy', '1998/12/18', 0, '2020/9/25', 0.76, 'Jameson.Roy@etu.edu.tr', '05961062802'),
(21010212, 'Gabriela', 'Hatfield', '2002/10/28', 1, '2021/5/22', 3.05, 'Gabriela.Hatfield@etu.edu.tr', '05984451011'),
(21030103, 'Alicia', 'Richmond', '2003/11/14', 1, '2021/7/21', 2.51, 'Alicia.Richmond@etu.edu.tr', '05453018418'),
(21020207, 'Abdiel', 'Goodman', '2000/8/5', 0, '2021/1/5', 0.77, 'Abdiel.Goodman@etu.edu.tr', '05601674261'),
(20020205, 'Jordyn', 'Charles', '1998/1/15', 0, '2020/5/27', 3.29, 'Jordyn.Charles@etu.edu.tr', '05193917566'),
(18010105, 'Hadassah', 'Allen', '2000/10/4', 1, '2018/9/12', 0.72, 'Hadassah.Allen@etu.edu.tr', '05136390986'),
(22030305, 'Yusuf', 'Ferguson', '2000/11/20', 0, '2022/9/24', 0.80, 'Yusuf.Ferguson@etu.edu.tr', '05868615390'),
(21010103, 'Dorian', 'Daniels', '2002/10/24', 0, '2021/6/11', 3.38, 'Dorian.Daniels@etu.edu.tr', '05366248150'),
(21020103, 'America', 'Blanchard', '2001/8/5', 1, '2021/8/7', 2.62, 'America.Blanchard@etu.edu.tr', '05642734119'),
(22010308, 'Charity', 'Ware', '2003/4/10', 1, '2022/6/24', 0.92, 'Charity.Ware@etu.edu.tr', '05826600078'),
(20020106, 'Irene', 'Huber', '2001/4/17', 1, '2020/5/16', 3.88, 'Irene.Huber@etu.edu.tr', '05299466127'),
(18020210, 'Esmeralda', 'French', '1999/7/18', 1, '2018/3/9', 1.51, 'Esmeralda.French@etu.edu.tr', '05020145707'),
(21020104, 'Louis', 'Kaufman', '2003/4/5', 0, '2021/1/8', 2.47, 'Louis.Kaufman@etu.edu.tr', '05173796728'),
(18020211, 'Ryker', 'Jacobson', '1996/5/4', 0, '2018/1/1', 0.77, 'Ryker.Jacobson@etu.edu.tr', '05472495311'),
(20030206, 'Aniya', 'Lane', '2002/6/12', 1, '2020/4/12', 3.43, 'Aniya.Lane@etu.edu.tr', '05313925560'),
(22020207, 'Wesley', 'Dodson', '2003/5/28', 0, '2022/2/14', 2.04, 'Wesley.Dodson@etu.edu.tr', '05787071944'),
(18030108, 'Nola', 'Ibarra', '1998/11/28', 1, '2018/7/23', 2.37, 'Nola.Ibarra@etu.edu.tr', '05982558067'),
(22010309, 'Kaelyn', 'Galloway', '2003/3/23', 1, '2022/8/4', 0.30, 'Kaelyn.Galloway@etu.edu.tr', '05266962967'),
(20030107, 'Rory', 'Mcmahon', '2001/4/1', 0, '2020/9/19', 0.85, 'Rory.Mcmahon@etu.edu.tr', '05924048132'),
(20010307, 'Azaria', 'Raymond', '2002/3/7', 1, '2020/7/25', 3.28, 'Azaria.Raymond@etu.edu.tr', '05671404074'),
(21010213, 'Reina', 'Whitehead', '2001/2/26', 1, '2021/2/23', 2.57, 'Reina.Whitehead@etu.edu.tr', '05421007445'),
(20010308, 'Jaylee', 'Davis', '1998/6/22', 1, '2020/9/2', 3.93, 'Jaylee.Davis@etu.edu.tr', '05871224939'),
(18020105, 'Desmond', 'Ayala', '1998/9/3', 0, '2018/3/19', 2.79, 'Desmond.Ayala@etu.edu.tr', '05262635802'),
(22030306, 'Araceli', 'Fields', '2004/3/25', 1, '2022/5/3', 0.16, 'Araceli.Fields@etu.edu.tr', '05163468084'),
(20030306, 'Josh', 'Bender', '1998/8/21', 0, '2020/5/4', 1.76, 'Josh.Bender@etu.edu.tr', '05185887200'),
(19030103, 'Makaila', 'Norton', '1999/8/27', 1, '2019/1/16', 1.49, 'Makaila.Norton@etu.edu.tr', '05158007825'),
(22020208, 'Tobias', 'Stevenson', '2001/2/11', 0, '2022/4/26', 2.84, 'Tobias.Stevenson@etu.edu.tr', '05963828518'),
(19010204, 'Evie', 'Whitney', '1999/9/28', 1, '2019/6/22', 0.15, 'Evie.Whitney@etu.edu.tr', '05204226114'),
(18020106, 'Zayden', 'Michael', '2000/11/13', 0, '2018/5/3', 2.90, 'Zayden.Michael@etu.edu.tr', '05909383058'),
(18030109, 'Devyn', 'Gardner', '1998/12/2', 0, '2018/4/20', 2.05, 'Devyn.Gardner@etu.edu.tr', '05013705127'),
(22030307, 'Charles', 'Johns', '2000/5/26', 0, '2022/2/11', 0.28, 'Charles.Johns@etu.edu.tr', '05286663154'),
(18020306, 'Dayanara', 'Valenzuela', '1997/11/21', 1, '2018/8/17', 3.66, 'Dayanara.Valenzuela@etu.edu.tr', '05063613387'),
(22030308, 'Deanna', 'Garrett', '2001/9/1', 1, '2022/2/7', 0.72, 'Deanna.Garrett@etu.edu.tr', '05266758360'),
(20030307, 'Blake', 'Gillespie', '1999/11/6', 0, '2020/4/12', 2.98, 'Blake.Gillespie@etu.edu.tr', '05275289101'),
(18020307, 'Mike', 'Harrington', '1996/7/15', 0, '2018/9/16', 3.33, 'Mike.Harrington@etu.edu.tr', '05434778021'),
(18020308, 'Monserrat', 'Wu', '1997/12/25', 1, '2018/6/23', 2.14, 'Monserrat.Wu@etu.edu.tr', '05372732060'),
(19010306, 'Amari', 'Hardin', '2000/7/19', 1, '2019/8/21', 1.55, 'Amari.Hardin@etu.edu.tr', '05668149491'),
(20010309, 'Zaiden', 'Barr', '2002/10/16', 0, '2020/4/13', 3.55, 'Zaiden.Barr@etu.edu.tr', '05356689142'),
(18020107, 'Caitlyn', 'Townsend', '1996/1/20', 1, '2018/8/27', 2.54, 'Caitlyn.Townsend@etu.edu.tr', '05588060499'),
(19030104, 'Ean', 'Barnes', '1997/11/4', 0, '2019/8/3', 1.17, 'Ean.Barnes@etu.edu.tr', '05291467434'),
(21020105, 'Cassie', 'Calderon', '2000/11/20', 1, '2021/4/5', 0.07, 'Cassie.Calderon@etu.edu.tr', '05460867021'),
(21020106, 'Dakota', 'Knox', '2002/12/16', 1, '2021/6/8', 2.28, 'Dakota.Knox@etu.edu.tr', '05541396161'),
(20010110, 'Antwan', 'Reese', '1999/4/5', 0, '2020/6/16', 3.62, 'Antwan.Reese@etu.edu.tr', '05953346675'),
(20010208, 'Kadyn', 'Finley', '2000/1/24', 0, '2020/4/14', 1.19, 'Kadyn.Finley@etu.edu.tr', '05828149183'),
(21030104, 'Nevaeh', 'Gallegos', '2001/1/2', 1, '2021/7/26', 2.77, 'Nevaeh.Gallegos@etu.edu.tr', '05348141470'),
(20010209, 'Gunner', 'Villarreal', '1999/3/22', 0, '2020/5/11', 3.30, 'Gunner.Villarreal@etu.edu.tr', '05440700613'),
(18030110, 'Maya', 'Love', '1997/1/20', 1, '2018/8/3', 0.96, 'Maya.Love@etu.edu.tr', '05768576565'),
(19010104, 'Dana', 'Pearson', '1999/10/21', 1, '2019/7/26', 3.08, 'Dana.Pearson@etu.edu.tr', '05433489816'),
(19020205, 'Danika', 'Ford', '1999/6/15', 1, '2019/5/8', 1.46, 'Danika.Ford@etu.edu.tr', '05918885162'),
(22010106, 'Jamari', 'Richards', '2000/10/13', 0, '2022/2/2', 0.28, 'Jamari.Richards@etu.edu.tr', '05062967557'),
(21020107, 'Alayna', 'Mckinney', '2002/6/3', 1, '2021/3/18', 3.52, 'Alayna.Mckinney@etu.edu.tr', '05968518595'),
(20020206, 'Fatima', 'Mathews', '1998/3/15', 1, '2020/3/7', 1.91, 'Fatima.Mathews@etu.edu.tr', '05917379849'),
(19010307, 'Sage', 'Adkins', '1998/8/19', 1, '2019/2/13', 2.29, 'Sage.Adkins@etu.edu.tr', '05668673239'),
(22020209, 'Bianca', 'Kramer', '2002/10/6', 1, '2022/9/7', 1.77, 'Bianca.Kramer@etu.edu.tr', '05168993572'),
(20010310, 'Laney', 'Fuller', '1999/9/12', 1, '2020/1/11', 0.10, 'Laney.Fuller@etu.edu.tr', '05905691690'),
(22010107, 'Jeramiah', 'Hayes', '2000/1/4', 0, '2022/8/10', 0.31, 'Jeramiah.Hayes@etu.edu.tr', '05655636383'),
(22010310, 'Gia', 'Carr', '2000/11/2', 1, '2022/5/12', 3.33, 'Gia.Carr@etu.edu.tr', '05139235032'),
(21020208, 'Moises', 'Nguyen', '2002/6/28', 0, '2021/2/1', 0.19, 'Moises.Nguyen@etu.edu.tr', '05527669788'),
(19010308, 'Braelyn', 'Jarvis', '2000/8/16', 1, '2019/3/5', 1.82, 'Braelyn.Jarvis@etu.edu.tr', '05468132567'),
(20030108, 'Elsa', 'Padilla', '1999/6/19', 1, '2020/2/5', 0.12, 'Elsa.Padilla@etu.edu.tr', '05929284861'),
(18020212, 'Humberto', 'Benitez', '1997/9/2', 0, '2018/3/22', 3.13, 'Humberto.Benitez@etu.edu.tr', '05016866194'),
(18020309, 'Michelle', 'Ortiz', '1997/3/20', 1, '2018/2/16', 1.84, 'Michelle.Ortiz@etu.edu.tr', '05281298985'),
(19030201, 'Marley', 'Carrillo', '2000/10/11', 1, '2019/7/7', 0.94, 'Marley.Carrillo@etu.edu.tr', '05085326049'),
(19020306, 'Arnav', 'Cooper', '2000/1/20', 0, '2019/1/10', 1.74, 'Arnav.Cooper@etu.edu.tr', '05606920284'),
(21020108, 'Barrett', 'Bullock', '2003/6/25', 0, '2021/4/22', 0.62, 'Barrett.Bullock@etu.edu.tr', '05439581654'),
(22020210, 'Taryn', 'Hernandez', '2000/8/20', 1, '2022/4/28', 0.27, 'Taryn.Hernandez@etu.edu.tr', '05410917477'),
(22020211, 'Sierra', 'Lynn', '2003/4/28', 1, '2022/9/17', 0.72, 'Sierra.Lynn@etu.edu.tr', '05075169334'),
(21030208, 'Edgar', 'Barber', '2003/2/14', 0, '2021/1/10', 3.62, 'Edgar.Barber@etu.edu.tr', '05494714329'),
(18030205, 'Karissa', 'Marquez', '1998/7/5', 1, '2018/2/13', 0.66, 'Karissa.Marquez@etu.edu.tr', '05527742097'),
(20010111, 'Darien', 'West', '1999/9/15', 0, '2020/5/5', 0.07, 'Darien.West@etu.edu.tr', '05066769153'),
(18030111, 'Luke', 'Rogers', '1997/1/22', 0, '2018/8/3', 0.85, 'Luke.Rogers@etu.edu.tr', '05131425985'),
(20030308, 'Harrison', 'Chan', '2000/5/22', 0, '2020/4/9', 1.21, 'Harrison.Chan@etu.edu.tr', '05044388918'),
(20030207, 'Sienna', 'Murphy', '2000/11/13', 1, '2020/1/13', 1.00, 'Sienna.Murphy@etu.edu.tr', '05466413010'),
(19030305, 'Scarlett', 'Reilly', '1999/5/27', 1, '2019/3/19', 1.35, 'Scarlett.Reilly@etu.edu.tr', '05055779139'),
(20020305, 'Antonio', 'Russell', '1999/10/3', 0, '2020/2/14', 1.01, 'Antonio.Russell@etu.edu.tr', '05446955927'),
(21010307, 'Holden', 'Riley', '2001/3/6', 0, '2021/5/18', 0.97, 'Holden.Riley@etu.edu.tr', '05567981069'),
(18010106, 'Noe', 'Fitzgerald', '1996/11/10', 0, '2018/6/18', 2.73, 'Noe.Fitzgerald@etu.edu.tr', '05200000589'),
(20010210, 'Teagan', 'Haney', '2002/4/7', 0, '2020/8/20', 1.22, 'Teagan.Haney@etu.edu.tr', '05920952435'),
(18020310, 'Giovanni', 'Braun', '1997/4/18', 0, '2018/9/15', 1.70, 'Giovanni.Braun@etu.edu.tr', '05122735249'),
(19020206, 'Briley', 'Rivera', '1999/11/17', 1, '2019/7/10', 0.29, 'Briley.Rivera@etu.edu.tr', '05264041161'),
(22010207, 'Marina', 'Ellison', '2003/5/21', 1, '2022/4/9', 3.54, 'Marina.Ellison@etu.edu.tr', '05235990265'),
(19020111, 'Landon', 'Day', '1998/7/8', 0, '2019/1/27', 1.11, 'Landon.Day@etu.edu.tr', '05642520714'),
(18010306, 'Steven', 'Grimes', '1997/9/22', 0, '2018/6/4', 3.71, 'Steven.Grimes@etu.edu.tr', '05163928521'),
(21020109, 'Regina', 'Haley', '2003/3/10', 1, '2021/3/1', 3.42, 'Regina.Haley@etu.edu.tr', '05794744154'),
(18030310, 'Natalya', 'Glenn', '1997/3/18', 1, '2018/6/19', 1.69, 'Natalya.Glenn@etu.edu.tr', '05223949371'),
(22030309, 'Kylie', 'Stevens', '2003/10/23', 1, '2022/2/13', 0.23, 'Kylie.Stevens@etu.edu.tr', '05295073683'),
(19020112, 'Kaylee', 'Logan', '1997/9/14', 1, '2019/2/24', 1.14, 'Kaylee.Logan@etu.edu.tr', '05552693900'),
(19020207, 'Yael', 'Graves', '2001/8/5', 0, '2019/7/3', 1.10, 'Yael.Graves@etu.edu.tr', '05934034363'),
(19030105, 'Freddy', 'Farley', '2001/4/28', 0, '2019/3/21', 1.86, 'Freddy.Farley@etu.edu.tr', '05982482844'),
(19010105, 'Alessandro', 'Brady', '2000/11/7', 0, '2019/8/16', 0.72, 'Alessandro.Brady@etu.edu.tr', '05077366393'),
(20010211, 'Laila', 'Vance', '2002/1/7', 1, '2020/6/9', 0.17, 'Laila.Vance@etu.edu.tr', '05012755837'),
(21010214, 'Audrey', 'Benton', '2003/5/15', 1, '2021/4/11', 0.51, 'Audrey.Benton@etu.edu.tr', '05968774304'),
(22030208, 'Patience', 'Meza', '2000/10/23', 1, '2022/5/25', 3.77, 'Patience.Meza@etu.edu.tr', '05862529990'),
(18020213, 'Kendra', 'Booker', '1998/12/11', 1, '2018/8/11', 0.69, 'Kendra.Booker@etu.edu.tr', '05964836854'),
(18030311, 'Abby', 'Snow', '1998/10/9', 1, '2018/2/8', 0.09, 'Abby.Snow@etu.edu.tr', '05219663423'),
(19020113, 'Braydon', 'Mccann', '2000/6/21', 0, '2019/4/16', 1.99, 'Braydon.Mccann@etu.edu.tr', '05865110232'),
(20030109, 'Perla', 'Burgess', '2000/8/6', 1, '2020/1/28', 1.96, 'Perla.Burgess@etu.edu.tr', '05396788648'),
(22030105, 'Emma', 'Callahan', '2001/6/14', 1, '2022/2/24', 1.15, 'Emma.Callahan@etu.edu.tr', '05672085534'),
(21020110, 'Kaleigh', 'Lang', '1999/6/2', 1, '2021/5/16', 0.23, 'Kaleigh.Lang@etu.edu.tr', '05719199220'),
(20020306, 'Lewis', 'Proctor', '1998/1/2', 0, '2020/3/25', 0.16, 'Lewis.Proctor@etu.edu.tr', '05021195448'),
(19010309, 'Jocelynn', 'Elliott', '1999/10/21', 1, '2019/4/15', 1.67, 'Jocelynn.Elliott@etu.edu.tr', '05398266893'),
(22010108, 'Eddie', 'Wilkinson', '2002/3/17', 0, '2022/4/2', 2.56, 'Eddie.Wilkinson@etu.edu.tr', '05640334522'),
(22030106, 'Jaylen', 'Cox', '2000/2/2', 1, '2022/2/22', 2.10, 'Jaylen.Cox@etu.edu.tr', '05758634622'),
(19010310, 'Ashton', 'Mcdaniel', '2001/5/1', 0, '2019/1/7', 2.41, 'Ashton.Mcdaniel@etu.edu.tr', '05060190251'),
(20030110, 'Marlene', 'Carpenter', '2000/5/28', 1, '2020/4/16', 2.77, 'Marlene.Carpenter@etu.edu.tr', '05102175845'),
(19010311, 'Zion', 'Hunter', '2000/2/26', 0, '2019/3/27', 2.32, 'Zion.Hunter@etu.edu.tr', '05936689136'),
(21010215, 'Skylar', 'Anderson', '2002/3/23', 0, '2021/5/2', 1.91, 'Skylar.Anderson@etu.edu.tr', '05668488800'),
(22020212, 'Finley', 'Morales', '2002/1/22', 1, '2022/3/12', 1.43, 'Finley.Morales@etu.edu.tr', '05193416978'),
(19030202, 'Mackenzie', 'Romero', '1998/6/11', 1, '2019/1/12', 0.10, 'Mackenzie.Romero@etu.edu.tr', '05729104847'),
(21010104, 'Brock', 'Cameron', '1999/11/1', 0, '2021/7/17', 1.23, 'Brock.Cameron@etu.edu.tr', '05149079986'),
(22020213, 'Jakobe', 'Underwood', '2004/11/15', 0, '2022/9/23', 2.16, 'Jakobe.Underwood@etu.edu.tr', '05851903879'),
(20020207, 'Cael', 'Hayden', '1999/3/18', 0, '2020/9/12', 2.26, 'Cael.Hayden@etu.edu.tr', '05640953379'),
(21020209, 'Deon', 'Wilkerson', '2003/12/27', 0, '2021/9/6', 0.80, 'Deon.Wilkerson@etu.edu.tr', '05212797885'),
(19020114, 'Mireya', 'Reyes', '2000/3/19', 1, '2019/3/12', 1.49, 'Mireya.Reyes@etu.edu.tr', '05895336806'),
(19030106, 'Jaydon', 'Mccoy', '2001/1/2', 0, '2019/8/28', 2.07, 'Jaydon.Mccoy@etu.edu.tr', '05040983027'),
(21010308, 'Sonny', 'Martin', '2000/12/13', 0, '2021/5/17', 0.48, 'Sonny.Martin@etu.edu.tr', '05964922327'),
(20020208, 'Lorena', 'Vasquez', '2000/7/12', 1, '2020/3/1', 0.57, 'Lorena.Vasquez@etu.edu.tr', '05879426840'),
(21010216, 'Eliezer', 'Melton', '2003/7/28', 0, '2021/2/6', 1.50, 'Eliezer.Melton@etu.edu.tr', '05883013952'),
(18020108, 'Jonas', 'Pace', '1997/9/27', 0, '2018/2/19', 2.83, 'Jonas.Pace@etu.edu.tr', '05038758149'),
(22010109, 'Deborah', 'Dyer', '2000/7/5', 1, '2022/1/3', 3.42, 'Deborah.Dyer@etu.edu.tr', '05166602874'),
(22020104, 'Emilie', 'Lucas', '2004/3/9', 1, '2022/7/22', 3.23, 'Emilie.Lucas@etu.edu.tr', '05626376766'),
(18020109, 'Johnny', 'King', '1997/5/14', 0, '2018/5/1', 2.80, 'Johnny.King@etu.edu.tr', '05340397872'),
(19030203, 'Solomon', 'Garza', '2001/5/13', 0, '2019/5/10', 3.64, 'Solomon.Garza@etu.edu.tr', '05227016764'),
(18010203, 'Lilia', 'Suarez', '1999/1/13', 1, '2018/2/2', 2.00, 'Lilia.Suarez@etu.edu.tr', '05148457950'),
(18030312, 'Valentina', 'Murillo', '1996/3/11', 1, '2018/9/8', 0.18, 'Valentina.Murillo@etu.edu.tr', '05123944280'),
(22030209, 'Juliet', 'Odonnell', '2004/1/25', 1, '2022/9/17', 1.91, 'Juliet.Odonnell@etu.edu.tr', '05731951261'),
(18030206, 'Eric', 'Henson', '1996/11/8', 0, '2018/3/7', 2.08, 'Eric.Henson@etu.edu.tr', '05383363010'),
(22010311, 'Jocelyn', 'Roman', '2000/1/1', 1, '2022/2/26', 3.29, 'Jocelyn.Roman@etu.edu.tr', '05114722861'),
(20030111, 'Tania', 'Jones', '2001/11/14', 1, '2020/2/11', 0.16, 'Tania.Jones@etu.edu.tr', '05669234049'),
(22010110, 'Alison', 'Cisneros', '2004/9/8', 1, '2022/6/15', 1.74, 'Alison.Cisneros@etu.edu.tr', '05879459352'),
(20020107, 'Harley', 'Sherman', '2001/2/21', 0, '2020/9/10', 2.64, 'Harley.Sherman@etu.edu.tr', '05934412331'),
(18020110, 'Lainey', 'Clements', '1998/5/25', 1, '2018/7/20', 3.36, 'Lainey.Clements@etu.edu.tr', '05781174272'),
(20010311, 'Spencer', 'Bush', '1998/10/24', 0, '2020/2/8', 2.31, 'Spencer.Bush@etu.edu.tr', '05425481152'),
(21020306, 'Ariel', 'Lindsey', '2001/7/10', 0, '2021/1/17', 2.75, 'Ariel.Lindsey@etu.edu.tr', '05175504571'),
(21030306, 'Hanna', 'Good', '2000/9/17', 1, '2021/1/7', 3.10, 'Hanna.Good@etu.edu.tr', '05546919204'),
(19020307, 'Mark', 'Haas', '2001/5/18', 0, '2019/2/19', 1.64, 'Mark.Haas@etu.edu.tr', '05558582763'),
(20010212, 'Tanner', 'Bryan', '2001/7/27', 0, '2020/8/17', 0.40, 'Tanner.Bryan@etu.edu.tr', '05266994599'),
(20010112, 'Alec', 'Whitaker', '1999/9/20', 0, '2020/8/27', 2.81, 'Alec.Whitaker@etu.edu.tr', '05440315321'),
(20010312, 'Mohamed', 'Cordova', '1998/2/5', 0, '2020/5/19', 0.54, 'Mohamed.Cordova@etu.edu.tr', '05050549734'),
(18010204, 'Caden', 'Bauer', '1998/9/20', 0, '2018/6/4', 2.42, 'Caden.Bauer@etu.edu.tr', '05658299300'),
(19010205, 'Micah', 'Russo', '2000/3/1', 0, '2019/5/25', 3.29, 'Micah.Russo@etu.edu.tr', '05449113488'),
(22020105, 'Amya', 'Shields', '2002/10/25', 1, '2022/4/14', 0.08, 'Amya.Shields@etu.edu.tr', '05181988385'),
(20020307, 'Amirah', 'Greene', '2002/10/10', 1, '2020/5/9', 3.94, 'Amirah.Greene@etu.edu.tr', '05526934824'),
(22010208, 'Alexus', 'Reed', '2003/5/13', 1, '2022/1/16', 3.81, 'Alexus.Reed@etu.edu.tr', '05089079470'),
(19020115, 'Leandro', 'Patrick', '2000/8/10', 0, '2019/7/7', 2.80, 'Leandro.Patrick@etu.edu.tr', '05467550684'),
(21020210, 'Deangelo', 'Herrera', '1999/1/4', 0, '2021/8/4', 3.24, 'Deangelo.Herrera@etu.edu.tr', '05359758317'),
(22010111, 'Mitchell', 'Holloway', '2000/11/14', 0, '2022/3/3', 2.95, 'Mitchell.Holloway@etu.edu.tr', '05610521471'),
(18030207, 'Adriana', 'Diaz', '1998/11/27', 1, '2018/7/10', 2.98, 'Adriana.Diaz@etu.edu.tr', '05962312648'),
(22030310, 'Joselyn', 'Holt', '2003/4/24', 1, '2022/6/21', 1.46, 'Joselyn.Holt@etu.edu.tr', '05495800983'),
(20020209, 'German', 'White', '2000/3/9', 0, '2020/6/28', 2.77, 'German.White@etu.edu.tr', '05376498757'),
(22030311, 'Arthur', 'Yoder', '2001/11/16', 0, '2022/3/1', 2.78, 'Arthur.Yoder@etu.edu.tr', '05310239783'),
(18020214, 'Lukas', 'Archer', '1998/6/8', 0, '2018/6/3', 3.01, 'Lukas.Archer@etu.edu.tr', '05206638001'),
(18030313, 'Angelique', 'Cherry', '1997/12/23', 1, '2018/6/22', 2.17, 'Angelique.Cherry@etu.edu.tr', '05704485018'),
(20030112, 'Phoenix', 'Rojas', '1998/12/16', 0, '2020/4/15', 0.68, 'Phoenix.Rojas@etu.edu.tr', '05205263425'),
(21010309, 'Devan', 'Bird', '2002/3/21', 0, '2021/8/14', 3.77, 'Devan.Bird@etu.edu.tr', '05355778378'),
(18030208, 'June', 'Bass', '1997/7/20', 1, '2018/6/1', 3.78, 'June.Bass@etu.edu.tr', '05058138454'),
(19030204, 'Tyrese', 'Powers', '1998/3/17', 0, '2019/2/19', 1.68, 'Tyrese.Powers@etu.edu.tr', '05967746995'),
(18030112, 'Daisy', 'Richardson', '1996/6/1', 1, '2018/4/23', 1.84, 'Daisy.Richardson@etu.edu.tr', '05689139229'),
(22020308, 'Edwin', 'Flynn', '2004/5/26', 0, '2022/2/27', 0.58, 'Edwin.Flynn@etu.edu.tr', '05360497046'),
(19030107, 'Camille', 'Mcdowell', '1998/1/4', 1, '2019/4/26', 3.71, 'Camille.Mcdowell@etu.edu.tr', '05417743578'),
(21020211, 'Kenyon', 'Daugherty', '2003/11/11', 0, '2021/6/6', 2.82, 'Kenyon.Daugherty@etu.edu.tr', '05782590491'),
(19030205, 'Jordyn', 'Kaiser', '1998/1/23', 1, '2019/4/23', 1.59, 'Jordyn.Kaiser@etu.edu.tr', '05575109449'),
(20030208, 'Alexzander', 'Delgado', '1999/12/10', 0, '2020/1/25', 3.71, 'Alexzander.Delgado@etu.edu.tr', '05934209661'),
(19010312, 'Frances', 'Mccarthy', '2000/12/16', 1, '2019/3/22', 3.95, 'Frances.Mccarthy@etu.edu.tr', '05248042954'),
(19020116, 'Alina', 'Mcintyre', '1997/7/28', 1, '2019/2/1', 2.98, 'Alina.Mcintyre@etu.edu.tr', '05014806473'),
(19010313, 'Elaina', 'Vargas', '1997/6/7', 1, '2019/3/28', 2.25, 'Elaina.Vargas@etu.edu.tr', '05413351760'),
(21020307, 'Jovanni', 'Campos', '2002/7/11', 0, '2021/3/12', 3.70, 'Jovanni.Campos@etu.edu.tr', '05950395621'),
(18010107, 'Lina', 'Hampton', '1997/4/24', 1, '2018/1/12', 1.77, 'Lina.Hampton@etu.edu.tr', '05598174811'),
(18010307, 'Destiney', 'Rangel', '1997/5/12', 1, '2018/2/3', 3.49, 'Destiney.Rangel@etu.edu.tr', '05027039492'),
(21020212, 'Dulce', 'Durham', '2002/10/12', 1, '2021/6/8', 3.72, 'Dulce.Durham@etu.edu.tr', '05632271206'),
(20030113, 'Caylee', 'Cooke', '2001/12/18', 1, '2020/5/3', 0.76, 'Caylee.Cooke@etu.edu.tr', '05006606189'),
(19020208, 'Pamela', 'Schneider', '2001/2/24', 1, '2019/8/25', 2.68, 'Pamela.Schneider@etu.edu.tr', '05574979566'),
(21020213, 'Amara', 'Rasmussen', '2001/3/15', 1, '2021/4/19', 3.55, 'Amara.Rasmussen@etu.edu.tr', '05464519388'),
(21030307, 'Madisyn', 'Gibson', '1999/10/17', 1, '2021/6/11', 0.36, 'Madisyn.Gibson@etu.edu.tr', '05159559933'),
(19020308, 'Jaron', 'Villa', '2001/7/20', 0, '2019/5/2', 0.56, 'Jaron.Villa@etu.edu.tr', '05940856612'),
(19020209, 'Lamont', 'Holder', '1997/8/24', 0, '2019/4/19', 1.77, 'Lamont.Holder@etu.edu.tr', '05526539608'),
(20020210, 'Elvis', 'House', '2001/7/5', 0, '2020/2/15', 1.69, 'Elvis.House@etu.edu.tr', '05127003772'),
(19030306, 'Campbell', 'Krause', '1997/5/10', 1, '2019/9/2', 2.62, 'Campbell.Krause@etu.edu.tr', '05504312852'),
(21010105, 'Malaki', 'Perkins', '1999/3/10', 0, '2021/6/7', 2.38, 'Malaki.Perkins@etu.edu.tr', '05627272103'),
(19010206, 'Coby', 'Pena', '1999/9/19', 0, '2019/5/23', 3.80, 'Coby.Pena@etu.edu.tr', '05324915889'),
(21020111, 'Carter', 'Todd', '1999/7/18', 0, '2021/8/18', 1.41, 'Carter.Todd@etu.edu.tr', '05840273952'),
(20030114, 'Carolyn', 'Bowers', '2002/3/2', 1, '2020/2/20', 3.00, 'Carolyn.Bowers@etu.edu.tr', '05110016317'),
(22030210, 'Ivan', 'Medina', '2002/7/16', 0, '2022/5/12', 3.38, 'Ivan.Medina@etu.edu.tr', '05105807078'),
(20010313, 'Samara', 'Kidd', '1999/3/18', 1, '2020/9/28', 1.50, 'Samara.Kidd@etu.edu.tr', '05407821760'),
(19010106, 'Remington', 'Levy', '1997/12/7', 0, '2019/7/27', 3.70, 'Remington.Levy@etu.edu.tr', '05694610859'),
(18010308, 'Abraham', 'Flores', '2000/10/8', 0, '2018/2/28', 0.03, 'Abraham.Flores@etu.edu.tr', '05838208138'),
(20030209, 'Zion', 'Boyer', '2001/11/20', 1, '2020/9/24', 0.34, 'Zion.Boyer@etu.edu.tr', '05565282007'),
(19030206, 'Ayla', 'Cantrell', '1998/5/25', 1, '2019/9/19', 2.00, 'Ayla.Cantrell@etu.edu.tr', '05409009746'),
(20010213, 'Brennan', 'Li', '1998/2/27', 0, '2020/2/24', 3.33, 'Brennan.Li@etu.edu.tr', '05722033957'),
(20020308, 'Warren', 'Hanson', '2000/12/8', 0, '2020/6/10', 1.05, 'Warren.Hanson@etu.edu.tr', '05239355064'),
(20020108, 'Ronald', 'Kline', '1998/9/6', 0, '2020/9/14', 1.10, 'Ronald.Kline@etu.edu.tr', '05296967933'),
(21010106, 'Simone', 'Mcpherson', '2003/2/4', 1, '2021/1/15', 0.72, 'Simone.Mcpherson@etu.edu.tr', '05767614771'),
(21020112, 'Demarcus', 'Ramsey', '1999/8/26', 0, '2021/2/28', 0.25, 'Demarcus.Ramsey@etu.edu.tr', '05084367734'),
(21010107, 'Paul', 'Dunlap', '2001/6/24', 0, '2021/6/13', 0.07, 'Paul.Dunlap@etu.edu.tr', '05803821988'),
(19030307, 'Todd', 'Ward', '2000/7/6', 0, '2019/3/3', 2.19, 'Todd.Ward@etu.edu.tr', '05768523356'),
(20010214, 'Aleah', 'Miles', '1998/12/25', 1, '2020/7/1', 3.15, 'Aleah.Miles@etu.edu.tr', '05937596219'),
(19010207, 'Bryson', 'Thornton', '1998/2/8', 0, '2019/5/24', 0.74, 'Bryson.Thornton@etu.edu.tr', '05828210051'),
(19030108, 'Jermaine', 'Valencia', '2001/5/21', 0, '2019/6/20', 2.08, 'Jermaine.Valencia@etu.edu.tr', '05971277388'),
(22010312, 'Miranda', 'Jacobs', '2002/8/25', 1, '2022/2/27', 3.86, 'Miranda.Jacobs@etu.edu.tr', '05490423124'),
(22020106, 'Evangeline', 'Stephens', '2002/6/16', 1, '2022/8/16', 0.76, 'Evangeline.Stephens@etu.edu.tr', '05761128786'),
(20010314, 'Lilian', 'Larsen', '2002/3/3', 1, '2020/7/9', 0.61, 'Lilian.Larsen@etu.edu.tr', '05071460473'),
(21030105, 'Harper', 'Glass', '2002/8/10', 0, '2021/3/27', 0.12, 'Harper.Glass@etu.edu.tr', '05587241749'),
(18030209, 'Esteban', 'Tran', '1998/4/17', 0, '2018/9/2', 2.91, 'Esteban.Tran@etu.edu.tr', '05073675118'),
(21020308, 'Parker', 'Payne', '2003/1/1', 1, '2021/5/1', 3.71, 'Parker.Payne@etu.edu.tr', '05424134849'),
(19030109, 'Kaitlin', 'Osborne', '1998/5/1', 1, '2019/3/2', 2.78, 'Kaitlin.Osborne@etu.edu.tr', '05891327927'),
(22020107, 'Akira', 'Joseph', '2003/2/16', 1, '2022/9/11', 0.85, 'Akira.Joseph@etu.edu.tr', '05869853383'),
(22030211, 'Abram', 'Walters', '2002/5/22', 0, '2022/8/3', 1.19, 'Abram.Walters@etu.edu.tr', '05282847956'),
(20020211, 'Brianna', 'Beck', '2000/10/17', 1, '2020/8/25', 1.86, 'Brianna.Beck@etu.edu.tr', '05215102917'),
(22020214, 'Lexie', 'Wilkins', '2002/6/25', 1, '2022/1/14', 1.71, 'Lexie.Wilkins@etu.edu.tr', '05085428258'),
(21020113, 'Walter', 'Spencer', '2000/8/6', 0, '2021/6/21', 2.73, 'Walter.Spencer@etu.edu.tr', '05811036170'),
(22010209, 'Chandler', 'Kirk', '2001/1/13', 0, '2022/8/19', 1.19, 'Chandler.Kirk@etu.edu.tr', '05976218921'),
(22010112, 'Nathanael', 'Singleton', '2003/7/15', 0, '2022/3/18', 0.65, 'Nathanael.Singleton@etu.edu.tr', '05957918824'),
(20030115, 'Carla', 'Hooper', '2001/7/3', 1, '2020/1/3', 0.92, 'Carla.Hooper@etu.edu.tr', '05631415392'),
(18030314, 'Joshua', 'Williamson', '1996/8/17', 0, '2018/3/23', 0.09, 'Joshua.Williamson@etu.edu.tr', '05348612821'),
(22010113, 'Avery', 'Sloan', '2003/4/2', 1, '2022/8/13', 3.77, 'Avery.Sloan@etu.edu.tr', '05218735941'),
(18030113, 'Isabela', 'Pope', '1996/2/28', 1, '2018/6/7', 1.80, 'Isabela.Pope@etu.edu.tr', '05518291618'),
(22030312, 'Jada', 'Moses', '2000/7/25', 1, '2022/9/17', 2.57, 'Jada.Moses@etu.edu.tr', '05001676641'),
(22020215, 'Gabrielle', 'Irwin', '2000/10/20', 1, '2022/3/24', 1.14, 'Gabrielle.Irwin@etu.edu.tr', '05846967288'),
(18030315, 'Payten', 'Taylor', '1998/11/12', 1, '2018/3/26', 2.49, 'Payten.Taylor@etu.edu.tr', '05017764613'),
(21020114, 'Chaya', 'Bonilla', '2001/10/16', 1, '2021/6/20', 3.75, 'Chaya.Bonilla@etu.edu.tr', '05957658587'),
(19010314, 'Ayanna', 'Terry', '1999/9/10', 1, '2019/2/21', 0.55, 'Ayanna.Terry@etu.edu.tr', '05703429602'),
(18030316, 'Angel', 'Gonzales', '1999/3/14', 1, '2018/9/2', 2.59, 'Angel.Gonzales@etu.edu.tr', '05680434469'),
(19020210, 'Kiley', 'Sosa', '1997/12/2', 1, '2019/8/25', 2.53, 'Kiley.Sosa@etu.edu.tr', '05956773197'),
(19030308, 'Adan', 'Alexander', '1998/1/27', 0, '2019/8/26', 0.47, 'Adan.Alexander@etu.edu.tr', '05869450193'),
(20010113, 'Jaiden', 'Ramirez', '2000/8/10', 0, '2020/9/13', 2.58, 'Jaiden.Ramirez@etu.edu.tr', '05873753457'),
(19020117, 'Clayton', 'Woods', '1999/9/4', 0, '2019/5/16', 0.79, 'Clayton.Woods@etu.edu.tr', '05626089212'),
(22010114, 'Kamila', 'Donaldson', '2003/4/28', 1, '2022/3/15', 1.53, 'Kamila.Donaldson@etu.edu.tr', '05035534425'),
(20010215, 'Cristal', 'Manning', '1998/2/24', 1, '2020/1/19', 3.70, 'Cristal.Manning@etu.edu.tr', '05039194995'),
(22010313, 'Samantha', 'Estes', '2004/12/6', 1, '2022/8/1', 0.16, 'Samantha.Estes@etu.edu.tr', '05738140031'),
(20010315, 'Charlotte', 'Olson', '1998/1/13', 1, '2020/5/12', 3.84, 'Charlotte.Olson@etu.edu.tr', '05825571793'),
(20010316, 'Essence', 'Page', '2001/9/2', 1, '2020/6/26', 3.79, 'Essence.Page@etu.edu.tr', '05924533225'),
(19010107, 'Rowan', 'Doyle', '1998/4/3', 1, '2019/9/23', 3.22, 'Rowan.Doyle@etu.edu.tr', '05957768863'),
(22020216, 'Enrique', 'Mcmillan', '2002/8/10', 0, '2022/4/19', 1.39, 'Enrique.Mcmillan@etu.edu.tr', '05747628636'),
(19030110, 'Joseph', 'Mora', '1998/4/9', 0, '2019/2/10', 1.08, 'Joseph.Mora@etu.edu.tr', '05849745718'),
(21010310, 'Mara', 'Baxter', '2001/6/17', 1, '2021/8/22', 3.31, 'Mara.Baxter@etu.edu.tr', '05597524020'),
(20010317, 'Rubi', 'Bridges', '2001/8/28', 1, '2020/1/14', 3.32, 'Rubi.Bridges@etu.edu.tr', '05214556499'),
(20030309, 'Julius', 'Dunn', '2002/3/22', 0, '2020/2/13', 3.01, 'Julius.Dunn@etu.edu.tr', '05734076757'),
(21030308, 'Kian', 'Murray', '2001/5/23', 0, '2021/2/13', 2.71, 'Kian.Murray@etu.edu.tr', '05501706975'),
(22010314, 'Terrell', 'Horne', '2001/1/6', 0, '2022/5/8', 3.97, 'Terrell.Horne@etu.edu.tr', '05558531581'),
(21010311, 'Viviana', 'Roach', '1999/12/13', 1, '2021/4/4', 1.43, 'Viviana.Roach@etu.edu.tr', '05081864159'),
(21030106, 'Charlize', 'Fuentes', '2003/2/23', 1, '2021/1/5', 0.91, 'Charlize.Fuentes@etu.edu.tr', '05357407595'),
(21010108, 'Lacey', 'Gilbert', '2001/10/3', 1, '2021/1/2', 1.73, 'Lacey.Gilbert@etu.edu.tr', '05625326344'),
(19010208, 'Ahmad', 'Phillips', '1999/10/4', 0, '2019/5/3', 0.44, 'Ahmad.Phillips@etu.edu.tr', '05217745234'),
(21010217, 'Immanuel', 'Neal', '2002/7/12', 0, '2021/5/13', 0.80, 'Immanuel.Neal@etu.edu.tr', '05641468629'),
(19010108, 'Ellie', 'Liu', '1998/7/6', 1, '2019/2/11', 0.70, 'Ellie.Liu@etu.edu.tr', '05960531668'),
(21010218, 'Ashtyn', 'Buck', '2000/8/20', 1, '2021/5/6', 0.40, 'Ashtyn.Buck@etu.edu.tr', '05393479414'),
(20010318, 'Rachael', 'Downs', '1999/8/20', 1, '2020/6/2', 0.54, 'Rachael.Downs@etu.edu.tr', '05336143646'),
(20020109, 'Tia', 'Bradshaw', '2002/2/6', 1, '2020/8/21', 0.21, 'Tia.Bradshaw@etu.edu.tr', '05955269699'),
(19020211, 'Andrew', 'Sutton', '1997/2/12', 0, '2019/4/14', 3.47, 'Andrew.Sutton@etu.edu.tr', '05955630557'),
(18030317, 'Frankie', 'Davies', '1996/12/3', 0, '2018/7/1', 3.69, 'Frankie.Davies@etu.edu.tr', '05481059196'),
(19020212, 'Susan', 'Banks', '1999/6/9', 1, '2019/5/3', 3.60, 'Susan.Banks@etu.edu.tr', '05500421245'),
(20020309, 'Adonis', 'Vazquez', '1998/12/23', 0, '2020/9/11', 2.49, 'Adonis.Vazquez@etu.edu.tr', '05164802227'),
(18010108, 'Adelaide', 'Ho', '2000/8/8', 1, '2018/5/6', 3.12, 'Adelaide.Ho@etu.edu.tr', '05493077473'),
(19030207, 'Quinn', 'Shelton', '1999/4/16', 1, '2019/5/2', 1.30, 'Quinn.Shelton@etu.edu.tr', '05093580203'),
(21020214, 'Isaac', 'Weber', '1999/4/6', 0, '2021/2/19', 2.43, 'Isaac.Weber@etu.edu.tr', '05062901480'),
(20010319, 'Abigayle', 'Zamora', '2002/3/4', 1, '2020/7/7', 3.97, 'Abigayle.Zamora@etu.edu.tr', '05018528167'),
(22020108, 'Derrick', 'Moreno', '2003/8/21', 0, '2022/8/10', 3.78, 'Derrick.Moreno@etu.edu.tr', '05904040013'),
(18020215, 'Sergio', 'Kim', '1997/12/24', 0, '2018/3/14', 0.35, 'Sergio.Kim@etu.edu.tr', '05142489437'),
(21010109, 'Cheyenne', 'Stewart', '1999/1/10', 1, '2021/8/19', 2.96, 'Cheyenne.Stewart@etu.edu.tr', '05909001179'),
(20020310, 'Belen', 'Mcconnell', '1998/4/12', 1, '2020/7/16', 0.13, 'Belen.Mcconnell@etu.edu.tr', '05206691158'),
(19010209, 'Chase', 'Barajas', '1999/5/18', 0, '2019/9/1', 3.58, 'Chase.Barajas@etu.edu.tr', '05475888925'),
(18010309, 'Maverick', 'Blake', '2000/8/20', 0, '2018/1/12', 1.86, 'Maverick.Blake@etu.edu.tr', '05446601064'),
(18030210, 'Grace', 'Castro', '1996/7/4', 1, '2018/3/10', 0.38, 'Grace.Castro@etu.edu.tr', '05433216150'),
(18020311, 'Kevin', 'Stafford', '1997/3/22', 0, '2018/3/19', 0.15, 'Kevin.Stafford@etu.edu.tr', '05813544845'),
(20020110, 'Mekhi', 'Conway', '2000/11/16', 0, '2020/5/12', 3.30, 'Mekhi.Conway@etu.edu.tr', '05505172915'),
(19020309, 'Rebekah', 'Howard', '1999/11/5', 1, '2019/9/1', 2.60, 'Rebekah.Howard@etu.edu.tr', '05867266189'),
(19030208, 'Luz', 'Nixon', '2000/1/27', 1, '2019/9/20', 3.73, 'Luz.Nixon@etu.edu.tr', '05480321306'),
(21030309, 'Jaydin', 'English', '2002/6/6', 0, '2021/7/26', 0.87, 'Jaydin.English@etu.edu.tr', '05686945275'),
(21020215, 'Kaliyah', 'Dillon', '2003/2/19', 1, '2021/3/6', 1.09, 'Kaliyah.Dillon@etu.edu.tr', '05555864977'),
(20010216, 'Kayden', 'George', '2001/6/27', 0, '2020/9/13', 1.92, 'Kayden.George@etu.edu.tr', '05891150234')
;

INSERT INTO ACTIVE(stud_id) VALUES 
(20030101),
(21020201),
(20030201),
(20030202),
(21030201),
(22010301),
(18020301),
(22020201),
(21030301),
(19020101),
(20010201),
(19020102),
(20020301),
(18030301),
(18020201),
(18030302),
(18020302),
(20020101),
(21020301),
(20010301),
(19020201),
(20020102),
(22020101),
(22030301),
(22030201),
(19010301),
(22020301),
(20030102),
(20030301),
(22010201),
(20010302),
(19020103),
(22030101),
(20030203),
(19020301),
(19020202),
(21030302),
(20010202),
(22010302),
(18030101),
(18020202),
(20010101),
(22010202),
(19020203),
(20020201),
(19010302),
(18010101),
(18030102),
(19030301),
(19010201),
(18030201),
(18010301),
(22010203),
(19020104),
(21010301),
(22030302),
(18020203),
(20010102),
(20010203),
(18010201),
(20010103),
(21010302),
(21030101),
(21020202),
(21020101),
(18030103),
(21030202),
(21010201),
(21010202),
(18020101),
(20020302),
(19020105),
(20020303),
(21010203),
(18010302),
(22010101),
(19010303),
(19020106),
(18030202),
(20030302),
(18030203),
(21020302),
(21010303),
(22010102),
(20010204),
(22010204),
(22030202),
(22020202),
(20010205),
(21010204),
(22010303),
(19030101),
(18030104),
(19020302),
(18030303),
(21030203),
(21020303),
(20020202),
(19020204),
(22030203),
(21020102),
(18030105),
(22020203),
(20010303),
(18020204),
(22020302),
(18010102),
(18020303),
(18030304),
(22020303),
(21010205),
(22030102),
(22020304),
(20030303),
(19010304),
(22030103),
(20030204),
(22030204),
(21020203),
(20030103),
(18020304),
(20010304),
(19030302),
(21030204),
(20010104),
(22030303),
(19020303),
(20020203),
(22030104),
(20030304),
(21030205),
(18030305),
(21020204),
(20010105),
(18020102),
(18020205),
(18020206),
(19010101),
(22030205),
(21010304),
(19030303),
(19020304),
(22030206),
(20020103),
(18030306),
(19010102),
(21020304),
(21030102),
(18020103),
(22010205),
(22010103),
(20010206),
(18010303),
(21030206),
(20030104),
(22020204),
(21010206),
(21010207),
(20020104),
(22010304),
(20020304),
(21010208),
(18020104),
(21030303),
(21030207),
(19010202),
(18020207),
(19010305),
(19010103),
(22010305),
(20010207),
(20030205),
(19020107),
(18010103),
(19020108),
(22010104),
(22030304),
(22010306),
(20010106),
(18010304),
(21010305),
(22020205),
(21010209),
(19030102),
(20030105),
(20010107),
(22020305),
(20010305),
(21030304),
(21010210),
(18010202),
(18010104),
(20030106),
(22020102),
(18010305),
(19020109),
(22020306),
(21010306),
(21030305),
(21010211),
(20010306),
(18030106),
(18030204),
(22030207),
(22020307),
(19030304),
(18020208),
(18020305),
(20030305),
(22010206),
(18030307),
(18030308),
(21020305),
(21020205),
(22010105),
(21010101),
(18030107),
(20020204),
(21010102),
(19020305),
(22020103),
(19020110),
(20010108),
(18030309),
(22010307),
(22020206),
(19010203),
(18020209),
(21020206),
(20010109),
(20020105),
(21010212),
(21030103),
(21020207),
(20020205),
(18010105),
(22030305),
(21010103),
(21020103),
(22010308),
(20020106),
(18020210),
(21020104),
(18020211),
(20030206),
(22020207),
(18030108),
(22010309),
(20030107),
(20010307),
(21010213),
(20010308),
(18020105),
(22030306),
(20030306),
(19030103),
(22020208),
(19010204),
(18020106),
(18030109),
(22030307),
(18020306),
(22030308),
(20030307),
(18020307),
(18020308),
(19010306),
(20010309),
(18020107),
(19030104),
(21020105),
(21020106),
(20010110),
(20010208),
(21030104),
(20010209),
(18030110),
(19010104),
(19020205),
(22010106),
(21020107),
(20020206),
(19010307),
(22020209),
(20010310),
(22010107),
(22010310),
(21020208),
(19010308),
(20030108),
(18020212),
(18020309),
(19030201),
(19020306),
(21020108),
(22020210),
(22020211),
(21030208),
(18030205),
(20010111),
(18030111),
(20030308),
(20030207),
(19030305),
(20020305),
(21010307),
(18010106),
(20010210),
(18020310),
(19020206),
(22010207),
(19020111),
(18010306),
(21020109),
(18030310),
(22030309),
(19020112),
(19020207),
(19030105),
(19010105),
(20010211),
(21010214),
(22030208),
(18020213),
(18030311),
(19020113),
(20030109),
(22030105),
(21020110),
(20020306),
(19010309),
(22010108),
(22030106),
(19010310),
(20030110),
(19010311),
(21010215),
(22020212),
(19030202),
(21010104),
(22020213),
(20020207),
(21020209),
(19020114),
(19030106),
(21010308),
(20020208),
(21010216),
(18020108),
(22010109),
(22020104),
(18020109),
(19030203),
(18010203),
(18030312),
(22030209),
(18030206),
(22010311),
(20030111),
(22010110),
(20020107),
(18020110),
(20010311),
(21020306),
(21030306),
(19020307),
(20010212),
(20010112),
(20010312),
(18010204),
(19010205),
(22020105),
(20020307),
(22010208),
(19020115),
(21020210),
(22010111),
(18030207),
(22030310),
(20020209),
(22030311),
(18020214),
(18030313),
(20030112),
(21010309),
(18030208),
(19030204),
(18030112),
(22020308),
(19030107),
(21020211),
(19030205),
(20030208),
(19010312),
(19020116),
(19010313),
(21020307),
(18010107),
(18010307),
(21020212),
(20030113),
(19020208),
(21020213),
(21030307),
(19020308),
(19020209),
(20020210),
(19030306),
(21010105),
(19010206),
(21020111),
(20030114),
(22030210),
(20010313),
(19010106),
(18010308),
(20030209),
(19030206),
(20010213),
(20020308),
(20020108),
(21010106),
(21020112),
(21010107),
(19030307),
(20010214),
(19010207),
(19030108),
(22010312),
(22020106),
(20010314),
(21030105),
(18030209),
(21020308),
(19030109),
(22020107),
(22030211),
(20020211),
(22020214),
(21020113),
(22010209),
(22010112),
(20030115),
(18030314),
(22010113),
(18030113),
(22030312),
(22020215),
(18030315),
(21020114),
(19010314),
(18030316),
(19020210),
(19030308),
(20010113),
(19020117),
(22010114),
(20010215),
(22010313),
(20010315),
(20010316),
(19010107),
(22020216),
(19030110),
(21010310),
(20010317),
(20030309),
(21030308),
(22010314),
(21010311),
(21030106),
(21010108),
(19010208),
(21010217),
(19010108),
(21010218),
(20010318),
(20020109),
(19020211),
(18030317),
(19020212),
(20020309),
(18010108),
(19030207),
(21020214),
(20010319),
(22020108),
(18020215),
(21010109),
(20020310),
(19010209),
(18010309),
(18030210),
(18020311),
(20020110),
(19020309),
(19030208),
(21030309),
(21020215),
(20010216)
;

INSERT INTO STUDENT(stud_id, stud_fname, stud_lname, stud_birth_date, stud_sex, stud_reg_date, stud_gpa, stud_email, stud_number) VALUES 
(15020201, 'Emiliano', 'Shepherd', '1994/8/12', 0, '2015/9/19', 2.05, 'Emiliano.Shepherd@etu.edu.tr', '05629266830'),
(14030201, 'Sara', 'Hobbs', '1993/6/22', 1, '2014/3/24', 3.23, 'Sara.Hobbs@etu.edu.tr', '05874110213'),
(14010301, 'Giselle', 'Lynch', '1995/4/28', 1, '2014/7/20', 0.96, 'Giselle.Lynch@etu.edu.tr', '05283275088'),
(13010101, 'Lesly', 'Spence', '1992/1/28', 1, '2013/6/27', 3.69, 'Lesly.Spence@etu.edu.tr', '05754553644'),
(13030201, 'Asa', 'Hogan', '1993/1/7', 0, '2013/3/10', 2.13, 'Asa.Hogan@etu.edu.tr', '05811167476'),
(13020201, 'Ingrid', 'Cervantes', '1993/12/25', 1, '2013/4/1', 2.06, 'Ingrid.Cervantes@etu.edu.tr', '05328870185'),
(14020101, 'Kenzie', 'Mendoza', '1993/8/22', 1, '2014/2/20', 1.60, 'Kenzie.Mendoza@etu.edu.tr', '05181070425'),
(16010301, 'Baylee', 'Leblanc', '1998/10/17', 1, '2016/9/13', 1.47, 'Baylee.Leblanc@etu.edu.tr', '05941553280'),
(13020202, 'Roman', 'Fischer', '1995/12/9', 0, '2013/1/5', 0.86, 'Roman.Fischer@etu.edu.tr', '05117396772'),
(17030301, 'Ryan', 'Snyder', '1998/9/22', 1, '2017/3/15', 1.78, 'Ryan.Snyder@etu.edu.tr', '05685725786'),
(15030301, 'Adrienne', 'Briggs', '1996/1/7', 1, '2015/5/26', 0.86, 'Adrienne.Briggs@etu.edu.tr', '05782425652'),
(15030201, 'Averi', 'Malone', '1997/7/27', 1, '2015/6/9', 1.56, 'Averi.Malone@etu.edu.tr', '05626259153'),
(14020301, 'Krista', 'Sanders', '1993/5/2', 1, '2014/7/16', 0.98, 'Krista.Sanders@etu.edu.tr', '05306947339'),
(14030301, 'Leon', 'Hawkins', '1996/6/25', 0, '2014/7/17', 3.74, 'Leon.Hawkins@etu.edu.tr', '05697978303'),
(14010101, 'Ezequiel', 'Clark', '1993/6/16', 0, '2014/5/8', 2.42, 'Ezequiel.Clark@etu.edu.tr', '05130310964'),
(14030202, 'Jovan', 'Davidson', '1994/12/22', 0, '2014/5/8', 1.88, 'Jovan.Davidson@etu.edu.tr', '05325411765'),
(17020301, 'Quincy', 'Cantu', '1999/1/23', 0, '2017/9/10', 2.69, 'Quincy.Cantu@etu.edu.tr', '05343540121'),
(17030101, 'Harry', 'Melendez', '1998/5/24', 0, '2017/4/8', 2.86, 'Harry.Melendez@etu.edu.tr', '05439686989'),
(13010201, 'Mallory', 'Gill', '1993/3/9', 1, '2013/8/26', 3.56, 'Mallory.Gill@etu.edu.tr', '05803172648'),
(17030302, 'Precious', 'Ryan', '1999/12/1', 1, '2017/8/28', 3.58, 'Precious.Ryan@etu.edu.tr', '05371101467'),
(13030202, 'Stephanie', 'Mills', '1993/9/25', 1, '2013/8/11', 0.42, 'Stephanie.Mills@etu.edu.tr', '05627820346'),
(13020203, 'Amani', 'Walter', '1991/12/8', 1, '2013/4/12', 0.10, 'Amani.Walter@etu.edu.tr', '05984347849'),
(13010301, 'Zoie', 'Porter', '1992/9/19', 1, '2013/9/7', 0.44, 'Zoie.Porter@etu.edu.tr', '05023469758'),
(15030302, 'Katherine', 'Thomas', '1996/9/22', 1, '2015/5/21', 3.83, 'Katherine.Thomas@etu.edu.tr', '05845693831'),
(13030203, 'Paula', 'Conrad', '1993/7/21', 1, '2013/8/18', 1.19, 'Paula.Conrad@etu.edu.tr', '05572195970'),
(15020301, 'Hadley', 'Donovan', '1995/9/8', 1, '2015/7/16', 3.65, 'Hadley.Donovan@etu.edu.tr', '05182040942'),
(15010101, 'Maxwell', 'Hudson', '1994/1/23', 0, '2015/3/15', 2.53, 'Maxwell.Hudson@etu.edu.tr', '05130410331'),
(14030101, 'Sanaa', 'Carney', '1995/3/25', 1, '2014/4/28', 3.15, 'Sanaa.Carney@etu.edu.tr', '05073518984'),
(16030301, 'Levi', 'Brooks', '1997/7/12', 0, '2016/1/22', 2.37, 'Levi.Brooks@etu.edu.tr', '05385699653'),
(17010101, 'Nehemiah', 'Torres', '1999/4/12', 0, '2017/4/19', 3.79, 'Nehemiah.Torres@etu.edu.tr', '05166583436'),
(17010201, 'James', 'Hopkins', '1999/1/19', 0, '2017/4/21', 0.46, 'James.Hopkins@etu.edu.tr', '05518594517'),
(16020101, 'Victoria', 'Stone', '1996/12/18', 1, '2016/8/5', 2.32, 'Victoria.Stone@etu.edu.tr', '05485684650'),
(14030203, 'Judah', 'Pineda', '1993/11/18', 0, '2014/3/15', 0.78, 'Judah.Pineda@etu.edu.tr', '05957379246'),
(14010102, 'Kassandra', 'Pratt', '1994/9/14', 1, '2014/6/16', 3.60, 'Kassandra.Pratt@etu.edu.tr', '05338791542'),
(16010302, 'Zack', 'Villanueva', '1996/8/19', 0, '2016/2/9', 1.17, 'Zack.Villanueva@etu.edu.tr', '05133020883'),
(17020101, 'Colt', 'Mcfarland', '1996/6/5', 0, '2017/9/12', 2.44, 'Colt.Mcfarland@etu.edu.tr', '05787192170'),
(13030301, 'Roland', 'Mendez', '1994/6/19', 0, '2013/2/22', 1.49, 'Roland.Mendez@etu.edu.tr', '05346486732'),
(13010202, 'Francisco', 'Novak', '1991/10/2', 0, '2013/1/28', 2.56, 'Francisco.Novak@etu.edu.tr', '05685329415'),
(13010102, 'Kathryn', 'Bradford', '1995/9/6', 1, '2013/3/19', 1.42, 'Kathryn.Bradford@etu.edu.tr', '05977837892'),
(15030202, 'Jayden', 'Schultz', '1995/8/25', 1, '2015/7/6', 1.04, 'Jayden.Schultz@etu.edu.tr', '05203208066'),
(15030303, 'Adrianna', 'Larson', '1996/2/2', 1, '2015/3/19', 1.11, 'Adrianna.Larson@etu.edu.tr', '05530225054'),
(14030302, 'Audrina', 'Peters', '1994/7/19', 1, '2014/9/25', 3.50, 'Audrina.Peters@etu.edu.tr', '05286332369'),
(17020302, 'Brenden', 'Chung', '1997/2/3', 0, '2017/7/2', 3.10, 'Brenden.Chung@etu.edu.tr', '05260436874'),
(17020201, 'Thomas', 'Hutchinson', '1995/8/1', 0, '2017/3/7', 2.42, 'Thomas.Hutchinson@etu.edu.tr', '05117161421'),
(17030201, 'Fisher', 'Shaw', '1995/12/19', 0, '2017/6/23', 1.58, 'Fisher.Shaw@etu.edu.tr', '05423482476'),
(17020102, 'Dominick', 'Burnett', '1998/2/19', 0, '2017/5/10', 0.04, 'Dominick.Burnett@etu.edu.tr', '05567080200'),
(16010303, 'Dangelo', 'Preston', '1998/7/3', 0, '2016/8/21', 3.78, 'Dangelo.Preston@etu.edu.tr', '05042195607'),
(17020202, 'Sharon', 'Mayer', '1999/12/28', 1, '2017/4/12', 1.36, 'Sharon.Mayer@etu.edu.tr', '05377582920'),
(15010301, 'Easton', 'May', '1997/2/24', 0, '2015/9/3', 3.84, 'Easton.May@etu.edu.tr', '05637384641'),
(17020303, 'Dale', 'Ramos', '1999/8/22', 0, '2017/1/16', 1.34, 'Dale.Ramos@etu.edu.tr', '05972128618'),
(14030303, 'Yahir', 'Copeland', '1994/3/11', 0, '2014/9/19', 1.68, 'Yahir.Copeland@etu.edu.tr', '05499423452'),
(14020302, 'Kameron', 'Craig', '1992/3/21', 0, '2014/6/23', 3.66, 'Kameron.Craig@etu.edu.tr', '05146805038'),
(16020301, 'Sarah', 'Wyatt', '1995/10/18', 1, '2016/3/18', 3.43, 'Sarah.Wyatt@etu.edu.tr', '05288413080'),
(16030101, 'Whitney', 'Hicks', '1997/3/22', 1, '2016/4/9', 2.36, 'Whitney.Hicks@etu.edu.tr', '05666162663'),
(17020103, 'Estrella', 'Watts', '1997/4/1', 1, '2017/8/17', 3.74, 'Estrella.Watts@etu.edu.tr', '05348094291'),
(13010203, 'Clarissa', 'Hall', '1995/3/19', 1, '2013/7/6', 2.39, 'Clarissa.Hall@etu.edu.tr', '05637037260'),
(13010204, 'Kassidy', 'Parsons', '1994/1/2', 1, '2013/2/2', 0.73, 'Kassidy.Parsons@etu.edu.tr', '05674189554'),
(13030204, 'Marco', 'Clarke', '1994/2/15', 0, '2013/8/8', 1.13, 'Marco.Clarke@etu.edu.tr', '05154427212'),
(16010201, 'Jaslene', 'Berry', '1996/9/25', 1, '2016/9/9', 0.23, 'Jaslene.Berry@etu.edu.tr', '05992585741'),
(17030303, 'Cesar', 'Bishop', '1996/5/5', 0, '2017/8/2', 0.53, 'Cesar.Bishop@etu.edu.tr', '05954841401'),
(16010202, 'Carlos', 'Lee', '1997/7/12', 0, '2016/8/14', 0.25, 'Carlos.Lee@etu.edu.tr', '05076875437'),
(15020302, 'Kobe', 'Mercer', '1996/10/27', 0, '2015/4/26', 0.61, 'Kobe.Mercer@etu.edu.tr', '05825484189'),
(15030101, 'Maximo', 'Douglas', '1997/12/11', 0, '2015/1/3', 0.27, 'Maximo.Douglas@etu.edu.tr', '05446200304'),
(14020102, 'Saul', 'Harrell', '1995/8/28', 0, '2014/6/4', 0.92, 'Saul.Harrell@etu.edu.tr', '05338878388'),
(17030304, 'Bria', 'Green', '1997/9/14', 1, '2017/6/13', 1.11, 'Bria.Green@etu.edu.tr', '05452783250'),
(15010102, 'Jessie', 'Roberson', '1993/1/17', 1, '2015/3/2', 3.38, 'Jessie.Roberson@etu.edu.tr', '05290023438'),
(13010205, 'Amiya', 'Arnold', '1993/7/18', 1, '2013/1/13', 2.24, 'Amiya.Arnold@etu.edu.tr', '05064174676'),
(16020302, 'Madalyn', 'Rollins', '1997/6/4', 1, '2016/1/6', 2.75, 'Madalyn.Rollins@etu.edu.tr', '05231137642'),
(16030302, 'Elliot', 'Robertson', '1997/5/5', 0, '2016/5/10', 1.69, 'Elliot.Robertson@etu.edu.tr', '05459272797'),
(14030102, 'Adrien', 'Duarte', '1995/2/13', 0, '2014/5/21', 0.00, 'Adrien.Duarte@etu.edu.tr', '05120431463'),
(13030205, 'Catalina', 'Strickland', '1993/3/15', 1, '2013/8/5', 2.56, 'Catalina.Strickland@etu.edu.tr', '05153856060'),
(15030203, 'Frida', 'Fitzpatrick', '1996/12/20', 1, '2015/5/11', 1.93, 'Frida.Fitzpatrick@etu.edu.tr', '05189844382'),
(13030101, 'Ryan', 'Robles', '1995/9/17', 0, '2013/9/23', 3.99, 'Ryan.Robles@etu.edu.tr', '05411132367'),
(15010302, 'Jeremy', 'Chambers', '1996/11/10', 0, '2015/5/5', 0.71, 'Jeremy.Chambers@etu.edu.tr', '05467163410'),
(15020202, 'Cameron', 'Yang', '1994/1/2', 1, '2015/1/17', 1.02, 'Cameron.Yang@etu.edu.tr', '05610970141'),
(17010301, 'Ainsley', 'Golden', '1996/3/20', 1, '2017/4/9', 3.58, 'Ainsley.Golden@etu.edu.tr', '05585844563'),
(13020101, 'Lawrence', 'Houston', '1992/3/19', 0, '2013/7/28', 1.71, 'Lawrence.Houston@etu.edu.tr', '05727585105'),
(13010302, 'Kaleb', 'Sanchez', '1995/10/20', 0, '2013/6/15', 0.80, 'Kaleb.Sanchez@etu.edu.tr', '05151244548'),
(14020201, 'Joanna', 'Case', '1996/7/15', 1, '2014/5/27', 2.51, 'Joanna.Case@etu.edu.tr', '05268370351'),
(13020301, 'Lucy', 'Aguilar', '1993/1/13', 1, '2013/2/9', 3.94, 'Lucy.Aguilar@etu.edu.tr', '05359014074'),
(15020303, 'Riya', 'Tate', '1996/5/21', 1, '2015/3/14', 0.06, 'Riya.Tate@etu.edu.tr', '05198872170'),
(17030102, 'Melany', 'Obrien', '1995/7/16', 1, '2017/2/4', 2.61, 'Melany.Obrien@etu.edu.tr', '05268337217'),
(17020203, 'Ricardo', 'Frey', '1995/6/14', 0, '2017/2/13', 2.04, 'Ricardo.Frey@etu.edu.tr', '05563128291'),
(17020304, 'Orlando', 'Peterson', '1999/3/8', 0, '2017/1/19', 2.25, 'Orlando.Peterson@etu.edu.tr', '05727697610'),
(14020202, 'Gideon', 'Stephenson', '1993/9/15', 0, '2014/7/25', 1.26, 'Gideon.Stephenson@etu.edu.tr', '05992071064'),
(17030103, 'Charlie', 'Travis', '1998/10/14', 0, '2017/9/11', 1.49, 'Charlie.Travis@etu.edu.tr', '05694447123'),
(14010201, 'Margaret', 'Stout', '1996/9/20', 1, '2014/9/12', 3.64, 'Margaret.Stout@etu.edu.tr', '05218431031'),
(13020102, 'Jamiya', 'Mcneil', '1993/6/19', 1, '2013/4/8', 2.14, 'Jamiya.Mcneil@etu.edu.tr', '05174167090'),
(17020104, 'Jade', 'Griffith', '1995/9/20', 1, '2017/7/26', 3.07, 'Jade.Griffith@etu.edu.tr', '05306712162'),
(16010203, 'Gianni', 'Gay', '1998/10/16', 0, '2016/6/26', 2.51, 'Gianni.Gay@etu.edu.tr', '05513156816'),
(16030102, 'Landin', 'Wilcox', '1994/4/28', 0, '2016/4/10', 3.36, 'Landin.Wilcox@etu.edu.tr', '05901271104'),
(15010103, 'Madalynn', 'Rivers', '1996/1/14', 1, '2015/9/4', 3.84, 'Madalynn.Rivers@etu.edu.tr', '05401375435'),
(13020103, 'Atticus', 'Christensen', '1991/5/2', 0, '2013/1/6', 1.21, 'Atticus.Christensen@etu.edu.tr', '05989083540'),
(16030201, 'Kinley', 'Valentine', '1995/12/12', 1, '2016/1/9', 3.64, 'Kinley.Valentine@etu.edu.tr', '05117214415'),
(15030102, 'Rylee', 'Moyer', '1994/2/25', 1, '2015/3/10', 2.30, 'Rylee.Moyer@etu.edu.tr', '05519363570'),
(16030303, 'Aedan', 'Morgan', '1996/5/5', 0, '2016/5/4', 3.55, 'Aedan.Morgan@etu.edu.tr', '05009352628'),
(15010303, 'Messiah', 'Wiggins', '1994/1/9', 0, '2015/5/3', 3.35, 'Messiah.Wiggins@etu.edu.tr', '05279677187'),
(13010103, 'Ana', 'Coleman', '1992/4/2', 1, '2013/1/10', 0.15, 'Ana.Coleman@etu.edu.tr', '05548063694'),
(14030204, 'Pedro', 'Wang', '1992/8/16', 0, '2014/7/1', 0.48, 'Pedro.Wang@etu.edu.tr', '05274516141'),
(17020305, 'Danny', 'Carlson', '1997/7/1', 0, '2017/4/7', 3.98, 'Danny.Carlson@etu.edu.tr', '05321046459')
;

INSERT INTO GRADUATE(stud_id, grad_grad_date) VALUES 
(15020201, '2020/6/12'),
(14030201, '2019/8/6'),
(14010301, '2019/8/17'),
(13010101, '2017/9/28'),
(13030201, '2017/9/10'),
(13020201, '2018/1/28'),
(14020101, '2019/8/10'),
(16010301, '2020/4/23'),
(13020202, '2018/1/11'),
(17030301, '2021/3/27'),
(15030301, '2020/4/11'),
(15030201, '2020/1/14'),
(14020301, '2018/6/9'),
(14030301, '2019/7/21'),
(14010101, '2019/9/9'),
(14030202, '2018/5/7'),
(17020301, '2021/4/16'),
(17030101, '2022/8/18'),
(13010201, '2017/2/6'),
(17030302, '2022/8/18'),
(13030202, '2017/9/13'),
(13020203, '2018/4/27'),
(13010301, '2017/4/9'),
(15030302, '2019/8/22'),
(13030203, '2018/5/1'),
(15020301, '2020/2/6'),
(15010101, '2019/6/4'),
(14030101, '2018/2/3'),
(16030301, '2021/1/15'),
(17010101, '2021/1/9'),
(17010201, '2022/3/3'),
(16020101, '2021/9/10'),
(14030203, '2018/9/3'),
(14010102, '2019/3/13'),
(16010302, '2021/4/13'),
(17020101, '2021/5/6'),
(13030301, '2017/4/5'),
(13010202, '2017/7/5'),
(13010102, '2017/6/14'),
(15030202, '2019/2/26'),
(15030303, '2019/9/8'),
(14030302, '2018/7/1'),
(17020302, '2021/4/15'),
(17020201, '2021/3/14'),
(17030201, '2022/9/8'),
(17020102, '2021/3/12'),
(16010303, '2021/6/20'),
(17020202, '2022/3/17'),
(15010301, '2020/1/19'),
(17020303, '2021/8/3'),
(14030303, '2019/4/15'),
(14020302, '2019/6/23'),
(16020301, '2020/4/25'),
(16030101, '2021/4/13'),
(17020103, '2021/1/20'),
(13010203, '2017/2/19'),
(13010204, '2018/6/26'),
(13030204, '2017/3/17'),
(16010201, '2021/6/6'),
(17030303, '2021/9/9'),
(16010202, '2021/4/16'),
(15020302, '2019/7/15'),
(15030101, '2019/1/3'),
(14020102, '2019/1/6'),
(17030304, '2021/7/25'),
(15010102, '2019/6/27'),
(13010205, '2018/2/14'),
(16020302, '2020/3/6'),
(16030302, '2020/7/19'),
(14030102, '2019/2/12'),
(13030205, '2017/1/5'),
(15030203, '2020/7/9'),
(13030101, '2018/4/5'),
(15010302, '2019/8/23'),
(15020202, '2020/9/19'),
(17010301, '2022/5/14'),
(13020101, '2017/9/17'),
(13010302, '2018/4/17'),
(14020201, '2019/1/18'),
(13020301, '2017/1/5'),
(15020303, '2020/2/9'),
(17030102, '2022/6/28'),
(17020203, '2021/8/2'),
(17020304, '2021/9/22'),
(14020202, '2019/7/1'),
(17030103, '2021/8/14'),
(14010201, '2019/2/8'),
(13020102, '2018/7/4'),
(17020104, '2021/4/5'),
(16010203, '2021/4/1'),
(16030102, '2020/8/12'),
(15010103, '2019/1/9'),
(13020103, '2018/4/24'),
(16030201, '2021/8/26'),
(15030102, '2019/4/9'),
(16030303, '2020/6/9'),
(15010303, '2020/7/24'),
(13010103, '2018/1/11'),
(14030204, '2019/6/27'),
(17020305, '2021/8/6')
;

INSERT INTO PARENT(pare_id, pare_fname, pare_lname, pare_sex, pare_email, pare_number) VALUES 
(1, 'Lauren', 'Wang', 1, 'Lauren.Wang@gmail.com', '05762207780'),
(2, 'Keon', 'Coleman', 0, 'Keon.Coleman@gmail.com', '05941943330'),
(3, 'Trystan', 'Wiggins', 0, 'Trystan.Wiggins@gmail.com', '05573178228'),
(4, 'Alexia', 'Morgan', 1, 'Alexia.Morgan@gmail.com', '05032720009'),
(5, 'Laylah', 'Moyer', 1, 'Laylah.Moyer@gmail.com', '05008553596'),
(6, 'Andy', 'Valentine', 0, 'Andy.Valentine@gmail.com', '05145269059'),
(7, 'Jair', 'Christensen', 0, 'Jair.Christensen@gmail.com', '05493494500'),
(8, 'Gwendolyn', 'Rivers', 1, 'Gwendolyn.Rivers@gmail.com', '05128408326'),
(9, 'Carlo', 'Gay', 0, 'Carlo.Gay@gmail.com', '05284182303'),
(10, 'Michaela', 'Mcneil', 1, 'Michaela.Mcneil@gmail.com', '05831492765'),
(11, 'Hugh', 'Travis', 0, 'Hugh.Travis@gmail.com', '05543397266'),
(12, 'Jase', 'Peterson', 0, 'Jase.Peterson@gmail.com', '05075227519'),
(13, 'Nigel', 'Frey', 0, 'Nigel.Frey@gmail.com', '05306774457'),
(14, 'Lara', 'Obrien', 1, 'Lara.Obrien@gmail.com', '05253079636'),
(15, 'Jagger', 'Aguilar', 0, 'Jagger.Aguilar@gmail.com', '05317088245'),
(16, 'Giovanna', 'Case', 1, 'Giovanna.Case@gmail.com', '05342880792'),
(17, 'Nathen', 'Sanchez', 0, 'Nathen.Sanchez@gmail.com', '05523788561'),
(18, 'Brett', 'Houston', 0, 'Brett.Houston@gmail.com', '05808842617'),
(19, 'Lucille', 'Yang', 1, 'Lucille.Yang@gmail.com', '05095095493'),
(20, 'Yareli', 'Chambers', 1, 'Yareli.Chambers@gmail.com', '05701759839'),
(21, 'Franco', 'Robles', 0, 'Franco.Robles@gmail.com', '05770954749'),
(22, 'Emmalee', 'Fitzpatrick', 1, 'Emmalee.Fitzpatrick@gmail.com', '05795454767'),
(23, 'Sullivan', 'Strickland', 0, 'Sullivan.Strickland@gmail.com', '05042928836'),
(24, 'Paulina', 'Duarte', 1, 'Paulina.Duarte@gmail.com', '05877263459'),
(25, 'Mckayla', 'Robertson', 1, 'Mckayla.Robertson@gmail.com', '05451047716'),
(26, 'Melody', 'Arnold', 1, 'Melody.Arnold@gmail.com', '05179172736'),
(27, 'Gloria', 'Roberson', 1, 'Gloria.Roberson@gmail.com', '05308743859'),
(28, 'Isla', 'Douglas', 1, 'Isla.Douglas@gmail.com', '05036937804'),
(29, 'Kate', 'Bishop', 1, 'Kate.Bishop@gmail.com', '05407892544'),
(30, 'Kamron', 'Berry', 0, 'Kamron.Berry@gmail.com', '05290787811'),
(31, 'Amare', 'Parsons', 0, 'Amare.Parsons@gmail.com', '05899790481'),
(32, 'Aaden', 'Hall', 0, 'Aaden.Hall@gmail.com', '05889236662'),
(33, 'Jayce', 'Watts', 0, 'Jayce.Watts@gmail.com', '05593276473'),
(34, 'Walker', 'Hicks', 0, 'Walker.Hicks@gmail.com', '05438699899'),
(35, 'Shaun', 'Wyatt', 0, 'Shaun.Wyatt@gmail.com', '05113979105'),
(36, 'Elisha', 'Ramos', 0, 'Elisha.Ramos@gmail.com', '05037994455'),
(37, 'Melvin', 'May', 0, 'Melvin.May@gmail.com', '05450359437'),
(38, 'Mira', 'Mayer', 1, 'Mira.Mayer@gmail.com', '05164204985'),
(39, 'Demarion', 'Griffith', 0, 'Demarion.Griffith@gmail.com', '05210977478'),
(40, 'Ace', 'Hutchinson', 0, 'Ace.Hutchinson@gmail.com', '05859703777'),
(41, 'Kolby', 'Preston', 0, 'Kolby.Preston@gmail.com', '05126746368'),
(42, 'Elisa', 'Chung', 1, 'Elisa.Chung@gmail.com', '05086055850'),
(43, 'Rolando', 'Peters', 0, 'Rolando.Peters@gmail.com', '05953422428'),
(44, 'Ariel', 'Norton', 1, 'Ariel.Norton@gmail.com', '05651309398'),
(45, 'Nancy', 'Finley', 1, 'Nancy.Finley@gmail.com', '05653130393'),
(46, 'Kaylen', 'Blake', 1, 'Kaylen.Blake@gmail.com', '05699134111'),
(47, 'Adam', 'Dodson', 0, 'Adam.Dodson@gmail.com', '05418369117'),
(48, 'Anabelle', 'Bowers', 1, 'Anabelle.Bowers@gmail.com', '05202364611'),
(49, 'Kali', 'Jacobson', 1, 'Kali.Jacobson@gmail.com', '05064477775'),
(50, 'Penelope', 'Mcpherson', 1, 'Penelope.Mcpherson@gmail.com', '05546470467'),
(51, 'Fabian', 'Bender', 0, 'Fabian.Bender@gmail.com', '05115506858'),
(52, 'Jacqueline', 'Ware', 1, 'Jacqueline.Ware@gmail.com', '05450130860'),
(53, 'Tamia', 'Santiago', 1, 'Tamia.Santiago@gmail.com', '05780749608'),
(54, 'Clara', 'Blanchard', 1, 'Clara.Blanchard@gmail.com', '05554339142'),
(55, 'Ray', 'Goodman', 0, 'Ray.Goodman@gmail.com', '05497683716'),
(56, 'Leland', 'Holland', 0, 'Leland.Holland@gmail.com', '05935818802'),
(57, 'Mercedes', 'Cole', 1, 'Mercedes.Cole@gmail.com', '05663799151'),
(58, 'Tanya', 'Mckay', 1, 'Tanya.Mckay@gmail.com', '05825216078'),
(59, 'Jaylene', 'Murphy', 1, 'Jaylene.Murphy@gmail.com', '05573375705'),
(60, 'Hayden', 'Meyer', 1, 'Hayden.Meyer@gmail.com', '05000915392'),
(61, 'Lizeth', 'Cervantes', 1, 'Lizeth.Cervantes@gmail.com', '05756683675'),
(62, 'Macy', 'Ayers', 1, 'Macy.Ayers@gmail.com', '05074747207'),
(63, 'Corey', 'Orr', 0, 'Corey.Orr@gmail.com', '05744575980'),
(64, 'Savannah', 'Todd', 1, 'Savannah.Todd@gmail.com', '05654913640'),
(65, 'Nick', 'Benjamin', 0, 'Nick.Benjamin@gmail.com', '05750680322'),
(66, 'Dayana', 'Cooper', 1, 'Dayana.Cooper@gmail.com', '05663354342'),
(67, 'Leia', 'Bridges', 1, 'Leia.Bridges@gmail.com', '05884141424'),
(68, 'Laci', 'Simon', 1, 'Laci.Simon@gmail.com', '05498420739'),
(69, 'Makayla', 'Roberts', 1, 'Makayla.Roberts@gmail.com', '05297823025'),
(70, 'Reed', 'Cisneros', 0, 'Reed.Cisneros@gmail.com', '05929061591'),
(71, 'Mila', 'Barker', 1, 'Mila.Barker@gmail.com', '05182276127'),
(72, 'Daniella', 'Armstrong', 1, 'Daniella.Armstrong@gmail.com', '05668080574'),
(73, 'Noah', 'Mcfarland', 0, 'Noah.Mcfarland@gmail.com', '05379720050'),
(74, 'Josue', 'Massey', 0, 'Josue.Massey@gmail.com', '05240075848'),
(75, 'Ernesto', 'Gillespie', 0, 'Ernesto.Gillespie@gmail.com', '05661810581'),
(76, 'Yosef', 'Archer', 0, 'Yosef.Archer@gmail.com', '05077084008'),
(77, 'Rudy', 'Quinn', 0, 'Rudy.Quinn@gmail.com', '05035531692'),
(78, 'Malakai', 'Michael', 0, 'Malakai.Michael@gmail.com', '05537585682'),
(79, 'Deandre', 'Estes', 0, 'Deandre.Estes@gmail.com', '05986606444'),
(80, 'Malachi', 'Cantu', 0, 'Malachi.Cantu@gmail.com', '05922004440'),
(81, 'Taylor', 'Espinoza', 1, 'Taylor.Espinoza@gmail.com', '05967728904'),
(82, 'Maren', 'Ramirez', 1, 'Maren.Ramirez@gmail.com', '05270037496'),
(83, 'Christine', 'Long', 1, 'Christine.Long@gmail.com', '05173548757'),
(84, 'Emmanuel', 'Marks', 0, 'Emmanuel.Marks@gmail.com', '05774577909'),
(85, 'Lindsay', 'Knox', 1, 'Lindsay.Knox@gmail.com', '05234973549'),
(86, 'Dylan', 'York', 0, 'Dylan.York@gmail.com', '05455421233'),
(87, 'Azul', 'Kelley', 1, 'Azul.Kelley@gmail.com', '05947859888'),
(88, 'Lucian', 'Tapia', 0, 'Lucian.Tapia@gmail.com', '05290864975'),
(89, 'Aracely', 'Copeland', 1, 'Aracely.Copeland@gmail.com', '05385428918'),
(90, 'Ronin', 'Lawrence', 0, 'Ronin.Lawrence@gmail.com', '05892772895'),
(91, 'Kasey', 'Mason', 0, 'Kasey.Mason@gmail.com', '05708195858'),
(92, 'Shelby', 'Owen', 1, 'Shelby.Owen@gmail.com', '05577588395'),
(93, 'Reagan', 'Rodgers', 1, 'Reagan.Rodgers@gmail.com', '05937318038'),
(94, 'Makenzie', 'Medina', 1, 'Makenzie.Medina@gmail.com', '05607202047'),
(95, 'Jazlynn', 'Simmons', 1, 'Jazlynn.Simmons@gmail.com', '05404453113'),
(96, 'Luca', 'Pineda', 0, 'Luca.Pineda@gmail.com', '05257072848'),
(97, 'Valentino', 'Payne', 0, 'Valentino.Payne@gmail.com', '05687003078'),
(98, 'Garrett', 'Molina', 0, 'Garrett.Molina@gmail.com', '05217728054'),
(99, 'Ruben', 'Stephens', 0, 'Ruben.Stephens@gmail.com', '05340546633'),
(100, 'Ismael', 'Johns', 0, 'Ismael.Johns@gmail.com', '05244743515'),
(101, 'Justus', 'Kelly', 0, 'Justus.Kelly@gmail.com', '05256283626'),
(102, 'Hailie', 'Wright', 1, 'Hailie.Wright@gmail.com', '05865420964'),
(103, 'Emily', 'Nelson', 1, 'Emily.Nelson@gmail.com', '05009360866'),
(104, 'Amari', 'Stanley', 0, 'Amari.Stanley@gmail.com', '05541826637'),
(105, 'Keegan', 'Erickson', 0, 'Keegan.Erickson@gmail.com', '05214321764'),
(106, 'Myla', 'Whitaker', 1, 'Myla.Whitaker@gmail.com', '05324610234'),
(107, 'Ariella', 'Sparks', 1, 'Ariella.Sparks@gmail.com', '05582346038'),
(108, 'Amira', 'Shields', 1, 'Amira.Shields@gmail.com', '05288574163'),
(109, 'Siena', 'Ortega', 1, 'Siena.Ortega@gmail.com', '05931077477'),
(110, 'Jaelynn', 'Crosby', 1, 'Jaelynn.Crosby@gmail.com', '05151954700'),
(111, 'Phillip', 'Pollard', 0, 'Phillip.Pollard@gmail.com', '05177795266'),
(112, 'Slade', 'Whitehead', 0, 'Slade.Whitehead@gmail.com', '05928887714'),
(113, 'Jaelyn', 'White', 1, 'Jaelyn.White@gmail.com', '05884286507'),
(114, 'Roderick', 'Kirby', 0, 'Roderick.Kirby@gmail.com', '05658486207'),
(115, 'Edith', 'Vaughn', 1, 'Edith.Vaughn@gmail.com', '05824515004'),
(116, 'Hector', 'Calderon', 0, 'Hector.Calderon@gmail.com', '05021691570'),
(117, 'Tristen', 'Johnston', 0, 'Tristen.Johnston@gmail.com', '05183725751'),
(118, 'Madelynn', 'Holder', 1, 'Madelynn.Holder@gmail.com', '05529041444'),
(119, 'Marcus', 'Morton', 0, 'Marcus.Morton@gmail.com', '05530800945'),
(120, 'Gerardo', 'Herman', 0, 'Gerardo.Herman@gmail.com', '05096764831'),
(121, 'Heaven', 'Andrade', 1, 'Heaven.Andrade@gmail.com', '05230607066'),
(122, 'Zane', 'Diaz', 0, 'Zane.Diaz@gmail.com', '05662678113'),
(123, 'Rose', 'Norman', 1, 'Rose.Norman@gmail.com', '05109785911'),
(124, 'Callie', 'Price', 1, 'Callie.Price@gmail.com', '05317223825'),
(125, 'Selena', 'Roman', 1, 'Selena.Roman@gmail.com', '05930771202'),
(126, 'Rhett', 'Dougherty', 0, 'Rhett.Dougherty@gmail.com', '05431945282'),
(127, 'Charlie', 'Mann', 1, 'Charlie.Mann@gmail.com', '05903407178'),
(128, 'Douglas', 'Jacobs', 0, 'Douglas.Jacobs@gmail.com', '05808920483'),
(129, 'Max', 'Mosley', 0, 'Max.Mosley@gmail.com', '05518058248'),
(130, 'Shyanne', 'Swanson', 1, 'Shyanne.Swanson@gmail.com', '05397334157'),
(131, 'Naomi', 'Ferrell', 1, 'Naomi.Ferrell@gmail.com', '05520868182'),
(132, 'Brayan', 'Potts', 0, 'Brayan.Potts@gmail.com', '05386121175'),
(133, 'Ally', 'Hensley', 1, 'Ally.Hensley@gmail.com', '05402917625'),
(134, 'Salvador', 'Leblanc', 0, 'Salvador.Leblanc@gmail.com', '05543553063'),
(135, 'Celeste', 'Oconnell', 1, 'Celeste.Oconnell@gmail.com', '05949088859'),
(136, 'Trevon', 'Krueger', 0, 'Trevon.Krueger@gmail.com', '05136120886'),
(137, 'Paige', 'Harmon', 1, 'Paige.Harmon@gmail.com', '05109505052'),
(138, 'Janiyah', 'Alvarez', 1, 'Janiyah.Alvarez@gmail.com', '05320125162'),
(139, 'Tripp', 'Benitez', 0, 'Tripp.Benitez@gmail.com', '05874054886'),
(140, 'Reynaldo', 'Wagner', 0, 'Reynaldo.Wagner@gmail.com', '05551159361'),
(141, 'Marcos', 'Pace', 0, 'Marcos.Pace@gmail.com', '05194823095'),
(142, 'Jerimiah', 'Simpson', 0, 'Jerimiah.Simpson@gmail.com', '05124504305'),
(143, 'Casey', 'Butler', 0, 'Casey.Butler@gmail.com', '05914861943'),
(144, 'Xavier', 'Cline', 0, 'Xavier.Cline@gmail.com', '05828349848'),
(145, 'Mary', 'Shea', 1, 'Mary.Shea@gmail.com', '05288611210'),
(146, 'Savanna', 'Bradshaw', 1, 'Savanna.Bradshaw@gmail.com', '05511806142'),
(147, 'Adelyn', 'Potter', 1, 'Adelyn.Potter@gmail.com', '05240246254'),
(148, 'Ali', 'Marsh', 0, 'Ali.Marsh@gmail.com', '05428762897'),
(149, 'Jaylyn', 'Brewer', 1, 'Jaylyn.Brewer@gmail.com', '05830664082'),
(150, 'Gabriella', 'Davis', 1, 'Gabriella.Davis@gmail.com', '05279814452'),
(151, 'Sanai', 'Nash', 1, 'Sanai.Nash@gmail.com', '05006485156'),
(152, 'Jasper', 'Mccall', 0, 'Jasper.Mccall@gmail.com', '05805515767'),
(153, 'Salvatore', 'Brandt', 0, 'Salvatore.Brandt@gmail.com', '05626393702'),
(154, 'Sonia', 'Carpenter', 1, 'Sonia.Carpenter@gmail.com', '05841476297'),
(155, 'Mohammad', 'Floyd', 0, 'Mohammad.Floyd@gmail.com', '05473979896'),
(156, 'Kenna', 'Mcmahon', 1, 'Kenna.Mcmahon@gmail.com', '05220592985'),
(157, 'Julian', 'Barnes', 0, 'Julian.Barnes@gmail.com', '05642461303'),
(158, 'Keira', 'Woodward', 1, 'Keira.Woodward@gmail.com', '05687776349'),
(159, 'Lucia', 'Lloyd', 1, 'Lucia.Lloyd@gmail.com', '05247447942'),
(160, 'Isabella', 'Lyons', 1, 'Isabella.Lyons@gmail.com', '05446796374'),
(161, 'Theresa', 'Harrell', 1, 'Theresa.Harrell@gmail.com', '05394940128'),
(162, 'Angeline', 'Owens', 1, 'Angeline.Owens@gmail.com', '05592316786'),
(163, 'Yuliana', 'Love', 1, 'Yuliana.Love@gmail.com', '05204933550'),
(164, 'Haylee', 'Mercer', 1, 'Haylee.Mercer@gmail.com', '05508712641'),
(165, 'Angelica', 'Ward', 1, 'Angelica.Ward@gmail.com', '05367235862'),
(166, 'Shea', 'Poole', 1, 'Shea.Poole@gmail.com', '05622999103'),
(167, 'Cohen', 'Choi', 0, 'Cohen.Choi@gmail.com', '05464621757'),
(168, 'Zoey', 'Hooper', 1, 'Zoey.Hooper@gmail.com', '05459956387'),
(169, 'Natalie', 'Wong', 1, 'Natalie.Wong@gmail.com', '05104124625'),
(170, 'Austin', 'Blair', 0, 'Austin.Blair@gmail.com', '05272368012'),
(171, 'Luciano', 'Schultz', 0, 'Luciano.Schultz@gmail.com', '05154994689'),
(172, 'Royce', 'Madden', 0, 'Royce.Madden@gmail.com', '05315777506'),
(173, 'Hana', 'Donaldson', 1, 'Hana.Donaldson@gmail.com', '05805807245'),
(174, 'Manuel', 'Williams', 0, 'Manuel.Williams@gmail.com', '05158849740'),
(175, 'Russell', 'Arroyo', 0, 'Russell.Arroyo@gmail.com', '05774444015'),
(176, 'Priscilla', 'Paul', 1, 'Priscilla.Paul@gmail.com', '05193049781'),
(177, 'Anabel', 'Wolfe', 1, 'Anabel.Wolfe@gmail.com', '05199065262'),
(178, 'Adalyn', 'Henson', 1, 'Adalyn.Henson@gmail.com', '05740361995'),
(179, 'Jax', 'Page', 0, 'Jax.Page@gmail.com', '05045035340'),
(180, 'Keaton', 'Howell', 0, 'Keaton.Howell@gmail.com', '05259797293'),
(181, 'Addisyn', 'Bowman', 1, 'Addisyn.Bowman@gmail.com', '05343653394'),
(182, 'Killian', 'Sheppard', 0, 'Killian.Sheppard@gmail.com', '05167611857'),
(183, 'Cristian', 'Sosa', 0, 'Cristian.Sosa@gmail.com', '05602421938'),
(184, 'Julio', 'Gonzalez', 0, 'Julio.Gonzalez@gmail.com', '05105644200'),
(185, 'Jazlene', 'Powers', 1, 'Jazlene.Powers@gmail.com', '05799004707'),
(186, 'Devon', 'Henderson', 0, 'Devon.Henderson@gmail.com', '05924217257'),
(187, 'Aubrey', 'Savage', 1, 'Aubrey.Savage@gmail.com', '05421043081'),
(188, 'Raelynn', 'Ballard', 1, 'Raelynn.Ballard@gmail.com', '05029712474'),
(189, 'Isabell', 'Nguyen', 1, 'Isabell.Nguyen@gmail.com', '05194811769'),
(190, 'Iris', 'Manning', 1, 'Iris.Manning@gmail.com', '05045443544'),
(191, 'Oliver', 'Newman', 0, 'Oliver.Newman@gmail.com', '05657817460'),
(192, 'Kathy', 'Hays', 1, 'Kathy.Hays@gmail.com', '05568634595'),
(193, 'Myles', 'Lutz', 0, 'Myles.Lutz@gmail.com', '05027593199'),
(194, 'Kaitlyn', 'Golden', 1, 'Kaitlyn.Golden@gmail.com', '05977823870'),
(195, 'Veronica', 'Gilbert', 1, 'Veronica.Gilbert@gmail.com', '05829578053'),
(196, 'Erick', 'Hoffman', 0, 'Erick.Hoffman@gmail.com', '05091400587'),
(197, 'Francis', 'Salas', 0, 'Francis.Salas@gmail.com', '05449059084'),
(198, 'Giada', 'Baldwin', 1, 'Giada.Baldwin@gmail.com', '05560587829'),
(199, 'Dominique', 'Huber', 1, 'Dominique.Huber@gmail.com', '05271441339'),
(200, 'Eugene', 'Mcdonald', 0, 'Eugene.Mcdonald@gmail.com', '05004125837'),
(201, 'Leslie', 'Ferguson', 1, 'Leslie.Ferguson@gmail.com', '05931913846'),
(202, 'Kadin', 'Ellison', 0, 'Kadin.Ellison@gmail.com', '05868101200'),
(203, 'Kyra', 'Benton', 1, 'Kyra.Benton@gmail.com', '05782268921'),
(204, 'Kathleen', 'Rowland', 1, 'Kathleen.Rowland@gmail.com', '05308885528'),
(205, 'Brielle', 'Rose', 1, 'Brielle.Rose@gmail.com', '05860990242'),
(206, 'Brylee', 'Fritz', 1, 'Brylee.Fritz@gmail.com', '05731725832'),
(207, 'Alma', 'Moreno', 1, 'Alma.Moreno@gmail.com', '05223975826'),
(208, 'Howard', 'French', 0, 'Howard.French@gmail.com', '05689925338'),
(209, 'Leo', 'Drake', 0, 'Leo.Drake@gmail.com', '05190604039'),
(210, 'Rodney', 'Kaiser', 0, 'Rodney.Kaiser@gmail.com', '05522224805'),
(211, 'Danica', 'Lewis', 1, 'Danica.Lewis@gmail.com', '05482035061'),
(212, 'Mariyah', 'Davidson', 1, 'Mariyah.Davidson@gmail.com', '05297811756'),
(213, 'Shane', 'Stevenson', 0, 'Shane.Stevenson@gmail.com', '05971552242'),
(214, 'Kallie', 'Key', 1, 'Kallie.Key@gmail.com', '05596214641'),
(215, 'Kael', 'Bird', 0, 'Kael.Bird@gmail.com', '05986071621'),
(216, 'Julianna', 'Prince', 1, 'Julianna.Prince@gmail.com', '05256673145'),
(217, 'Ricky', 'Good', 0, 'Ricky.Good@gmail.com', '05306960165'),
(218, 'Dean', 'Holloway', 0, 'Dean.Holloway@gmail.com', '05104588687'),
(219, 'Reece', 'Walls', 0, 'Reece.Walls@gmail.com', '05570887662'),
(220, 'Rosa', 'Fields', 1, 'Rosa.Fields@gmail.com', '05915123740'),
(221, 'Oscar', 'Barajas', 0, 'Oscar.Barajas@gmail.com', '05454234147'),
(222, 'Bernard', 'Flowers', 0, 'Bernard.Flowers@gmail.com', '05893751989'),
(223, 'David', 'Wells', 0, 'David.Wells@gmail.com', '05423817833'),
(224, 'Marc', 'Green', 0, 'Marc.Green@gmail.com', '05084490293'),
(225, 'Jayson', 'Caldwell', 0, 'Jayson.Caldwell@gmail.com', '05893904913'),
(226, 'Izabella', 'Montoya', 1, 'Izabella.Montoya@gmail.com', '05958631292'),
(227, 'Cassius', 'Acosta', 0, 'Cassius.Acosta@gmail.com', '05988928566'),
(228, 'Miracle', 'Kirk', 1, 'Miracle.Kirk@gmail.com', '05258661118'),
(229, 'Vance', 'Waters', 0, 'Vance.Waters@gmail.com', '05692932471'),
(230, 'Mollie', 'Nixon', 1, 'Mollie.Nixon@gmail.com', '05022890658'),
(231, 'Oswaldo', 'Boone', 0, 'Oswaldo.Boone@gmail.com', '05868189908'),
(232, 'Alexis', 'Solis', 1, 'Alexis.Solis@gmail.com', '05166505633'),
(233, 'Rowan', 'Calhoun', 0, 'Rowan.Calhoun@gmail.com', '05769734736'),
(234, 'Denise', 'Meza', 1, 'Denise.Meza@gmail.com', '05480672466'),
(235, 'Kailyn', 'Bond', 1, 'Kailyn.Bond@gmail.com', '05225811399'),
(236, 'Jovanny', 'Bryant', 0, 'Jovanny.Bryant@gmail.com', '05091596366'),
(237, 'Cullen', 'Galloway', 0, 'Cullen.Galloway@gmail.com', '05864121724'),
(238, 'Alissa', 'Williamson', 1, 'Alissa.Williamson@gmail.com', '05197229347'),
(239, 'Jaydan', 'Malone', 0, 'Jaydan.Malone@gmail.com', '05017643560'),
(240, 'Ali', 'David', 1, 'Ali.David@gmail.com', '05547839455'),
(241, 'Cadence', 'Rivera', 1, 'Cadence.Rivera@gmail.com', '05589415173'),
(242, 'Micaela', 'Mora', 1, 'Micaela.Mora@gmail.com', '05095641686'),
(243, 'Shyann', 'Hardin', 1, 'Shyann.Hardin@gmail.com', '05518655319'),
(244, 'Winston', 'Costa', 0, 'Winston.Costa@gmail.com', '05044872100'),
(245, 'Reid', 'Dixon', 0, 'Reid.Dixon@gmail.com', '05704964729'),
(246, 'Aditya', 'Murillo', 0, 'Aditya.Murillo@gmail.com', '05909452565'),
(247, 'Uriah', 'Buck', 0, 'Uriah.Buck@gmail.com', '05960370610'),
(248, 'Delilah', 'Allen', 1, 'Delilah.Allen@gmail.com', '05720112057'),
(249, 'Aniyah', 'Warren', 1, 'Aniyah.Warren@gmail.com', '05655011793'),
(250, 'Jadyn', 'Tate', 1, 'Jadyn.Tate@gmail.com', '05504688629'),
(251, 'Madison', 'Mccarty', 1, 'Madison.Mccarty@gmail.com', '05158573393'),
(252, 'Liliana', 'Davenport', 1, 'Liliana.Davenport@gmail.com', '05827198485'),
(253, 'Roy', 'Giles', 0, 'Roy.Giles@gmail.com', '05289041108'),
(254, 'Hailee', 'Adams', 1, 'Hailee.Adams@gmail.com', '05886315632'),
(255, 'Karson', 'Richards', 0, 'Karson.Richards@gmail.com', '05158227740'),
(256, 'Jamie', 'Mullins', 1, 'Jamie.Mullins@gmail.com', '05998310369'),
(257, 'Claire', 'Dunlap', 1, 'Claire.Dunlap@gmail.com', '05648313770'),
(258, 'Taniyah', 'Mcconnell', 1, 'Taniyah.Mcconnell@gmail.com', '05817701705'),
(259, 'Jazmine', 'Chang', 1, 'Jazmine.Chang@gmail.com', '05324450367'),
(260, 'Kyleigh', 'Rubio', 1, 'Kyleigh.Rubio@gmail.com', '05753021036'),
(261, 'Carson', 'Brock', 0, 'Carson.Brock@gmail.com', '05385477968'),
(262, 'Henry', 'Ball', 0, 'Henry.Ball@gmail.com', '05503561472'),
(263, 'Cloe', 'Walsh', 1, 'Cloe.Walsh@gmail.com', '05737850467'),
(264, 'Journey', 'Tucker', 1, 'Journey.Tucker@gmail.com', '05433340310'),
(265, 'Kai', 'Mooney', 0, 'Kai.Mooney@gmail.com', '05467725149'),
(266, 'Reese', 'Knapp', 1, 'Reese.Knapp@gmail.com', '05875141839'),
(267, 'Markus', 'Fleming', 0, 'Markus.Fleming@gmail.com', '05273424518'),
(268, 'Jaylynn', 'Sanford', 1, 'Jaylynn.Sanford@gmail.com', '05781207417'),
(269, 'Angelo', 'Sellers', 0, 'Angelo.Sellers@gmail.com', '05254558495'),
(270, 'Bradley', 'Zhang', 0, 'Bradley.Zhang@gmail.com', '05031784713'),
(271, 'Maurice', 'Branch', 0, 'Maurice.Branch@gmail.com', '05471232973'),
(272, 'Keyla', 'Lane', 1, 'Keyla.Lane@gmail.com', '05700540240'),
(273, 'Haven', 'Leach', 1, 'Haven.Leach@gmail.com', '05327798230'),
(274, 'Brooklynn', 'Mejia', 1, 'Brooklynn.Mejia@gmail.com', '05117627972'),
(275, 'Justin', 'Wilkerson', 0, 'Justin.Wilkerson@gmail.com', '05223467517'),
(276, 'Izaiah', 'Gordon', 0, 'Izaiah.Gordon@gmail.com', '05404520514'),
(277, 'River', 'Leon', 0, 'River.Leon@gmail.com', '05246933322'),
(278, 'Roselyn', 'Baxter', 1, 'Roselyn.Baxter@gmail.com', '05502574279'),
(279, 'Cole', 'Park', 0, 'Cole.Park@gmail.com', '05652603218'),
(280, 'Franklin', 'Farmer', 0, 'Franklin.Farmer@gmail.com', '05651285441'),
(281, 'Tucker', 'Ayala', 0, 'Tucker.Ayala@gmail.com', '05573990190'),
(282, 'Janiah', 'Vang', 1, 'Janiah.Vang@gmail.com', '05257778546'),
(283, 'Brian', 'Cowan', 0, 'Brian.Cowan@gmail.com', '05960606724'),
(284, 'Anderson', 'Russo', 0, 'Anderson.Russo@gmail.com', '05742972167'),
(285, 'Trinity', 'Mccormick', 1, 'Trinity.Mccormick@gmail.com', '05630786328'),
(286, 'Brodie', 'Bryan', 0, 'Brodie.Bryan@gmail.com', '05001893237'),
(287, 'Catherine', 'Washington', 1, 'Catherine.Washington@gmail.com', '05926142095'),
(288, 'Summer', 'Bennett', 1, 'Summer.Bennett@gmail.com', '05863697456'),
(289, 'Mathew', 'Lee', 0, 'Mathew.Lee@gmail.com', '05966409119'),
(290, 'Addyson', 'Mcclain', 1, 'Addyson.Mcclain@gmail.com', '05542873568'),
(291, 'Noelle', 'Daniels', 1, 'Noelle.Daniels@gmail.com', '05123088857'),
(292, 'Shaylee', 'Hunter', 1, 'Shaylee.Hunter@gmail.com', '05324237163'),
(293, 'Gina', 'Salinas', 1, 'Gina.Salinas@gmail.com', '05570146908'),
(294, 'Ignacio', 'Glass', 0, 'Ignacio.Glass@gmail.com', '05322317083'),
(295, 'Vanessa', 'Lowe', 1, 'Vanessa.Lowe@gmail.com', '05776494087'),
(296, 'Sophie', 'Kent', 1, 'Sophie.Kent@gmail.com', '05781373395'),
(297, 'Marlon', 'Porter', 0, 'Marlon.Porter@gmail.com', '05893713046'),
(298, 'Ann', 'Abbott', 1, 'Ann.Abbott@gmail.com', '05443863630'),
(299, 'Heidy', 'Sherman', 1, 'Heidy.Sherman@gmail.com', '05399721413'),
(300, 'Cedric', 'Oneill', 0, 'Cedric.Oneill@gmail.com', '05844368962'),
(301, 'Karlee', 'Barry', 1, 'Karlee.Barry@gmail.com', '05748021275'),
(302, 'Stephen', 'Berg', 0, 'Stephen.Berg@gmail.com', '05751894346'),
(303, 'Tara', 'Brady', 1, 'Tara.Brady@gmail.com', '05244362514'),
(304, 'Lillie', 'Schmitt', 1, 'Lillie.Schmitt@gmail.com', '05459889367'),
(305, 'Layton', 'Shannon', 0, 'Layton.Shannon@gmail.com', '05082416346'),
(306, 'Jayleen', 'Ortiz', 1, 'Jayleen.Ortiz@gmail.com', '05387768216'),
(307, 'Braden', 'George', 0, 'Braden.George@gmail.com', '05766604405'),
(308, 'Coleman', 'Carroll', 0, 'Coleman.Carroll@gmail.com', '05814641592'),
(309, 'Kyan', 'Pittman', 0, 'Kyan.Pittman@gmail.com', '05176917705'),
(310, 'Mia', 'Weaver', 1, 'Mia.Weaver@gmail.com', '05458891462'),
(311, 'Maxim', 'Fischer', 0, 'Maxim.Fischer@gmail.com', '05823994394'),
(312, 'Peyton', 'Beard', 0, 'Peyton.Beard@gmail.com', '05260952721'),
(313, 'Hazel', 'Thompson', 1, 'Hazel.Thompson@gmail.com', '05999057496'),
(314, 'Leyla', 'Farrell', 1, 'Leyla.Farrell@gmail.com', '05143605244'),
(315, 'Abigail', 'Nielsen', 1, 'Abigail.Nielsen@gmail.com', '05668132262'),
(316, 'Amy', 'Schneider', 1, 'Amy.Schneider@gmail.com', '05241183839'),
(317, 'Karli', 'Soto', 1, 'Karli.Soto@gmail.com', '05270906379'),
(318, 'Lorenzo', 'Curry', 0, 'Lorenzo.Curry@gmail.com', '05931357683'),
(319, 'Camron', 'Dudley', 0, 'Camron.Dudley@gmail.com', '05711096916'),
(320, 'Lisa', 'Conway', 1, 'Lisa.Conway@gmail.com', '05830789805'),
(321, 'Zaria', 'Moss', 1, 'Zaria.Moss@gmail.com', '05602381985'),
(322, 'Roberto', 'Higgins', 0, 'Roberto.Higgins@gmail.com', '05889592341'),
(323, 'Ronnie', 'Navarro', 0, 'Ronnie.Navarro@gmail.com', '05118110806'),
(324, 'Aryan', 'Mahoney', 0, 'Aryan.Mahoney@gmail.com', '05891109789'),
(325, 'Kaiya', 'Carr', 1, 'Kaiya.Carr@gmail.com', '05127384643'),
(326, 'Jairo', 'Cannon', 0, 'Jairo.Cannon@gmail.com', '05138218070'),
(327, 'Tyrone', 'Solomon', 0, 'Tyrone.Solomon@gmail.com', '05321519608'),
(328, 'Joyce', 'Bradley', 1, 'Joyce.Bradley@gmail.com', '05733317716'),
(329, 'Bruce', 'Morse', 0, 'Bruce.Morse@gmail.com', '05427424655'),
(330, 'Aarav', 'Peck', 0, 'Aarav.Peck@gmail.com', '05650510515'),
(331, 'Livia', 'Miranda', 1, 'Livia.Miranda@gmail.com', '05087951565'),
(332, 'Elaine', 'Moore', 1, 'Elaine.Moore@gmail.com', '05353928649'),
(333, 'Savion', 'Russell', 0, 'Savion.Russell@gmail.com', '05102355923'),
(334, 'Sariah', 'Forbes', 1, 'Sariah.Forbes@gmail.com', '05116284903'),
(335, 'Pierre', 'Li', 0, 'Pierre.Li@gmail.com', '05869825756'),
(336, 'Marshall', 'Huff', 0, 'Marshall.Huff@gmail.com', '05912625066'),
(337, 'Rihanna', 'Bates', 1, 'Rihanna.Bates@gmail.com', '05477969437'),
(338, 'Maddox', 'West', 0, 'Maddox.West@gmail.com', '05643218815'),
(339, 'Shyla', 'Tran', 1, 'Shyla.Tran@gmail.com', '05089785514'),
(340, 'Carissa', 'House', 1, 'Carissa.House@gmail.com', '05106361022'),
(341, 'Osvaldo', 'Daugherty', 0, 'Osvaldo.Daugherty@gmail.com', '05609612407'),
(342, 'Bailey', 'Wise', 0, 'Bailey.Wise@gmail.com', '05638381791'),
(343, 'Izayah', 'Montes', 0, 'Izayah.Montes@gmail.com', '05030333621'),
(344, 'Lamar', 'Zavala', 0, 'Lamar.Zavala@gmail.com', '05303546406'),
(345, 'Damari', 'Horn', 0, 'Damari.Horn@gmail.com', '05751023455'),
(346, 'Zackary', 'Alexander', 0, 'Zackary.Alexander@gmail.com', '05594056298'),
(347, 'Rebecca', 'Mcintosh', 1, 'Rebecca.Mcintosh@gmail.com', '05424275890'),
(348, 'Aylin', 'Palmer', 1, 'Aylin.Palmer@gmail.com', '05281746207'),
(349, 'Kasey', 'Clements', 1, 'Kasey.Clements@gmail.com', '05185724776'),
(350, 'Kira', 'Bradford', 1, 'Kira.Bradford@gmail.com', '05138840839'),
(351, 'Jerry', 'Walker', 0, 'Jerry.Walker@gmail.com', '05097717419'),
(352, 'Adison', 'Herring', 1, 'Adison.Herring@gmail.com', '05643212953'),
(353, 'Travis', 'Townsend', 0, 'Travis.Townsend@gmail.com', '05404600533'),
(354, 'Allie', 'Larsen', 1, 'Allie.Larsen@gmail.com', '05148001972'),
(355, 'Payton', 'Roy', 1, 'Payton.Roy@gmail.com', '05705990412'),
(356, 'Sidney', 'Pierce', 0, 'Sidney.Pierce@gmail.com', '05963916293'),
(357, 'Kristin', 'Galvan', 1, 'Kristin.Galvan@gmail.com', '05164471655'),
(358, 'Anika', 'Lynch', 1, 'Anika.Lynch@gmail.com', '05044287498'),
(359, 'Jenny', 'Haas', 1, 'Jenny.Haas@gmail.com', '05349078523'),
(360, 'Dominik', 'Lucero', 0, 'Dominik.Lucero@gmail.com', '05728183838'),
(361, 'Connor', 'Fisher', 0, 'Connor.Fisher@gmail.com', '05227188946'),
(362, 'Keyon', 'Trujillo', 0, 'Keyon.Trujillo@gmail.com', '05547512892'),
(363, 'Sebastian', 'Hatfield', 0, 'Sebastian.Hatfield@gmail.com', '05011394393'),
(364, 'Cristina', 'Lopez', 1, 'Cristina.Lopez@gmail.com', '05381197748'),
(365, 'Brooks', 'Andrews', 0, 'Brooks.Andrews@gmail.com', '05592701085'),
(366, 'Cash', 'Weiss', 0, 'Cash.Weiss@gmail.com', '05688317690'),
(367, 'Leah', 'Sexton', 1, 'Leah.Sexton@gmail.com', '05337121971'),
(368, 'Nicolas', 'Logan', 0, 'Nicolas.Logan@gmail.com', '05348766207'),
(369, 'Davis', 'Charles', 0, 'Davis.Charles@gmail.com', '05510409616'),
(370, 'Semaj', 'Nunez', 0, 'Semaj.Nunez@gmail.com', '05537626084'),
(371, 'Jamya', 'Cabrera', 1, 'Jamya.Cabrera@gmail.com', '05302923731'),
(372, 'Riley', 'Clarke', 0, 'Riley.Clarke@gmail.com', '05314276192'),
(373, 'Turner', 'Fuller', 0, 'Turner.Fuller@gmail.com', '05156757203'),
(374, 'Ayana', 'Shaw', 1, 'Ayana.Shaw@gmail.com', '05665138405'),
(375, 'Rohan', 'Turner', 0, 'Rohan.Turner@gmail.com', '05120950244'),
(376, 'Aria', 'Fox', 1, 'Aria.Fox@gmail.com', '05136056321'),
(377, 'Evelin', 'Terrell', 1, 'Evelin.Terrell@gmail.com', '05704754457'),
(378, 'Camryn', 'Spence', 0, 'Camryn.Spence@gmail.com', '05773917478'),
(379, 'Kierra', 'Cooley', 1, 'Kierra.Cooley@gmail.com', '05677201609'),
(380, 'Emery', 'Stokes', 1, 'Emery.Stokes@gmail.com', '05529996854'),
(381, 'Santos', 'Stephenson', 0, 'Santos.Stephenson@gmail.com', '05956813685'),
(382, 'Frank', 'Dunn', 0, 'Frank.Dunn@gmail.com', '05466528472'),
(383, 'Darion', 'Ellis', 0, 'Darion.Ellis@gmail.com', '05411008682'),
(384, 'Cierra', 'Rice', 1, 'Cierra.Rice@gmail.com', '05857337853'),
(385, 'Jeffrey', 'Hanna', 0, 'Jeffrey.Hanna@gmail.com', '05198168580'),
(386, 'Sarai', 'Padilla', 1, 'Sarai.Padilla@gmail.com', '05301181569'),
(387, 'Billy', 'Reilly', 0, 'Billy.Reilly@gmail.com', '05895502048'),
(388, 'Amaris', 'Delgado', 1, 'Amaris.Delgado@gmail.com', '05762720711'),
(389, 'Brennen', 'Frazier', 0, 'Brennen.Frazier@gmail.com', '05532808761'),
(390, 'Zaniyah', 'Fowler', 1, 'Zaniyah.Fowler@gmail.com', '05618934970'),
(391, 'Chaim', 'Durham', 0, 'Chaim.Durham@gmail.com', '05237429664'),
(392, 'Maddison', 'Rivas', 1, 'Maddison.Rivas@gmail.com', '05810698846'),
(393, 'Cody', 'Goodwin', 0, 'Cody.Goodwin@gmail.com', '05473972157'),
(394, 'Isaias', 'Gardner', 0, 'Isaias.Gardner@gmail.com', '05503660091'),
(395, 'Jimena', 'Valenzuela', 1, 'Jimena.Valenzuela@gmail.com', '05372478048'),
(396, 'Cecelia', 'Garrett', 1, 'Cecelia.Garrett@gmail.com', '05160376037'),
(397, 'Nyla', 'Kennedy', 1, 'Nyla.Kennedy@gmail.com', '05232464657'),
(398, 'Meghan', 'Wu', 1, 'Meghan.Wu@gmail.com', '05952766539'),
(399, 'Case', 'Whitney', 0, 'Case.Whitney@gmail.com', '05018844518'),
(400, 'Jayla', 'Lynn', 1, 'Jayla.Lynn@gmail.com', '05223600314'),
(401, 'Nicholas', 'Livingston', 0, 'Nicholas.Livingston@gmail.com', '05627492661'),
(402, 'Reagan', 'Mendez', 0, 'Reagan.Mendez@gmail.com', '05143517584'),
(403, 'Johnathan', 'Gallegos', 0, 'Johnathan.Gallegos@gmail.com', '05960924365'),
(404, 'Troy', 'Villarreal', 0, 'Troy.Villarreal@gmail.com', '05448606785'),
(405, 'Eduardo', 'Reese', 0, 'Eduardo.Reese@gmail.com', '05185036638'),
(406, 'Tianna', 'Pearson', 1, 'Tianna.Pearson@gmail.com', '05144590291'),
(407, 'Ulises', 'Bullock', 0, 'Ulises.Bullock@gmail.com', '05928719435'),
(408, 'Piper', 'Jones', 1, 'Piper.Jones@gmail.com', '05377932704'),
(409, 'Luka', 'Ford', 0, 'Luka.Ford@gmail.com', '05856195253'),
(410, 'Erika', 'Dean', 1, 'Erika.Dean@gmail.com', '05200364847'),
(411, 'Joy', 'Lindsey', 1, 'Joy.Lindsey@gmail.com', '05409709106'),
(412, 'Joel', 'Hobbs', 0, 'Joel.Hobbs@gmail.com', '05257973522'),
(413, 'Elliana', 'Mckinney', 1, 'Elliana.Mckinney@gmail.com', '05520106820'),
(414, 'Arielle', 'Craig', 1, 'Arielle.Craig@gmail.com', '05904835653'),
(415, 'Rodrigo', 'Burnett', 0, 'Rodrigo.Burnett@gmail.com', '05009553047'),
(416, 'Chana', 'Kaufman', 1, 'Chana.Kaufman@gmail.com', '05868440675'),
(417, 'Dalia', 'Dillon', 1, 'Dalia.Dillon@gmail.com', '05163620133'),
(418, 'Raphael', 'Hayes', 0, 'Raphael.Hayes@gmail.com', '05492898546'),
(419, 'Greta', 'Jarvis', 1, 'Greta.Jarvis@gmail.com', '05427786248'),
(420, 'Ellen', 'Boyer', 1, 'Ellen.Boyer@gmail.com', '05144359894'),
(421, 'Aliya', 'Mccann', 1, 'Aliya.Mccann@gmail.com', '05830607481'),
(422, 'Daphne', 'Carrillo', 1, 'Daphne.Carrillo@gmail.com', '05880706558'),
(423, 'Junior', 'Hernandez', 0, 'Junior.Hernandez@gmail.com', '05337228999'),
(424, 'Crystal', 'Barber', 1, 'Crystal.Barber@gmail.com', '05284124234'),
(425, 'Saniyah', 'Marquez', 1, 'Saniyah.Marquez@gmail.com', '05703371452'),
(426, 'Arianna', 'Rogers', 1, 'Arianna.Rogers@gmail.com', '05112021125'),
(427, 'Nicole', 'Riley', 1, 'Nicole.Riley@gmail.com', '05082418149'),
(428, 'Preston', 'Bauer', 0, 'Preston.Bauer@gmail.com', '05553690088'),
(429, 'Asher', 'Braun', 0, 'Asher.Braun@gmail.com', '05124456038'),
(430, 'Milo', 'Day', 0, 'Milo.Day@gmail.com', '05362198296'),
(431, 'Jakayla', 'Grimes', 1, 'Jakayla.Grimes@gmail.com', '05956965085'),
(432, 'Lorelai', 'Haley', 1, 'Lorelai.Haley@gmail.com', '05977870692'),
(433, 'Leticia', 'Booker', 1, 'Leticia.Booker@gmail.com', '05627559126'),
(434, 'Lilah', 'Alvarado', 1, 'Lilah.Alvarado@gmail.com', '05246744478'),
(435, 'Zain', 'Snow', 0, 'Zain.Snow@gmail.com', '05542824242'),
(436, 'Tomas', 'Gonzales', 0, 'Tomas.Gonzales@gmail.com', '05951096646'),
(437, 'Annalise', 'Fuentes', 1, 'Annalise.Fuentes@gmail.com', '05483832619'),
(438, 'Stella', 'Callahan', 1, 'Stella.Callahan@gmail.com', '05439853060'),
(439, 'Kaylynn', 'Lang', 1, 'Kaylynn.Lang@gmail.com', '05322906717'),
(440, 'Yaretzi', 'Proctor', 1, 'Yaretzi.Proctor@gmail.com', '05217498455'),
(441, 'Kendall', 'Barr', 0, 'Kendall.Barr@gmail.com', '05486082015'),
(442, 'Lana', 'Burgess', 1, 'Lana.Burgess@gmail.com', '05054627569'),
(443, 'Miya', 'Odonnell', 1, 'Miya.Odonnell@gmail.com', '05649684104'),
(444, 'Finn', 'Elliott', 0, 'Finn.Elliott@gmail.com', '05088489035'),
(445, 'Damon', 'Hogan', 0, 'Damon.Hogan@gmail.com', '05103869038'),
(446, 'Simeon', 'Wilkinson', 0, 'Simeon.Wilkinson@gmail.com', '05757367847'),
(447, 'Gordon', 'Burns', 0, 'Gordon.Burns@gmail.com', '05552578096'),
(448, 'Kaia', 'Mcdaniel', 1, 'Kaia.Mcdaniel@gmail.com', '05915011908'),
(449, 'Dashawn', 'Morales', 0, 'Dashawn.Morales@gmail.com', '05821528322'),
(450, 'Owen', 'Romero', 0, 'Owen.Romero@gmail.com', '05556375107'),
(451, 'Anne', 'Horne', 1, 'Anne.Horne@gmail.com', '05233343450'),
(452, 'Nikhil', 'Cameron', 0, 'Nikhil.Cameron@gmail.com', '05291245455'),
(453, 'Teagan', 'Underwood', 1, 'Teagan.Underwood@gmail.com', '05162982634'),
(454, 'Felix', 'Raymond', 0, 'Felix.Raymond@gmail.com', '05063500649'),
(455, 'Landen', 'Hayden', 0, 'Landen.Hayden@gmail.com', '05220767201'),
(456, 'Makai', 'Ruiz', 0, 'Makai.Ruiz@gmail.com', '05354837436'),
(457, 'Kellen', 'Reyes', 0, 'Kellen.Reyes@gmail.com', '05121305201'),
(458, 'Kash', 'Mccoy', 0, 'Kash.Mccoy@gmail.com', '05330280547'),
(459, 'Paisley', 'Martin', 1, 'Paisley.Martin@gmail.com', '05374339189'),
(460, 'Santino', 'Vasquez', 0, 'Santino.Vasquez@gmail.com', '05072892156'),
(461, 'John', 'Greer', 0, 'John.Greer@gmail.com', '05886932845'),
(462, 'Aryanna', 'Melton', 1, 'Aryanna.Melton@gmail.com', '05167197239'),
(463, 'Damien', 'Dyer', 0, 'Damien.Dyer@gmail.com', '05121536197'),
(464, 'Keely', 'Villa', 1, 'Keely.Villa@gmail.com', '05303807561'),
(465, 'Danna', 'Lucas', 1, 'Danna.Lucas@gmail.com', '05804527468'),
(466, 'April', 'Roach', 1, 'April.Roach@gmail.com', '05124854563'),
(467, 'Dakota', 'King', 0, 'Dakota.King@gmail.com', '05601467532'),
(468, 'Olivia', 'Garza', 1, 'Olivia.Garza@gmail.com', '05609365356'),
(469, 'Lauryn', 'Patrick', 1, 'Lauryn.Patrick@gmail.com', '05354702023'),
(470, 'Fiona', 'Suarez', 1, 'Fiona.Suarez@gmail.com', '05519284439'),
(471, 'Sterling', 'Gill', 0, 'Sterling.Gill@gmail.com', '05863510469'),
(472, 'Paityn', 'Gibbs', 1, 'Paityn.Gibbs@gmail.com', '05563766159'),
(473, 'Pablo', 'Vance', 0, 'Pablo.Vance@gmail.com', '05026491518'),
(474, 'Eva', 'Cherry', 1, 'Eva.Cherry@gmail.com', '05301367231'),
(475, 'Karlie', 'Cordova', 1, 'Karlie.Cordova@gmail.com', '05478203102'),
(476, 'Kylee', 'Davies', 1, 'Kylee.Davies@gmail.com', '05871243092'),
(477, 'Seamus', 'Greene', 0, 'Seamus.Greene@gmail.com', '05398342433'),
(478, 'Devin', 'Jordan', 0, 'Devin.Jordan@gmail.com', '05134764907'),
(479, 'Jewel', 'Reed', 1, 'Jewel.Reed@gmail.com', '05014543805'),
(480, 'Skye', 'Richmond', 1, 'Skye.Richmond@gmail.com', '05465829351'),
(481, 'Dylan', 'Meyers', 1, 'Dylan.Meyers@gmail.com', '05646258948'),
(482, 'Kylan', 'Moses', 0, 'Kylan.Moses@gmail.com', '05474956717'),
(483, 'Yasmine', 'Herrera', 1, 'Yasmine.Herrera@gmail.com', '05312267539'),
(484, 'Dixie', 'Woods', 1, 'Dixie.Woods@gmail.com', '05564679697'),
(485, 'Brent', 'Holt', 0, 'Brent.Holt@gmail.com', '05314987617'),
(486, 'Aurora', 'Yoder', 1, 'Aurora.Yoder@gmail.com', '05931816746'),
(487, 'Isaiah', 'Castro', 0, 'Isaiah.Castro@gmail.com', '05020989808'),
(488, 'Alanna', 'Bass', 1, 'Alanna.Bass@gmail.com', '05520294108'),
(489, 'Jabari', 'Richardson', 0, 'Jabari.Richardson@gmail.com', '05129815468'),
(490, 'Mario', 'Stout', 0, 'Mario.Stout@gmail.com', '05869969001'),
(491, 'Amaya', 'Flynn', 1, 'Amaya.Flynn@gmail.com', '05493836654'),
(492, 'Jeffery', 'Mcdowell', 0, 'Jeffery.Mcdowell@gmail.com', '05389047886'),
(493, 'Antoine', 'Glenn', 0, 'Antoine.Glenn@gmail.com', '05785687051'),
(494, 'Van', 'Chase', 0, 'Van.Chase@gmail.com', '05521307925'),
(495, 'Prince', 'Graves', 0, 'Prince.Graves@gmail.com', '05424235013'),
(496, 'Kelly', 'Mccarthy', 1, 'Kelly.Mccarthy@gmail.com', '05859756995'),
(497, 'Willie', 'Mcintyre', 0, 'Willie.Mcintyre@gmail.com', '05696388021'),
(498, 'Cara', 'Vargas', 1, 'Cara.Vargas@gmail.com', '05599211602'),
(499, 'Carl', 'Wilcox', 0, 'Carl.Wilcox@gmail.com', '05243032598'),
(500, 'Ryder', 'Thornton', 0, 'Ryder.Thornton@gmail.com', '05670602758'),
(501, 'Hannah', 'Campos', 1, 'Hannah.Campos@gmail.com', '05079359526'),
(502, 'Tabitha', 'Valencia', 1, 'Tabitha.Valencia@gmail.com', '05901472414'),
(503, 'Lane', 'Shelton', 0, 'Lane.Shelton@gmail.com', '05481666634'),
(504, 'Kenneth', 'Hampton', 0, 'Kenneth.Hampton@gmail.com', '05318470060'),
(505, 'Trevor', 'Thomas', 0, 'Trevor.Thomas@gmail.com', '05366507928'),
(506, 'Shania', 'Rangel', 1, 'Shania.Rangel@gmail.com', '05916791384'),
(507, 'Scott', 'Garcia', 0, 'Scott.Garcia@gmail.com', '05208437455'),
(508, 'Brooklyn', 'Liu', 1, 'Brooklyn.Liu@gmail.com', '05141133983'),
(509, 'Gracie', 'Cooke', 1, 'Gracie.Cooke@gmail.com', '05288528908'),
(510, 'Monique', 'Rasmussen', 1, 'Monique.Rasmussen@gmail.com', '05856593184'),
(511, 'Sheldon', 'Gibson', 0, 'Sheldon.Gibson@gmail.com', '05777295706'),
(512, 'Erica', 'Krause', 1, 'Erica.Krause@gmail.com', '05754565580'),
(513, 'Augustus', 'Gaines', 0, 'Augustus.Gaines@gmail.com', '05897125598'),
(514, 'Justice', 'Perkins', 0, 'Justice.Perkins@gmail.com', '05767337150'),
(515, 'Reese', 'Singleton', 0, 'Reese.Singleton@gmail.com', '05448116152'),
(516, 'Allisson', 'Farley', 1, 'Allisson.Farley@gmail.com', '05909670639'),
(517, 'Maximillian', 'Pena', 0, 'Maximillian.Pena@gmail.com', '05673680692'),
(518, 'Javon', 'Kidd', 0, 'Javon.Kidd@gmail.com', '05226152559'),
(519, 'Davion', 'Levy', 0, 'Davion.Levy@gmail.com', '05027190232'),
(520, 'Ari', 'Flores', 0, 'Ari.Flores@gmail.com', '05742721138'),
(521, 'Ashlee', 'Cantrell', 1, 'Ashlee.Cantrell@gmail.com', '05562719859'),
(522, 'Jorge', 'Hanson', 0, 'Jorge.Hanson@gmail.com', '05639854266'),
(523, 'Marely', 'Howard', 1, 'Marely.Howard@gmail.com', '05085410259'),
(524, 'Gretchen', 'Hopkins', 1, 'Gretchen.Hopkins@gmail.com', '05163360272'),
(525, 'Philip', 'Kline', 0, 'Philip.Kline@gmail.com', '05108536348'),
(526, 'Dennis', 'Spencer', 0, 'Dennis.Spencer@gmail.com', '05586521405'),
(527, 'Kasen', 'Ramsey', 0, 'Kasen.Ramsey@gmail.com', '05033272594'),
(528, 'Brenton', 'Adkins', 0, 'Brenton.Adkins@gmail.com', '05464091956'),
(529, 'Krish', 'Miles', 0, 'Krish.Miles@gmail.com', '05228680386'),
(530, 'Kendal', 'Donovan', 1, 'Kendal.Donovan@gmail.com', '05170549031'),
(531, 'Kade', 'Cox', 0, 'Kade.Cox@gmail.com', '05772088645'),
(532, 'Mina', 'Osborne', 1, 'Mina.Osborne@gmail.com', '05559509453'),
(533, 'Jasmine', 'Schwartz', 1, 'Jasmine.Schwartz@gmail.com', '05539754015'),
(534, 'Harper', 'Weber', 1, 'Harper.Weber@gmail.com', '05788765355'),
(535, 'Brayden', 'Joseph', 0, 'Brayden.Joseph@gmail.com', '05462409972'),
(536, 'Angel', 'Fitzgerald', 0, 'Angel.Fitzgerald@gmail.com', '05317711411'),
(537, 'Rayne', 'Haney', 1, 'Rayne.Haney@gmail.com', '05217963467'),
(538, 'Janiya', 'Rojas', 1, 'Janiya.Rojas@gmail.com', '05254144506'),
(539, 'Rodolfo', 'Walters', 0, 'Rodolfo.Walters@gmail.com', '05675936277'),
(540, 'Kaden', 'Beck', 0, 'Kaden.Beck@gmail.com', '05756004919'),
(541, 'Caroline', 'Wilkins', 1, 'Caroline.Wilkins@gmail.com', '05552902814'),
(542, 'Zavier', 'Sloan', 0, 'Zavier.Sloan@gmail.com', '05254073843'),
(543, 'Leila', 'Irwin', 1, 'Leila.Irwin@gmail.com', '05979580428'),
(544, 'Issac', 'Taylor', 0, 'Issac.Taylor@gmail.com', '05019310953'),
(545, 'Nylah', 'Frank', 1, 'Nylah.Frank@gmail.com', '05920224595'),
(546, 'Toby', 'Bonilla', 0, 'Toby.Bonilla@gmail.com', '05716988807'),
(547, 'Antony', 'Mills', 0, 'Antony.Mills@gmail.com', '05733930263'),
(548, 'Brooke', 'Pope', 1, 'Brooke.Pope@gmail.com', '05532101661'),
(549, 'Serena', 'Murray', 1, 'Serena.Murray@gmail.com', '05836816619'),
(550, 'Izabelle', 'Olson', 1, 'Izabelle.Olson@gmail.com', '05440796227'),
(551, 'Lia', 'Anderson', 1, 'Lia.Anderson@gmail.com', '05988345485'),
(552, 'Malik', 'Doyle', 0, 'Malik.Doyle@gmail.com', '05154937882'),
(553, 'Elena', 'Mcmillan', 1, 'Elena.Mcmillan@gmail.com', '05423146014'),
(554, 'Kaylyn', 'Phillips', 1, 'Kaylyn.Phillips@gmail.com', '05245915478'),
(555, 'Shayla', 'Guerrero', 1, 'Shayla.Guerrero@gmail.com', '05265073428'),
(556, 'Kendall', 'Neal', 1, 'Kendall.Neal@gmail.com', '05148741352'),
(557, 'Wayne', 'Downs', 0, 'Wayne.Downs@gmail.com', '05973540315'),
(558, 'Dawson', 'Sutton', 0, 'Dawson.Sutton@gmail.com', '05007661477'),
(559, 'Asia', 'Harrington', 1, 'Asia.Harrington@gmail.com', '05757803285'),
(560, 'Cheyanne', 'Mathews', 1, 'Cheyanne.Mathews@gmail.com', '05882025527'),
(561, 'Efrain', 'Banks', 0, 'Efrain.Banks@gmail.com', '05440780453'),
(562, 'Ashleigh', 'Ho', 1, 'Ashleigh.Ho@gmail.com', '05113431171'),
(563, 'Guadalupe', 'Kramer', 1, 'Guadalupe.Kramer@gmail.com', '05319171857'),
(564, 'Rachel', 'Zamora', 1, 'Rachel.Zamora@gmail.com', '05829896129'),
(565, 'Brendon', 'Kim', 0, 'Brendon.Kim@gmail.com', '05489796904'),
(566, 'Emilio', 'Stewart', 0, 'Emilio.Stewart@gmail.com', '05351766417'),
(567, 'Chance', 'Bray', 0, 'Chance.Bray@gmail.com', '05626269305'),
(568, 'Jaiden', 'Bush', 1, 'Jaiden.Bush@gmail.com', '05472165727'),
(569, 'Patrick', 'Stevens', 0, 'Patrick.Stevens@gmail.com', '05876649386'),
(570, 'Arabella', 'Stafford', 1, 'Arabella.Stafford@gmail.com', '05359491984'),
(571, 'Maryjane', 'English', 1, 'Maryjane.English@gmail.com', '05765438148'),
(572, 'Tiffany', 'Ibarra', 1, 'Tiffany.Ibarra@gmail.com', '05497326959'),
(573, 'Alijah', 'Shepherd', 0, 'Alijah.Shepherd@gmail.com', '05081372839'),
(574, 'Josie', 'Mendoza', 1, 'Josie.Mendoza@gmail.com', '05515341176'),
(575, 'Lexi', 'Snyder', 1, 'Lexi.Snyder@gmail.com', '05408215365'),
(576, 'Leilani', 'Briggs', 1, 'Leilani.Briggs@gmail.com', '05784969058'),
(577, 'Matilda', 'Foley', 1, 'Matilda.Foley@gmail.com', '05502631307'),
(578, 'Jasmin', 'Heath', 1, 'Jasmin.Heath@gmail.com', '05734260816'),
(579, 'Cassandra', 'Sanders', 1, 'Cassandra.Sanders@gmail.com', '05280185266'),
(580, 'Sandra', 'Hawkins', 1, 'Sandra.Hawkins@gmail.com', '05062294907'),
(581, 'Harley', 'Vazquez', 1, 'Harley.Vazquez@gmail.com', '05111314185'),
(582, 'Trace', 'Clark', 0, 'Trace.Clark@gmail.com', '05577315993'),
(583, 'Celia', 'Melendez', 1, 'Celia.Melendez@gmail.com', '05718438123'),
(584, 'Santiago', 'Christian', 0, 'Santiago.Christian@gmail.com', '05475885544'),
(585, 'Jaida', 'Ryan', 1, 'Jaida.Ryan@gmail.com', '05165856363'),
(586, 'Mariela', 'Carney', 1, 'Mariela.Carney@gmail.com', '05173185420'),
(587, 'Jimmy', 'Brooks', 0, 'Jimmy.Brooks@gmail.com', '05701366990'),
(588, 'Baron', 'Walter', 0, 'Baron.Walter@gmail.com', '05702438768'),
(589, 'Jessica', 'Conrad', 1, 'Jessica.Conrad@gmail.com', '05123877990'),
(590, 'Sammy', 'Chan', 0, 'Sammy.Chan@gmail.com', '05238027244'),
(591, 'Macie', 'Pratt', 1, 'Macie.Pratt@gmail.com', '05630438344'),
(592, 'Camren', 'Carlson', 0, 'Camren.Carlson@gmail.com', '05755765747'),
(593, 'Sofia', 'Hudson', 1, 'Sofia.Hudson@gmail.com', '05512237635'),
(594, 'Larry', 'Rollins', 0, 'Larry.Rollins@gmail.com', '05581615084'),
(595, 'Halle', 'Torres', 1, 'Halle.Torres@gmail.com', '05961667355'),
(596, 'Leonel', 'Terry', 0, 'Leonel.Terry@gmail.com', '05022905446'),
(597, 'Braedon', 'Stone', 0, 'Braedon.Stone@gmail.com', '05786384779'),
(598, 'Jay', 'Villanueva', 0, 'Jay.Villanueva@gmail.com', '05072009518'),
(599, 'Jolie', 'Novak', 1, 'Jolie.Novak@gmail.com', '05168812437'),
(600, 'Jamar', 'Larson', 0, 'Jamar.Larson@gmail.com', '05471060048')
;

INSERT INTO RELATIVE(stud_id, pare_id, rela_type) VALUES 
(14030204, 1, 'Sibling'),
(13010103, 2, 'Father'),
(15010303, 3, 'Sibling'),
(16030303, 4, 'Mother'),
(15030102, 5, 'Mother'),
(16030201, 6, 'Father'),
(13020103, 7, 'Sibling'),
(15010103, 8, 'Sibling'),
(16010203, 9, 'Father'),
(13020102, 10, 'Mother'),
(17030103, 11, 'Sibling'),
(17020304, 12, 'Father'),
(17020203, 13, 'Sibling'),
(17030102, 14, 'Mother'),
(13020301, 15, 'Father'),
(14020201, 16, 'Sibling'),
(13010302, 17, 'Father'),
(13020101, 18, 'Sibling'),
(15020202, 19, 'Sibling'),
(15010302, 20, 'Sibling'),
(13030101, 21, 'Father'),
(15030203, 22, 'Mother'),
(13030205, 23, 'Sibling'),
(14030102, 24, 'Mother'),
(16030302, 25, 'Mother'),
(13010205, 26, 'Sibling'),
(15010102, 27, 'Mother'),
(15030101, 28, 'Mother'),
(17030303, 29, 'Sibling'),
(16010201, 30, 'Father'),
(13010204, 31, 'Father'),
(13010203, 32, 'Father'),
(17020103, 33, 'Sibling'),
(16030101, 34, 'Sibling'),
(16020301, 35, 'Father'),
(17020303, 36, 'Sibling'),
(15010301, 37, 'Father'),
(17020202, 38, 'Mother'),
(17020104, 39, 'Sibling'),
(17020201, 40, 'Father'),
(16010303, 41, 'Father'),
(17020302, 42, 'Sibling'),
(14030302, 43, 'Sibling'),
(19030103, 44, 'Sibling'),
(20010208, 45, 'Mother'),
(18010309, 46, 'Sibling'),
(22020207, 47, 'Father'),
(20030114, 48, 'Sibling'),
(18020211, 49, 'Mother'),
(21010106, 50, 'Mother'),
(20030306, 51, 'Sibling'),
(22010308, 52, 'Sibling'),
(18020208, 53, 'Sibling'),
(21020103, 54, 'Mother'),
(21020207, 55, 'Father'),
(20010109, 56, 'Sibling'),
(22020206, 57, 'Sibling'),
(19010202, 58, 'Sibling'),
(20030207, 59, 'Mother'),
(21010102, 60, 'Mother'),
(13020201, 61, 'Sibling'),
(20020204, 62, 'Sibling'),
(18030107, 63, 'Father'),
(21020111, 64, 'Mother'),
(22030207, 65, 'Sibling'),
(19020306, 66, 'Mother'),
(20010317, 67, 'Sibling'),
(20010306, 68, 'Mother'),
(21030305, 69, 'Sibling'),
(22010110, 70, 'Father'),
(20020101, 71, 'Mother'),
(18010305, 72, 'Sibling'),
(17020101, 73, 'Sibling'),
(20010305, 74, 'Sibling'),
(20030307, 75, 'Father'),
(18020214, 76, 'Sibling'),
(20010107, 77, 'Father'),
(18020106, 78, 'Father'),
(22010313, 79, 'Father'),
(17020301, 80, 'Sibling'),
(21010211, 81, 'Sibling'),
(20010113, 82, 'Mother'),
(22020306, 83, 'Sibling'),
(22010306, 84, 'Father'),
(21020106, 85, 'Sibling'),
(20030106, 86, 'Sibling'),
(22030304, 87, 'Mother'),
(19020203, 88, 'Sibling'),
(14030303, 89, 'Mother'),
(22010104, 90, 'Sibling'),
(19010201, 91, 'Father'),
(18030101, 92, 'Sibling'),
(19020108, 93, 'Mother'),
(22030210, 94, 'Mother'),
(21030207, 95, 'Sibling'),
(14030203, 96, 'Father'),
(21020308, 97, 'Father'),
(20020104, 98, 'Sibling'),
(22020106, 99, 'Father'),
(22030307, 100, 'Sibling'),
(21010206, 101, 'Father'),
(22020204, 102, 'Sibling'),
(20030104, 103, 'Sibling'),
(18010303, 104, 'Sibling'),
(22030102, 105, 'Father'),
(20010112, 106, 'Mother'),
(18020209, 107, 'Mother'),
(22020105, 108, 'Mother'),
(20020102, 109, 'Mother'),
(18020103, 110, 'Sibling'),
(22010305, 111, 'Father'),
(21010213, 112, 'Sibling'),
(20020209, 113, 'Mother'),
(21010201, 114, 'Sibling'),
(20010106, 115, 'Mother'),
(21020105, 116, 'Sibling'),
(19020107, 117, 'Sibling'),
(19020209, 118, 'Sibling'),
(20020103, 119, 'Sibling'),
(21010205, 120, 'Father'),
(22030205, 121, 'Mother'),
(18030207, 122, 'Sibling'),
(22030206, 123, 'Sibling'),
(18020204, 124, 'Sibling'),
(22010311, 125, 'Mother'),
(18020205, 126, 'Sibling'),
(21020301, 127, 'Sibling'),
(22010312, 128, 'Sibling'),
(20010105, 129, 'Father'),
(18020104, 130, 'Mother'),
(20010101, 131, 'Sibling'),
(21020204, 132, 'Sibling'),
(21010208, 133, 'Sibling'),
(16010301, 134, 'Father'),
(21030205, 135, 'Mother'),
(22020201, 136, 'Sibling'),
(20010203, 137, 'Mother'),
(22010304, 138, 'Mother'),
(18020212, 139, 'Father'),
(18030106, 140, 'Sibling'),
(18020108, 141, 'Father'),
(20010102, 142, 'Father'),
(21020304, 143, 'Sibling'),
(20010202, 144, 'Father'),
(21020305, 145, 'Mother'),
(20020109, 146, 'Sibling'),
(18030204, 147, 'Mother'),
(22020203, 148, 'Sibling'),
(21020203, 149, 'Mother'),
(20010308, 150, 'Mother'),
(22010206, 151, 'Sibling'),
(21030303, 152, 'Father'),
(18020206, 153, 'Sibling'),
(20030110, 154, 'Mother'),
(20010304, 155, 'Father'),
(20030107, 156, 'Sibling'),
(19030104, 157, 'Father'),
(18010301, 158, 'Mother'),
(18030201, 159, 'Mother'),
(22030303, 160, 'Mother'),
(14020102, 161, 'Sibling'),
(20030304, 162, 'Mother'),
(18030110, 163, 'Mother'),
(15020302, 164, 'Mother'),
(19030307, 165, 'Mother'),
(21020302, 166, 'Sibling'),
(22020307, 167, 'Sibling'),
(20030115, 168, 'Mother'),
(20030303, 169, 'Mother'),
(21010207, 170, 'Father'),
(15030202, 171, 'Father'),
(18030104, 172, 'Sibling'),
(22010114, 173, 'Sibling'),
(18020102, 174, 'Sibling'),
(18030102, 175, 'Sibling'),
(21010306, 176, 'Sibling'),
(20010201, 177, 'Sibling'),
(18030206, 178, 'Sibling'),
(20010316, 179, 'Sibling'),
(22030202, 180, 'Sibling'),
(18010104, 181, 'Sibling'),
(19020109, 182, 'Sibling'),
(19020210, 183, 'Father'),
(22020302, 184, 'Sibling'),
(19030204, 185, 'Mother'),
(20020201, 186, 'Father'),
(21020206, 187, 'Sibling'),
(18030103, 188, 'Sibling'),
(21020208, 189, 'Sibling'),
(20010215, 190, 'Mother'),
(18030305, 191, 'Father'),
(22010103, 192, 'Sibling'),
(19020301, 193, 'Sibling'),
(17010301, 194, 'Mother'),
(21010108, 195, 'Sibling'),
(21030206, 196, 'Sibling'),
(21010203, 197, 'Sibling'),
(22030101, 198, 'Mother'),
(20020106, 199, 'Sibling'),
(19020304, 200, 'Sibling'),
(22030305, 201, 'Sibling'),
(22010207, 202, 'Sibling'),
(21010214, 203, 'Mother'),
(18020207, 204, 'Sibling'),
(20010103, 205, 'Mother'),
(20030201, 206, 'Mother'),
(22020108, 207, 'Sibling'),
(18020210, 208, 'Father'),
(21030203, 209, 'Father'),
(19030205, 210, 'Sibling'),
(20030101, 211, 'Mother'),
(14030202, 212, 'Sibling'),
(22020208, 213, 'Sibling'),
(20030205, 214, 'Mother'),
(21010309, 215, 'Sibling'),
(18010101, 216, 'Sibling'),
(21030306, 217, 'Sibling'),
(22010111, 218, 'Father'),
(20030305, 219, 'Sibling'),
(22030306, 220, 'Mother'),
(19010209, 221, 'Father'),
(22030301, 222, 'Sibling'),
(20010205, 223, 'Sibling'),
(17030304, 224, 'Sibling'),
(22010302, 225, 'Father'),
(20010302, 226, 'Sibling'),
(19020104, 227, 'Sibling'),
(22010209, 228, 'Sibling'),
(20010207, 229, 'Sibling'),
(19030208, 230, 'Sibling'),
(22020103, 231, 'Father'),
(20010204, 232, 'Sibling'),
(18030309, 233, 'Father'),
(22030208, 234, 'Mother'),
(20030202, 235, 'Sibling'),
(19020303, 236, 'Father'),
(22010309, 237, 'Sibling'),
(18030314, 238, 'Mother'),
(15030201, 239, 'Father'),
(21030301, 240, 'Mother'),
(19020206, 241, 'Mother'),
(19030110, 242, 'Mother'),
(19010306, 243, 'Mother'),
(19030302, 244, 'Sibling'),
(19020103, 245, 'Father'),
(18030312, 246, 'Sibling'),
(21010218, 247, 'Father'),
(18010105, 248, 'Sibling'),
(20030302, 249, 'Sibling'),
(15020303, 250, 'Sibling'),
(22010204, 251, 'Mother'),
(19020101, 252, 'Mother'),
(21020201, 253, 'Sibling'),
(21030101, 254, 'Sibling'),
(22010106, 255, 'Sibling'),
(19030301, 256, 'Mother'),
(21010107, 257, 'Mother'),
(20020310, 258, 'Sibling'),
(18020203, 259, 'Sibling'),
(20020301, 260, 'Mother'),
(21010305, 261, 'Father'),
(21030304, 262, 'Father'),
(22010303, 263, 'Mother'),
(20030301, 264, 'Mother'),
(19020102, 265, 'Sibling'),
(18020201, 266, 'Sibling'),
(22020102, 267, 'Sibling'),
(20030105, 268, 'Sibling'),
(19010103, 269, 'Father'),
(18030308, 270, 'Father'),
(21030102, 271, 'Sibling'),
(20030206, 272, 'Sibling'),
(22020303, 273, 'Sibling'),
(21030204, 274, 'Mother'),
(21020209, 275, 'Sibling'),
(20010206, 276, 'Sibling'),
(21020202, 277, 'Father'),
(21010310, 278, 'Mother'),
(21030302, 279, 'Sibling'),
(19010203, 280, 'Sibling'),
(18020105, 281, 'Father'),
(19030102, 282, 'Sibling'),
(19010305, 283, 'Sibling'),
(19010205, 284, 'Sibling'),
(18030301, 285, 'Sibling'),
(20010212, 286, 'Father'),
(18020301, 287, 'Sibling'),
(19030304, 288, 'Mother'),
(16010202, 289, 'Sibling'),
(22020202, 290, 'Mother'),
(21010103, 291, 'Mother'),
(19010311, 292, 'Sibling'),
(21020303, 293, 'Sibling'),
(21030105, 294, 'Father'),
(18030302, 295, 'Mother'),
(20020302, 296, 'Sibling'),
(13010301, 297, 'Father'),
(20030203, 298, 'Mother'),
(20020107, 299, 'Mother'),
(18020302, 300, 'Father'),
(22030302, 301, 'Mother'),
(18010102, 302, 'Father'),
(19010105, 303, 'Mother'),
(18010302, 304, 'Sibling'),
(22020304, 305, 'Sibling'),
(18020309, 306, 'Sibling'),
(20010216, 307, 'Father'),
(19020201, 308, 'Sibling'),
(21020205, 309, 'Father'),
(21010202, 310, 'Mother'),
(13020202, 311, 'Sibling'),
(22020301, 312, 'Sibling'),
(18010201, 313, 'Mother'),
(21030201, 314, 'Mother'),
(22020101, 315, 'Mother'),
(19020208, 316, 'Mother'),
(22010301, 317, 'Mother'),
(21010302, 318, 'Sibling'),
(20030103, 319, 'Father'),
(20020110, 320, 'Mother'),
(21020101, 321, 'Sibling'),
(20020304, 322, 'Father'),
(19010301, 323, 'Sibling'),
(22010101, 324, 'Father'),
(22010310, 325, 'Mother'),
(18030303, 326, 'Sibling'),
(21030202, 327, 'Father'),
(22020205, 328, 'Sibling'),
(19030303, 329, 'Father'),
(19010302, 330, 'Sibling'),
(20020203, 331, 'Mother'),
(20020202, 332, 'Mother'),
(20020305, 333, 'Sibling'),
(19010303, 334, 'Sibling'),
(20010213, 335, 'Sibling'),
(22010202, 336, 'Sibling'),
(19020106, 337, 'Sibling'),
(20010111, 338, 'Sibling'),
(18030209, 339, 'Mother'),
(20020210, 340, 'Mother'),
(21020211, 341, 'Father'),
(20020303, 342, 'Father'),
(18030202, 343, 'Father'),
(19020110, 344, 'Father'),
(21010204, 345, 'Sibling'),
(19030308, 346, 'Father'),
(22010307, 347, 'Mother'),
(18030203, 348, 'Sibling'),
(18020110, 349, 'Sibling'),
(13010102, 350, 'Sibling'),
(18030304, 351, 'Sibling'),
(21010303, 352, 'Sibling'),
(18020107, 353, 'Father'),
(20010314, 354, 'Mother'),
(20020105, 355, 'Sibling'),
(22010102, 356, 'Sibling'),
(20010301, 357, 'Sibling'),
(14010301, 358, 'Sibling'),
(19020307, 359, 'Sibling'),
(20030102, 360, 'Father'),
(22010203, 361, 'Sibling'),
(19030101, 362, 'Father'),
(21010212, 363, 'Sibling'),
(19010101, 364, 'Sibling'),
(22030203, 365, 'Father'),
(18030105, 366, 'Sibling'),
(18020202, 367, 'Sibling'),
(19020112, 368, 'Father'),
(20020205, 369, 'Father'),
(18020303, 370, 'Father'),
(20010303, 371, 'Mother'),
(13030204, 372, 'Father'),
(20010310, 373, 'Father'),
(17030201, 374, 'Sibling'),
(19020202, 375, 'Sibling'),
(18010103, 376, 'Sibling'),
(20010104, 377, 'Mother'),
(13010101, 378, 'Sibling'),
(18020101, 379, 'Mother'),
(22030103, 380, 'Mother'),
(14020202, 381, 'Father'),
(20030309, 382, 'Sibling'),
(21010101, 383, 'Father'),
(18020305, 384, 'Sibling'),
(19010102, 385, 'Father'),
(20030108, 386, 'Sibling'),
(19030305, 387, 'Sibling'),
(20030208, 388, 'Mother'),
(18020304, 389, 'Sibling'),
(22030204, 390, 'Mother'),
(21020212, 391, 'Sibling'),
(19020302, 392, 'Sibling'),
(22030104, 393, 'Sibling'),
(18030109, 394, 'Sibling'),
(18020306, 395, 'Sibling'),
(22030308, 396, 'Sibling'),
(22010205, 397, 'Mother'),
(18020308, 398, 'Mother'),
(19010204, 399, 'Sibling'),
(22020211, 400, 'Sibling'),
(19020305, 401, 'Sibling'),
(13030301, 402, 'Sibling'),
(21030104, 403, 'Father'),
(20010209, 404, 'Father'),
(20010110, 405, 'Father'),
(19010104, 406, 'Mother'),
(21020108, 407, 'Father'),
(20030111, 408, 'Sibling'),
(19020205, 409, 'Father'),
(18010304, 410, 'Sibling'),
(21020306, 411, 'Sibling'),
(14030201, 412, 'Father'),
(21020107, 413, 'Mother'),
(14020302, 414, 'Mother'),
(17020102, 415, 'Father'),
(21020104, 416, 'Mother'),
(21020215, 417, 'Sibling'),
(22010107, 418, 'Sibling'),
(19010308, 419, 'Mother'),
(20030209, 420, 'Mother'),
(19020113, 421, 'Sibling'),
(19030201, 422, 'Mother'),
(22020210, 423, 'Sibling'),
(21030208, 424, 'Mother'),
(18030205, 425, 'Sibling'),
(18030111, 426, 'Mother'),
(21010307, 427, 'Mother'),
(18010204, 428, 'Father'),
(18020310, 429, 'Father'),
(19020111, 430, 'Sibling'),
(18010306, 431, 'Sibling'),
(21020109, 432, 'Mother'),
(18020213, 433, 'Mother'),
(18030307, 434, 'Mother'),
(18030311, 435, 'Sibling'),
(18030316, 436, 'Father'),
(21030106, 437, 'Mother'),
(22030105, 438, 'Sibling'),
(21020110, 439, 'Sibling'),
(20020306, 440, 'Mother'),
(20010309, 441, 'Father'),
(20030109, 442, 'Sibling'),
(22030209, 443, 'Sibling'),
(19010309, 444, 'Father'),
(13030201, 445, 'Father'),
(22010108, 446, 'Sibling'),
(19010304, 447, 'Father'),
(19010310, 448, 'Sibling'),
(22020212, 449, 'Sibling'),
(19030202, 450, 'Sibling'),
(22010314, 451, 'Mother'),
(21010104, 452, 'Sibling'),
(22020213, 453, 'Mother'),
(20010307, 454, 'Father'),
(20020207, 455, 'Sibling'),
(22010201, 456, 'Father'),
(19020114, 457, 'Sibling'),
(19030106, 458, 'Father'),
(21010308, 459, 'Sibling'),
(20020208, 460, 'Father'),
(21020102, 461, 'Father'),
(21010216, 462, 'Sibling'),
(22010109, 463, 'Father'),
(19020308, 464, 'Sibling'),
(22020104, 465, 'Mother'),
(21010311, 466, 'Sibling'),
(18020109, 467, 'Sibling'),
(19030203, 468, 'Sibling'),
(19020115, 469, 'Sibling'),
(18010203, 470, 'Sibling'),
(13010201, 471, 'Sibling'),
(19020105, 472, 'Sibling'),
(20010211, 473, 'Father'),
(18030313, 474, 'Sibling'),
(20010312, 475, 'Sibling'),
(18030317, 476, 'Mother'),
(20020307, 477, 'Father'),
(20030204, 478, 'Father'),
(22010208, 479, 'Sibling'),
(21030103, 480, 'Sibling'),
(22010105, 481, 'Mother'),
(22030312, 482, 'Father'),
(21020210, 483, 'Sibling'),
(19020117, 484, 'Sibling'),
(22030310, 485, 'Sibling'),
(22030311, 486, 'Mother'),
(18030210, 487, 'Father'),
(18030208, 488, 'Mother'),
(18030112, 489, 'Father'),
(14010201, 490, 'Father'),
(22020308, 491, 'Mother'),
(19030107, 492, 'Father'),
(18030310, 493, 'Father'),
(22030201, 494, 'Father'),
(19020207, 495, 'Father'),
(19010312, 496, 'Sibling'),
(19020116, 497, 'Sibling'),
(19010313, 498, 'Mother'),
(16030102, 499, 'Sibling'),
(19010207, 500, 'Father'),
(21020307, 501, 'Mother'),
(19030108, 502, 'Mother'),
(19030207, 503, 'Sibling'),
(18010107, 504, 'Father'),
(15030302, 505, 'Father'),
(18010307, 506, 'Mother'),
(18030306, 507, 'Sibling'),
(19010108, 508, 'Sibling'),
(20030113, 509, 'Sibling'),
(21020213, 510, 'Sibling'),
(21030307, 511, 'Father'),
(19030306, 512, 'Mother'),
(21010304, 513, 'Sibling'),
(21010105, 514, 'Father'),
(22010112, 515, 'Father'),
(19030105, 516, 'Sibling'),
(19010206, 517, 'Sibling'),
(20010313, 518, 'Sibling'),
(19010106, 519, 'Sibling'),
(18010308, 520, 'Father'),
(19030206, 521, 'Sibling'),
(20020308, 522, 'Father'),
(19020309, 523, 'Mother'),
(17010201, 524, 'Sibling'),
(20020108, 525, 'Father'),
(21020113, 526, 'Sibling'),
(21020112, 527, 'Father'),
(19010307, 528, 'Sibling'),
(20010214, 529, 'Sibling'),
(15020301, 530, 'Sibling'),
(22030106, 531, 'Sibling'),
(19030109, 532, 'Mother'),
(20010108, 533, 'Mother'),
(21020214, 534, 'Mother'),
(22020107, 535, 'Father'),
(18010106, 536, 'Father'),
(20010210, 537, 'Sibling'),
(20030112, 538, 'Mother'),
(22030211, 539, 'Father'),
(20020211, 540, 'Father'),
(22020214, 541, 'Mother'),
(22010113, 542, 'Father'),
(22020215, 543, 'Sibling'),
(18030315, 544, 'Sibling'),
(21010210, 545, 'Mother'),
(21020114, 546, 'Father'),
(13030202, 547, 'Sibling'),
(18030113, 548, 'Mother'),
(21030308, 549, 'Mother'),
(20010315, 550, 'Sibling'),
(21010215, 551, 'Mother'),
(19010107, 552, 'Sibling'),
(22020216, 553, 'Mother'),
(19010208, 554, 'Sibling'),
(21010209, 555, 'Mother'),
(21010217, 556, 'Mother'),
(20010318, 557, 'Father'),
(19020211, 558, 'Father'),
(18020307, 559, 'Sibling'),
(20020206, 560, 'Mother'),
(19020212, 561, 'Father'),
(18010108, 562, 'Mother'),
(22020209, 563, 'Sibling'),
(20010319, 564, 'Sibling'),
(18020215, 565, 'Father'),
(21010109, 566, 'Father'),
(21010301, 567, 'Sibling'),
(20010311, 568, 'Sibling'),
(22030309, 569, 'Father'),
(18020311, 570, 'Sibling'),
(21030309, 571, 'Sibling'),
(18030108, 572, 'Sibling'),
(15020201, 573, 'Father'),
(14020101, 574, 'Sibling'),
(17030301, 575, 'Mother'),
(15030301, 576, 'Mother'),
(18010202, 577, 'Mother'),
(22020305, 578, 'Mother'),
(14020301, 579, 'Sibling'),
(14030301, 580, 'Mother'),
(20020309, 581, 'Sibling'),
(14010101, 582, 'Father'),
(17030101, 583, 'Sibling'),
(19020204, 584, 'Sibling'),
(17030302, 585, 'Mother'),
(14030101, 586, 'Mother'),
(16030301, 587, 'Sibling'),
(13020203, 588, 'Sibling'),
(13030203, 589, 'Sibling'),
(20030308, 590, 'Father'),
(14010102, 591, 'Mother'),
(17020305, 592, 'Father'),
(15010101, 593, 'Mother'),
(16020302, 594, 'Father'),
(17010101, 595, 'Sibling'),
(19010314, 596, 'Sibling'),
(16020101, 597, 'Sibling'),
(16010302, 598, 'Father'),
(13010202, 599, 'Sibling'),
(15030303, 600, 'Sibling')
;

INSERT INTO EXPENSE(exps_id, exps_name, exps_date, exps_cost, exps_type) VALUES 
(0, 'Electricity', '2020/4/21', 592, 1),
(1, 'Electricity', '2021/8/25', 544, 0),
(2, 'Electricity', '2022/3/7', 640, 1),
(3, 'Electricity', '2023/1/7', 856, 0),
(4, 'Water', '2020/6/7', 677, 0),
(5, 'Water', '2021/6/15', 912, 1),
(6, 'Water', '2022/7/18', 198, 1),
(7, 'Water', '2023/6/20', 843, 0),
(8, 'Internet', '2020/7/5', 405, 1),
(9, 'Internet', '2021/2/21', 201, 0),
(10, 'Internet', '2022/5/22', 761, 1),
(11, 'Internet', '2023/3/7', 475, 1),
(12, 'Gas', '2020/4/16', 160, 0),
(13, 'Gas', '2021/1/1', 565, 1),
(14, 'Gas', '2022/6/25', 952, 1),
(15, 'Gas', '2023/7/4', 225, 1),
(16, 'Cleaning', '2020/9/25', 102, 1),
(17, 'Cleaning', '2021/7/27', 1087, 1),
(18, 'Cleaning', '2022/5/11', 324, 1),
(19, 'Cleaning', '2023/2/1', 367, 0),
(20, 'Security', '2020/4/20', 249, 1),
(21, 'Security', '2021/3/27', 1068, 1),
(22, 'Security', '2022/1/9', 201, 0),
(23, 'Security', '2023/4/14', 389, 1),
(24, 'Food', '2020/1/4', 1030, 0),
(25, 'Food', '2021/7/15', 283, 1),
(26, 'Food', '2022/9/11', 125, 0),
(27, 'Food', '2023/3/4', 428, 0),
(28, 'Salary', '2020/1/13', 333, 0),
(29, 'Salary', '2021/9/8', 606, 0),
(30, 'Salary', '2022/8/18', 372, 1),
(31, 'Salary', '2023/9/1', 603, 1)
;

INSERT INTO EMPLOYEE(empl_id, empl_type, empl_fname, empl_lname, empl_sex, empl_salary, empl_reg_date) VALUES 
(1, 0, 'Paola', 'Parrish', 1, 6600, '2020/6/28'),
(2, 0, 'Felicity', 'Gould', 1, 11700, '2020/4/2'),
(3, 1, 'Bo', 'Saunders', 0, 5900, '2022/1/2'),
(4, 0, 'Briana', 'Barton', 1, 19700, '2017/7/10'),
(5, 0, 'Kingston', 'Wiley', 0, 4800, '2017/6/23'),
(6, 0, 'Annabel', 'Monroe', 1, 10200, '2022/3/14'),
(7, 0, 'Uriel', 'Graham', 0, 7300, '2019/6/4'),
(8, 0, 'Theodore', 'Odom', 0, 18000, '2016/7/21'),
(9, 1, 'Kara', 'Gilmore', 1, 11500, '2016/6/25'),
(10, 0, 'Samir', 'Hodge', 0, 16100, '2019/3/27'),
(11, 0, 'Casey', 'Brennan', 1, 5700, '2021/1/1'),
(12, 0, 'Liberty', 'Jimenez', 1, 16000, '2016/1/14'),
(13, 0, 'Vivian', 'Patel', 1, 11600, '2018/7/17'),
(14, 1, 'Ezra', 'Randolph', 0, 4100, '2019/6/10'),
(15, 0, 'Tess', 'Barrett', 1, 12600, '2016/1/5'),
(16, 0, 'Hillary', 'Burch', 1, 7100, '2020/3/9'),
(17, 1, 'Melanie', 'Rosales', 1, 12000, '2019/1/20'),
(18, 1, 'Alia', 'Duncan', 1, 13400, '2020/1/15'),
(19, 0, 'Cali', 'Mcknight', 1, 3600, '2015/4/7'),
(20, 1, 'Emerson', 'Ray', 0, 12500, '2017/8/28'),
(21, 0, 'Quinten', 'Burton', 0, 18400, '2019/4/24'),
(22, 0, 'Bethany', 'Boyd', 1, 15200, '2017/3/6'),
(23, 1, 'Talia', 'Pitts', 1, 6800, '2019/9/28'),
(24, 0, 'Miah', 'Lin', 1, 14500, '2021/7/17'),
(25, 1, 'Madeleine', 'Cruz', 1, 9700, '2022/2/12'),
(26, 1, 'Carly', 'Jensen', 1, 10300, '2020/8/25'),
(27, 1, 'Amelie', 'Anthony', 1, 16800, '2017/5/25'),
(28, 1, 'Deja', 'Foster', 1, 13900, '2019/1/10'),
(29, 0, 'Skyla', 'Dominguez', 1, 4600, '2018/5/26'),
(30, 1, 'Bradyn', 'Jennings', 0, 12400, '2016/8/17'),
(31, 1, 'Kaeden', 'Harding', 0, 1500, '2021/9/15'),
(32, 1, 'Itzel', 'Waller', 1, 11900, '2021/7/27'),
(33, 0, 'Sherlyn', 'Harvey', 1, 8100, '2022/5/3'),
(34, 0, 'Amelia', 'Hinton', 1, 10200, '2021/5/14'),
(35, 1, 'Layla', 'Blackwell', 1, 19100, '2015/6/7'),
(36, 1, 'Giovanny', 'Le', 0, 13200, '2022/4/23'),
(37, 0, 'Alonso', 'Casey', 0, 7200, '2020/6/11'),
(38, 0, 'Jeremiah', 'Strong', 0, 16800, '2017/2/7'),
(39, 1, 'Addison', 'Cain', 1, 4500, '2017/1/5'),
(40, 1, 'Zayne', 'Norris', 0, 15800, '2021/2/13'),
(41, 1, 'Alfonso', 'James', 0, 7200, '2019/7/4'),
(42, 1, 'Trevin', 'Hendricks', 0, 6300, '2017/8/12'),
(43, 1, 'Destinee', 'Harrison', 1, 11400, '2020/8/3'),
(44, 1, 'Jaeden', 'Lara', 0, 8200, '2022/5/7'),
(45, 1, 'Lyric', 'Bautista', 0, 7300, '2020/1/11'),
(46, 0, 'Angie', 'Sampson', 1, 2400, '2015/1/28'),
(47, 0, 'Alejandro', 'Dickson', 0, 16600, '2015/5/21'),
(48, 0, 'Armando', 'Booth', 0, 10900, '2018/4/10'),
(49, 0, 'Nathan', 'Ewing', 0, 14900, '2019/4/8'),
(50, 0, 'Mikayla', 'Kane', 1, 4900, '2016/9/21'),
(51, 1, 'Kirsten', 'Lester', 1, 10800, '2019/6/27'),
(52, 1, 'Darian', 'Middleton', 0, 13200, '2018/3/10'),
(53, 1, 'Dustin', 'Henry', 0, 7500, '2022/2/10'),
(54, 1, 'Houston', 'Boyle', 0, 5900, '2015/5/28'),
(55, 1, 'Moshe', 'Humphrey', 0, 1000, '2021/7/23'),
(56, 0, 'Jamie', 'Mclaughlin', 0, 14900, '2016/3/8'),
(57, 0, 'Leonidas', 'Bailey', 0, 8500, '2015/2/6'),
(58, 1, 'Mylie', 'Holmes', 1, 2700, '2021/9/5'),
(59, 1, 'Julianne', 'Scott', 1, 12900, '2016/7/15'),
(60, 1, 'Nadia', 'Parks', 1, 8900, '2015/5/28'),
(61, 0, 'Makhi', 'Hughes', 0, 5400, '2022/1/27'),
(62, 1, 'Gavyn', 'Hammond', 0, 7800, '2016/7/3'),
(63, 1, 'Jaime', 'Zuniga', 0, 10400, '2018/3/26'),
(64, 1, 'Karina', 'Riggs', 1, 13300, '2015/3/1'),
(65, 1, 'Jazlyn', 'Combs', 1, 13000, '2017/7/17'),
(66, 0, 'Khalil', 'Keith', 0, 4100, '2019/4/12'),
(67, 1, 'Janessa', 'Lambert', 1, 4700, '2019/5/3'),
(68, 0, 'Maliyah', 'Salazar', 1, 9900, '2017/5/16'),
(69, 0, 'Hamza', 'Aguirre', 0, 11900, '2016/1/24'),
(70, 0, 'Aliana', 'Orozco', 1, 10700, '2019/6/14'),
(71, 0, 'Rex', 'Yu', 0, 19600, '2017/1/24'),
(72, 1, 'Rylie', 'Cortez', 1, 18100, '2021/3/2'),
(73, 0, 'Denisse', 'Collier', 1, 11600, '2018/9/21'),
(74, 0, 'Juan', 'Rush', 0, 2200, '2020/9/14'),
(75, 0, 'Gaven', 'Deleon', 0, 16500, '2017/3/21'),
(76, 0, 'Zariah', 'Huffman', 1, 15200, '2021/9/28'),
(77, 1, 'Kennedy', 'Colon', 1, 14200, '2017/6/12'),
(78, 0, 'Gilberto', 'Eaton', 0, 9700, '2018/5/4'),
(79, 1, 'Ben', 'Duffy', 0, 8100, '2016/9/10'),
(80, 1, 'William', 'Vega', 0, 3800, '2020/3/2'),
(81, 1, 'Edward', 'Hill', 0, 4400, '2015/4/5'),
(82, 0, 'Jadyn', 'Camacho', 0, 15500, '2017/3/11'),
(83, 1, 'Ashly', 'Smith', 1, 13200, '2018/6/27'),
(84, 1, 'Patricia', 'Baird', 1, 12300, '2015/2/11'),
(85, 0, 'Alondra', 'Meadows', 1, 4500, '2016/7/20'),
(86, 0, 'Konner', 'Mcclure', 0, 12500, '2020/1/9'),
(87, 1, 'Adeline', 'Campbell', 1, 3000, '2019/2/13'),
(88, 0, 'Jerome', 'Frye', 0, 3600, '2016/4/28'),
(89, 0, 'Misael', 'Noble', 0, 2500, '2017/2/11'),
(90, 0, 'Griffin', 'Sims', 0, 14500, '2018/7/27'),
(91, 1, 'Haley', 'Singh', 1, 13400, '2017/9/14'),
(92, 1, 'Marissa', 'Esparza', 1, 18200, '2019/5/18'),
(93, 1, 'Zoe', 'Austin', 1, 15000, '2016/5/27'),
(94, 0, 'Emanuel', 'Rocha', 0, 10400, '2017/9/15'),
(95, 1, 'Matthias', 'Randall', 0, 2200, '2021/5/25'),
(96, 0, 'Marisol', 'Friedman', 1, 13300, '2015/1/9'),
(97, 0, 'Arely', 'Mcgrath', 1, 16300, '2016/5/23'),
(98, 0, 'Armani', 'Curtis', 0, 16100, '2017/9/3'),
(99, 1, 'Wyatt', 'Landry', 0, 12300, '2018/1/3'),
(100, 0, 'Kale', 'Schaefer', 0, 16000, '2017/6/22')
;

INSERT INTO STAFF(empl_id) VALUES 
(1),
(3),
(5),
(7),
(11),
(14),
(16),
(19),
(23),
(25),
(26),
(29),
(31),
(33),
(37),
(39),
(41),
(42),
(44),
(45),
(46),
(48),
(50),
(51),
(53),
(54),
(55),
(57),
(58),
(60),
(61),
(62),
(63),
(66),
(67),
(68),
(70),
(74),
(78),
(79),
(80),
(81),
(85),
(87),
(88),
(89),
(95);

INSERT INTO ADMIN_STAFF(empl_id) VALUES 
(2),
(4),
(6),
(8),
(9),
(10),
(12),
(13),
(15),
(17),
(18),
(20),
(21),
(22),
(24),
(27),
(28),
(30),
(32),
(34),
(35),
(36),
(38),
(40),
(43),
(47),
(49),
(52),
(56),
(59),
(64),
(65),
(69),
(71),
(72),
(73),
(75),
(76),
(77),
(82),
(83),
(84),
(86),
(90),
(91),
(92),
(93),
(94),
(96),
(97),
(98),
(99),
(100);

INSERT INTO COURSE(cour_id, cour_min_req) VALUES 
('BIL113',	30),
('BIL121',	40),
('BIL132',	30),
('BIL141',	40),
('BIL142',	50),
('BIL191',	30),
('BIL211',	30),
('ELE101',	30),
('FIZ101',	50),
('FIZ102',	50),
('HUK115',	20),
('IDE100',	20),
('IDE103',	20),
('IDE104',	20),
('IDE105',	20),
('IDE108',	20),
('IDE110',	20),
('IKT105',	50),
('IKT110',	20),
('ING001',	50),
('ING002',	50),
('ISL113',	20),
('MAK104',	30),
('MAK112',	30),
('MAT101',	50),
('MAT102',	50),
('MAT103',	50),
('MAT104',	20),
('OEG101',	50),
('SUI101',	20),
('SUI102',	20),
('SUI105',	20),
('SUI106',	20),
('SUI108',	20),
('SUI114',	20),
('TAR113',	20),
('TAR131',	20),
('TAR141',	20),
('TAR146',	20),
('TAR191',	20),
('TAR192',	20),
('TDE111',	20),
('TDE121',	20),
('TDE131',	20),
('TDE143',	20),
('TUR101',	50),
('TUR102',	50);

INSERT INTO EMPLOYEE(empl_id, empl_type, empl_fname, empl_lname, empl_sex, empl_salary, empl_reg_date) VALUES 
(10101, 1, 'Cameron', 'Buckley', 0, 21900, '2021/8/11'),
(10102, 1, 'Gracelyn', 'Avery', 1, 29500, '2018/1/19'),
(10103, 0, 'Ximena', 'Merritt', 1, 28000, '2022/9/21'),
(10104, 1, 'Elijah', 'Bolton', 0, 21100, '2017/2/12'),
(10201, 0, 'Giovani', 'Reynolds', 0, 24400, '2021/8/23'),
(10202, 1, 'Lily', 'Clayton', 1, 25600, '2019/6/28'),
(10301, 0, 'Wendy', 'Dennis', 1, 28800, '2019/2/20'),
(10302, 1, 'Alexander', 'Gentry', 0, 20200, '2018/4/23'),
(20101, 1, 'Raven', 'Johnson', 1, 26800, '2020/4/14'),
(20102, 1, 'Dominique', 'Coffey', 0, 26600, '2021/7/1'),
(20103, 0, 'Karter', 'Velez', 0, 23200, '2016/3/8'),
(20201, 1, 'Brady', 'Carter', 0, 25500, '2017/8/19'),
(20202, 0, 'Bridger', 'Morris', 0, 20600, '2020/8/15'),
(20203, 0, 'Kenley', 'Acevedo', 1, 20000, '2015/3/17'),
(20204, 0, 'Kamora', 'Gross', 1, 29000, '2018/2/27'),
(30101, 0, 'Kayley', 'Martinez', 1, 28500, '2022/3/8'),
(30201, 0, 'Jennifer', 'Skinner', 1, 26300, '2017/6/27'),
(30202, 0, 'Lola', 'Grant', 1, 20700, '2016/2/6'),
(30301, 1, 'Adyson', 'Pennington', 1, 28400, '2020/2/12'),
(30302, 1, 'Areli', 'Bell', 1, 24200, '2018/3/2'),
(30303, 0, 'Allen', 'Beltran', 0, 22400, '2019/4/2'),
(30304, 0, 'Saige', 'Huang', 1, 27500, '2017/8/22')
;
INSERT INTO INSTRUCTOR(empl_id) VALUES
(10101),
(10102),
(10103),
(10104),
(10201),
(10202),
(10301),
(10302),
(20101),
(20102),
(20103),
(20201),
(20202),
(20203),
(20204),
(30101),
(30201),
(30202),
(30301),
(30302),
(30303),
(30304)
;
