INSERT INTO STUDENT(stud_id, stud_fname, stud_lname, stud_birth_date, stud_sex, stud_reg_date, stud_gpa, stud_email, stud_number) VALUES 
(22010301, 'Landyn', 'Lewis', '2004/12/15', 0, '2022/3/5', 3.90, 'Landyn.Lewis@etu.edu.tr', '05540854389'),
(20020101, 'Andre', 'Giles', '1999/10/13', 0, '2020/7/24', 1.64, 'Andre.Giles@etu.edu.tr', '05485239251'),
(19020301, 'Eli', 'Fritz', '2000/12/4', 0, '2019/7/3', 3.02, 'Eli.Fritz@etu.edu.tr', '05536316830'),
(20010101, 'Cristopher', 'Bond', '2002/4/5', 0, '2020/4/23', 0.03, 'Cristopher.Bond@etu.edu.tr', '05956537718'),
(22020201, 'Alvaro', 'Farrell', '2004/10/20', 0, '2022/2/7', 2.47, 'Alvaro.Farrell@etu.edu.tr', '05701775731'),
(19020101, 'Dominic', 'Soto', '1997/2/12', 0, '2019/6/23', 0.30, 'Dominic.Soto@etu.edu.tr', '05008550586'),
(19030101, 'Ishaan', 'Washington', '2001/9/16', 0, '2019/9/4', 0.59, 'Ishaan.Washington@etu.edu.tr', '05025987512'),
(22030201, 'Agustin', 'Krueger', '2003/11/4', 0, '2022/6/22', 3.97, 'Agustin.Krueger@etu.edu.tr', '05839459196'),
(21030301, 'Sawyer', 'David', '2003/10/8', 0, '2021/1/5', 0.28, 'Sawyer.David@etu.edu.tr', '05428714085'),
(21010201, 'Tatiana', 'Davenport', '2003/11/16', 1, '2021/8/24', 0.46, 'Tatiana.Davenport@etu.edu.tr', '05739789288'),
(18010101, 'Zechariah', 'Wolfe', '1997/1/19', 0, '2018/1/2', 1.96, 'Zechariah.Wolfe@etu.edu.tr', '05213985054'),
(22030202, 'Julien', 'Mooney', '2002/2/13', 0, '2022/8/28', 3.05, 'Julien.Mooney@etu.edu.tr', '05355296514'),
(22030101, 'Lizbeth', 'Rubio', '2000/2/13', 1, '2022/9/9', 3.57, 'Lizbeth.Rubio@etu.edu.tr', '05616872558'),
(18010102, 'Carolina', 'Mccormick', '1997/5/9', 1, '2018/9/15', 0.51, 'Carolina.Mccormick@etu.edu.tr', '05374347541'),
(21010301, 'Malia', 'Knapp', '2002/2/26', 1, '2021/8/27', 0.07, 'Malia.Knapp@etu.edu.tr', '05773281231'),
(20020201, 'Drew', 'Lowe', '2002/1/26', 0, '2020/1/21', 3.21, 'Drew.Lowe@etu.edu.tr', '05237314669'),
(22030102, 'Litzy', 'Oneill', '2001/7/3', 1, '2022/3/7', 0.49, 'Litzy.Oneill@etu.edu.tr', '05437195546'),
(22020301, 'Jordan', 'Barker', '2004/3/19', 0, '2022/9/1', 2.60, 'Jordan.Barker@etu.edu.tr', '05897348548'),
(21010101, 'Finnegan', 'Mann', '2003/7/4', 0, '2021/5/15', 0.86, 'Finnegan.Mann@etu.edu.tr', '05454921083'),
(20020102, 'Kymani', 'Galvan', '1999/8/14', 0, '2020/2/2', 0.50, 'Kymani.Galvan@etu.edu.tr', '05990724539'),
(18010201, 'Alessandra', 'Carroll', '1998/12/16', 1, '2018/4/20', 0.77, 'Alessandra.Carroll@etu.edu.tr', '05907939866'),
(19020302, 'Dillan', 'Ortega', '1998/3/25', 0, '2019/3/20', 3.37, 'Dillan.Ortega@etu.edu.tr', '05777179830'),
(22020202, 'Tyree', 'Nielsen', '2003/10/20', 0, '2022/6/24', 0.01, 'Tyree.Nielsen@etu.edu.tr', '05596313348'),
(20020202, 'Dante', 'Flowers', '2000/11/3', 0, '2020/1/6', 3.86, 'Dante.Flowers@etu.edu.tr', '05388438850'),
(20020301, 'Waylon', 'Chase', '1999/8/12', 0, '2020/6/22', 2.73, 'Waylon.Chase@etu.edu.tr', '05531738834'),
(21010302, 'Vicente', 'Navarro', '2002/6/21', 0, '2021/7/9', 2.61, 'Vicente.Navarro@etu.edu.tr', '05317133133'),
(20030201, 'Armani', 'Beard', '1999/4/2', 1, '2020/6/7', 0.17, 'Armani.Beard@etu.edu.tr', '05036450680'),
(21030302, 'Janae', 'Lucero', '2002/2/23', 1, '2021/5/25', 1.92, 'Janae.Lucero@etu.edu.tr', '05255024433'),
(22010302, 'Clay', 'Tucker', '2004/12/9', 0, '2022/2/6', 2.81, 'Clay.Tucker@etu.edu.tr', '05312428618'),
(18030101, 'Damion', 'Ruiz', '1997/9/2', 0, '2018/4/17', 1.55, 'Damion.Ruiz@etu.edu.tr', '05880016629'),
(22030103, 'Braxton', 'Montoya', '2001/10/1', 0, '2022/6/2', 3.08, 'Braxton.Montoya@etu.edu.tr', '05281722703'),
(20010201, 'Aron', 'Dixon', '2000/2/17', 0, '2020/2/9', 3.40, 'Aron.Dixon@etu.edu.tr', '05299763661'),
(19010101, 'Alisa', 'Baldwin', '2000/11/19', 1, '2019/2/17', 0.10, 'Alisa.Baldwin@etu.edu.tr', '05969679412'),
(19010201, 'Frederick', 'Abbott', '2000/5/10', 0, '2019/4/3', 1.63, 'Frederick.Abbott@etu.edu.tr', '05654224734'),
(18030301, 'Tatum', 'Lutz', '2000/10/28', 1, '2018/6/8', 3.81, 'Tatum.Lutz@etu.edu.tr', '05235337757'),
(20020103, 'Leanna', 'Turner', '2001/9/11', 1, '2020/6/27', 0.41, 'Leanna.Turner@etu.edu.tr', '05565189494'),
(18020301, 'Carleigh', 'Park', '1998/12/9', 1, '2018/7/20', 1.49, 'Carleigh.Park@etu.edu.tr', '05889915785'),
(21010102, 'Ashlyn', 'Cline', '2002/4/25', 1, '2021/3/8', 0.49, 'Ashlyn.Cline@etu.edu.tr', '05960102936'),
(20020203, 'Diamond', 'Caldwell', '1998/6/23', 1, '2020/5/9', 3.74, 'Diamond.Caldwell@etu.edu.tr', '05317743641'),
(19030201, 'Aaliyah', 'Owen', '1997/9/25', 1, '2019/9/9', 3.01, 'Aaliyah.Owen@etu.edu.tr', '05779472662'),
(22030203, 'Miley', 'Sexton', '2002/1/7', 1, '2022/3/13', 3.44, 'Miley.Sexton@etu.edu.tr', '05579164354'),
(18030302, 'Heidi', 'Ferrell', '1999/12/13', 1, '2018/2/12', 2.07, 'Heidi.Ferrell@etu.edu.tr', '05111430867'),
(21030101, 'Sadie', 'Huff', '2003/10/5', 1, '2021/3/22', 2.05, 'Sadie.Huff@etu.edu.tr', '05296031691'),
(19030301, 'Javion', 'Tapia', '2000/8/13', 0, '2019/8/19', 3.02, 'Javion.Tapia@etu.edu.tr', '05917112021'),
(21020201, 'Erin', 'Henderson', '1999/11/26', 1, '2021/4/1', 3.32, 'Erin.Henderson@etu.edu.tr', '05530342151'),
(22030301, 'Karly', 'Peck', '2000/2/7', 1, '2022/2/1', 0.81, 'Karly.Peck@etu.edu.tr', '05727627710'),
(21030303, 'Liana', 'Prince', '2003/4/18', 1, '2021/7/4', 2.94, 'Liana.Prince@etu.edu.tr', '05251247435'),
(21030102, 'Cindy', 'Arroyo', '1999/1/1', 1, '2021/2/15', 3.31, 'Cindy.Arroyo@etu.edu.tr', '05416918021'),
(18010202, 'Mohammed', 'Mullins', '1999/3/21', 0, '2018/9/4', 2.81, 'Mohammed.Mullins@etu.edu.tr', '05386734568'),
(18020302, 'Anaya', 'Mason', '1998/7/8', 1, '2018/7/14', 2.69, 'Anaya.Mason@etu.edu.tr', '05627517859'),
(21030304, 'Gianna', 'Lloyd', '2000/12/27', 1, '2021/5/9', 1.90, 'Gianna.Lloyd@etu.edu.tr', '05801732823'),
(20020204, 'Conner', 'Woodward', '2001/9/23', 0, '2020/1/18', 2.19, 'Conner.Woodward@etu.edu.tr', '05305398051'),
(21010103, 'Kiara', 'Fisher', '2001/1/16', 1, '2021/6/4', 0.64, 'Kiara.Fisher@etu.edu.tr', '05474725363'),
(19030102, 'Nathaniel', 'Acosta', '1999/4/17', 0, '2019/4/10', 2.87, 'Nathaniel.Acosta@etu.edu.tr', '05406289108'),
(22010101, 'Lilly', 'Bray', '2003/7/7', 1, '2022/5/6', 3.71, 'Lilly.Bray@etu.edu.tr', '05644451344'),
(20030301, 'Cristofer', 'Barry', '2001/10/18', 0, '2020/1/20', 1.94, 'Cristofer.Barry@etu.edu.tr', '05146767305'),
(21030103, 'Makena', 'Chang', '2000/2/22', 1, '2021/9/2', 0.06, 'Makena.Chang@etu.edu.tr', '05929208559'),
(19020201, 'Paxton', 'Simpson', '2000/7/6', 0, '2019/7/20', 0.07, 'Paxton.Simpson@etu.edu.tr', '05625025970'),
(19010202, 'Hezekiah', 'Harmon', '1998/4/10', 0, '2019/8/2', 1.79, 'Hezekiah.Harmon@etu.edu.tr', '05295535334'),
(20020302, 'Francesca', 'Thompson', '1999/3/24', 1, '2020/2/20', 0.89, 'Francesca.Thompson@etu.edu.tr', '05721219920'),
(19030103, 'Laura', 'Rose', '1997/7/27', 1, '2019/3/20', 2.49, 'Laura.Rose@etu.edu.tr', '05338602457'),
(22020101, 'Deven', 'Curry', '2003/1/22', 0, '2022/7/5', 2.55, 'Deven.Curry@etu.edu.tr', '05452843382'),
(21030305, 'Mariam', 'Adams', '2001/12/14', 1, '2021/5/22', 2.56, 'Mariam.Adams@etu.edu.tr', '05035788743'),
(22030204, 'Jesse', 'Leon', '2000/6/15', 0, '2022/6/25', 2.35, 'Jesse.Leon@etu.edu.tr', '05973712038'),
(21010104, 'Albert', 'Moss', '1999/11/18', 0, '2021/3/25', 0.13, 'Albert.Moss@etu.edu.tr', '05892980606'),
(22010201, 'Kayla', 'Ballard', '2001/11/4', 1, '2022/8/2', 1.86, 'Kayla.Ballard@etu.edu.tr', '05365461916'),
(21030306, 'Alice', 'Solomon', '2002/7/8', 1, '2021/1/26', 2.12, 'Alice.Solomon@etu.edu.tr', '05690471210'),
(18010203, 'Genesis', 'Kirby', '2000/1/23', 1, '2018/8/1', 2.40, 'Genesis.Kirby@etu.edu.tr', '05565469192'),
(20030101, 'Vincent', 'Weaver', '1999/1/23', 0, '2020/2/9', 3.15, 'Vincent.Weaver@etu.edu.tr', '05583729419'),
(21030307, 'Cynthia', 'Cooley', '2000/10/3', 1, '2021/1/22', 0.17, 'Cynthia.Cooley@etu.edu.tr', '05699235683'),
(18030303, 'Yoselin', 'Kent', '1997/10/16', 1, '2018/2/22', 0.00, 'Yoselin.Kent@etu.edu.tr', '05810126208'),
(18030201, 'Iyana', 'Gibbs', '1998/5/23', 1, '2018/4/26', 2.65, 'Iyana.Gibbs@etu.edu.tr', '05019699905'),
(20030202, 'Lyla', 'Wise', '2002/9/28', 1, '2020/4/2', 3.56, 'Lyla.Wise@etu.edu.tr', '05643664564'),
(20020205, 'Naima', 'Salas', '1998/7/19', 1, '2020/4/8', 2.94, 'Naima.Salas@etu.edu.tr', '05612600981'),
(18020303, 'Autumn', 'Schmitt', '2000/10/13', 1, '2018/1/14', 1.34, 'Autumn.Schmitt@etu.edu.tr', '05402062716'),
(21030308, 'Gael', 'Mahoney', '2001/8/6', 0, '2021/7/26', 3.58, 'Gael.Mahoney@etu.edu.tr', '05192868068'),
(20020206, 'Diego', 'Forbes', '2002/3/20', 0, '2020/4/5', 1.52, 'Diego.Forbes@etu.edu.tr', '05185124211'),
(18010103, 'Jaylah', 'Bates', '1999/12/8', 1, '2018/8/8', 1.10, 'Jaylah.Bates@etu.edu.tr', '05708752169'),
(18010104, 'Joaquin', 'Montes', '1997/4/13', 0, '2018/1/28', 2.24, 'Joaquin.Montes@etu.edu.tr', '05451830157'),
(20010301, 'Amiah', 'Warren', '2002/7/25', 1, '2020/2/6', 3.78, 'Amiah.Warren@etu.edu.tr', '05181923097'),
(22030302, 'Norah', 'Palmer', '2001/9/3', 1, '2022/6/10', 2.57, 'Norah.Palmer@etu.edu.tr', '05043724592'),
(19020202, 'Ayaan', 'Poole', '1997/12/21', 0, '2019/5/8', 1.20, 'Ayaan.Poole@etu.edu.tr', '05180641711'),
(20020303, 'Joe', 'Herring', '2001/5/14', 0, '2020/4/24', 3.73, 'Joe.Herring@etu.edu.tr', '05170034098'),
(22020302, 'Nelson', 'Pierce', '2000/10/4', 0, '2022/3/10', 2.56, 'Nelson.Pierce@etu.edu.tr', '05982036738'),
(22010303, 'Eliana', 'Solis', '2001/8/10', 1, '2022/6/5', 2.73, 'Eliana.Solis@etu.edu.tr', '05032287148'),
(22020203, 'Riley', 'Mccarty', '2002/6/13', 1, '2022/3/25', 0.07, 'Riley.Mccarty@etu.edu.tr', '05179969762'),
(20030203, 'Diana', 'Howell', '2001/8/24', 1, '2020/6/8', 0.39, 'Diana.Howell@etu.edu.tr', '05174474884'),
(19010301, 'Jorden', 'Mcclain', '1998/2/9', 0, '2019/6/26', 1.74, 'Jorden.Mcclain@etu.edu.tr', '05065144848'),
(22020102, 'Omar', 'Wells', '2001/10/8', 0, '2022/7/17', 0.93, 'Omar.Wells@etu.edu.tr', '05098027555'),
(19010203, 'Helena', 'Horn', '2000/6/5', 1, '2019/3/2', 3.35, 'Helena.Horn@etu.edu.tr', '05739286690'),
(21010105, 'Zara', 'Walsh', '1999/8/1', 1, '2021/9/14', 2.19, 'Zara.Walsh@etu.edu.tr', '05468501586'),
(21020101, 'Chloe', 'Trujillo', '2003/3/15', 1, '2021/1/25', 3.30, 'Chloe.Trujillo@etu.edu.tr', '05929349869'),
(19020102, 'Melina', 'Madden', '1999/1/3', 1, '2019/4/5', 3.28, 'Melina.Madden@etu.edu.tr', '05441071014'),
(19020303, 'Zackery', 'Rivas', '1997/10/1', 0, '2019/9/3', 3.33, 'Zackery.Rivas@etu.edu.tr', '05340103571'),
(19020304, 'Deacon', 'Cannon', '2000/9/8', 0, '2019/3/17', 2.89, 'Deacon.Cannon@etu.edu.tr', '05559189045'),
(18020101, 'Miles', 'Drake', '1998/10/24', 0, '2018/9/12', 0.75, 'Miles.Drake@etu.edu.tr', '05189945342'),
(20020304, 'Blaine', 'Salinas', '1999/11/1', 0, '2020/2/19', 3.73, 'Blaine.Salinas@etu.edu.tr', '05203126257'),
(20010102, 'Macey', 'Moore', '2000/4/16', 1, '2020/8/12', 2.54, 'Macey.Moore@etu.edu.tr', '05192615634'),
(19010102, 'Giuliana', 'Christian', '1998/10/12', 1, '2019/9/27', 3.92, 'Giuliana.Christian@etu.edu.tr', '05813293575'),
(21010106, 'Aleena', 'Andrews', '2000/7/20', 1, '2021/5/19', 3.20, 'Aleena.Andrews@etu.edu.tr', '05948768540'),
(21020202, 'Hunter', 'Greer', '2000/12/4', 0, '2021/6/13', 1.56, 'Hunter.Greer@etu.edu.tr', '05019418651'),
(20010302, 'Aldo', 'Weiss', '2000/5/3', 0, '2020/6/4', 3.61, 'Aldo.Weiss@etu.edu.tr', '05434301512'),
(19010103, 'Britney', 'Marsh', '1997/2/2', 1, '2019/7/19', 2.48, 'Britney.Marsh@etu.edu.tr', '05014835166'),
(19030202, 'Jason', 'Cabrera', '1997/9/6', 0, '2019/4/23', 1.59, 'Jason.Cabrera@etu.edu.tr', '05514403624'),
(22020303, 'Saniya', 'Price', '2004/11/25', 1, '2022/8/20', 0.77, 'Saniya.Price@etu.edu.tr', '05433353546'),
(18010301, 'Aydin', 'Gonzalez', '1997/6/17', 0, '2018/1/10', 0.64, 'Aydin.Gonzalez@etu.edu.tr', '05900162282'),
(21020102, 'Darius', 'Berg', '2002/8/7', 0, '2021/1/12', 3.63, 'Darius.Berg@etu.edu.tr', '05398635347'),
(20020305, 'Marley', 'Nunez', '1999/12/23', 0, '2020/2/27', 3.12, 'Marley.Nunez@etu.edu.tr', '05567312742'),
(19020203, 'Sylvia', 'Walker', '1999/9/10', 1, '2019/7/16', 2.96, 'Sylvia.Walker@etu.edu.tr', '05055839933'),
(21030104, 'Terry', 'Leach', '2001/4/4', 0, '2021/7/12', 3.01, 'Terry.Leach@etu.edu.tr', '05154087184'),
(19010204, 'Tristan', 'Herman', '1997/10/2', 0, '2019/3/23', 0.46, 'Tristan.Herman@etu.edu.tr', '05116833424'),
(21030309, 'Braeden', 'Erickson', '2003/8/9', 0, '2021/3/6', 1.77, 'Braeden.Erickson@etu.edu.tr', '05926632809'),
(18030304, 'Kaya', 'Shannon', '1997/4/12', 1, '2018/2/1', 1.79, 'Kaya.Shannon@etu.edu.tr', '05856302602'),
(20010103, 'Sophia', 'Wong', '1999/10/16', 1, '2020/7/27', 2.23, 'Sophia.Wong@etu.edu.tr', '05820627896'),
(22010304, 'Gage', 'Burns', '2001/3/18', 0, '2022/5/15', 3.59, 'Gage.Burns@etu.edu.tr', '05613464841'),
(19030203, 'Averie', 'Stokes', '1997/11/17', 1, '2019/8/25', 2.96, 'Averie.Stokes@etu.edu.tr', '05547631208'),
(21010202, 'Brynlee', 'Jordan', '2002/7/14', 1, '2021/6/9', 3.76, 'Brynlee.Jordan@etu.edu.tr', '05787661056'),
(19020204, 'Tyler', 'Fowler', '1998/11/25', 0, '2019/9/12', 1.87, 'Tyler.Fowler@etu.edu.tr', '05274340063'),
(18020304, 'Ronan', 'Brewer', '1998/2/3', 0, '2018/1/21', 1.78, 'Ronan.Brewer@etu.edu.tr', '05647231913'),
(22020304, 'Gauge', 'Dudley', '2004/6/13', 0, '2022/7/26', 2.43, 'Gauge.Dudley@etu.edu.tr', '05994464620'),
(22030205, 'Amber', 'Frazier', '2004/8/27', 1, '2022/7/5', 0.98, 'Amber.Frazier@etu.edu.tr', '05435424456'),
(20030204, 'London', 'Floyd', '1998/1/28', 1, '2020/9/23', 0.68, 'London.Floyd@etu.edu.tr', '05801119989'),
(19030302, 'Callum', 'Costa', '1997/12/1', 0, '2019/6/17', 1.00, 'Callum.Costa@etu.edu.tr', '05285182347'),
(22020103, 'Nasir', 'Mejia', '2001/3/24', 0, '2022/2/22', 2.59, 'Nasir.Mejia@etu.edu.tr', '05983001465'),
(19010104, 'Lilyana', 'Terrell', '1998/5/6', 1, '2019/6/11', 0.31, 'Lilyana.Terrell@etu.edu.tr', '05100690393'),
(22030206, 'Melissa', 'Lyons', '2004/10/22', 1, '2022/6/11', 2.32, 'Melissa.Lyons@etu.edu.tr', '05971005614'),
(18010204, 'Kenya', 'Bryant', '1998/1/9', 1, '2018/8/17', 1.40, 'Kenya.Bryant@etu.edu.tr', '05543606613'),
(22010202, 'Ada', 'Miranda', '2003/9/26', 1, '2022/1/28', 0.91, 'Ada.Miranda@etu.edu.tr', '05974332716'),
(19020205, 'Kimora', 'Goodwin', '1998/4/4', 1, '2019/9/10', 0.78, 'Kimora.Goodwin@etu.edu.tr', '05311162623'),
(22010203, 'Addison', 'Owens', '2001/9/9', 0, '2022/2/8', 1.49, 'Addison.Owens@etu.edu.tr', '05987246251'),
(21010303, 'Zachery', 'Oconnell', '2000/6/20', 0, '2021/4/2', 0.20, 'Zachery.Oconnell@etu.edu.tr', '05632158426'),
(20030102, 'Aidan', 'Newman', '1998/11/9', 0, '2020/7/9', 1.98, 'Aidan.Newman@etu.edu.tr', '05305936817'),
(19010205, 'Raina', 'Potts', '1998/2/8', 1, '2019/2/27', 0.78, 'Raina.Potts@etu.edu.tr', '05840271699'),
(22010204, 'Odin', 'Mosley', '2002/1/27', 0, '2022/7/12', 3.45, 'Odin.Mosley@etu.edu.tr', '05520889680'),
(18020305, 'Kyler', 'Williams', '1999/10/21', 0, '2018/6/21', 1.81, 'Kyler.Williams@etu.edu.tr', '05034843734'),
(20030302, 'Beau', 'Dougherty', '2002/2/15', 0, '2020/8/8', 3.64, 'Beau.Dougherty@etu.edu.tr', '05364144146'),
(21010304, 'Angela', 'Brandt', '2000/2/16', 1, '2021/4/2', 3.68, 'Angela.Brandt@etu.edu.tr', '05123362818'),
(19030104, 'Khloe', 'Lopez', '2001/3/22', 1, '2019/6/2', 0.44, 'Khloe.Lopez@etu.edu.tr', '05224019333'),
(19030204, 'Rylan', 'Andrade', '2000/3/24', 0, '2019/3/24', 0.01, 'Rylan.Andrade@etu.edu.tr', '05529276365'),
(21020203, 'Ethen', 'Gaines', '2001/11/19', 0, '2021/5/2', 1.72, 'Ethen.Gaines@etu.edu.tr', '05175539026'),
(22020104, 'Sarahi', 'Morse', '2004/3/26', 1, '2022/4/26', 2.82, 'Sarahi.Morse@etu.edu.tr', '05572760481'),
(20030205, 'Savanah', 'Mcdonald', '2000/9/2', 1, '2020/5/26', 2.83, 'Savanah.Mcdonald@etu.edu.tr', '05690243107'),
(18030202, 'Faith', 'Norman', '1998/10/21', 1, '2018/9/4', 2.33, 'Faith.Norman@etu.edu.tr', '05665831874'),
(20010202, 'Mathias', 'Morton', '2002/4/26', 0, '2020/8/8', 0.63, 'Mathias.Morton@etu.edu.tr', '05526901138'),
(21030310, 'Iliana', 'Garcia', '2000/6/6', 1, '2021/3/15', 0.96, 'Iliana.Garcia@etu.edu.tr', '05625626749'),
(21030201, 'Nyasia', 'Hanna', '2000/8/13', 1, '2021/8/7', 1.16, 'Nyasia.Hanna@etu.edu.tr', '05841856291'),
(21020103, 'Rashad', 'Butler', '2001/1/2', 0, '2021/1/3', 0.10, 'Rashad.Butler@etu.edu.tr', '05919992144'),
(19020206, 'Carmelo', 'Branch', '1999/8/5', 0, '2019/4/3', 1.36, 'Carmelo.Branch@etu.edu.tr', '05491252499'),
(21010203, 'Blaze', 'Crosby', '1999/9/3', 0, '2021/2/15', 0.17, 'Blaze.Crosby@etu.edu.tr', '05818007813'),
(19020305, 'Jazmin', 'Kennedy', '1997/9/20', 1, '2019/8/6', 0.10, 'Jazmin.Kennedy@etu.edu.tr', '05516675134'),
(18030102, 'Bridget', 'Hays', '1998/11/10', 1, '2018/8/17', 1.13, 'Bridget.Hays@etu.edu.tr', '05972119289'),
(18010302, 'Andrea', 'Gordon', '2000/8/9', 1, '2018/1/17', 1.78, 'Andrea.Gordon@etu.edu.tr', '05242705360'),
(19020306, 'Shawn', 'Stanley', '2001/7/7', 0, '2019/3/14', 3.05, 'Shawn.Stanley@etu.edu.tr', '05068128355'),
(22020105, 'Karla', 'Hoffman', '2004/8/3', 1, '2022/6/12', 3.12, 'Karla.Hoffman@etu.edu.tr', '05730763829'),
(18010303, 'Carlee', 'Nelson', '1996/10/11', 1, '2018/2/28', 2.06, 'Carlee.Nelson@etu.edu.tr', '05633162230'),
(21010204, 'Abril', 'Wright', '2001/12/27', 1, '2021/5/27', 0.07, 'Abril.Wright@etu.edu.tr', '05577460144'),
(20030303, 'Abbigail', 'Kelly', '1999/11/27', 1, '2020/6/23', 0.73, 'Abbigail.Kelly@etu.edu.tr', '05148951390'),
(22010102, 'Colten', 'Blair', '2002/11/2', 0, '2022/7/13', 3.39, 'Colten.Blair@etu.edu.tr', '05751210024'),
(20020207, 'Natalee', 'Molina', '2002/10/12', 1, '2020/8/10', 3.73, 'Natalee.Molina@etu.edu.tr', '05851543958'),
(20020208, 'Alexandria', 'Alvarez', '2001/1/18', 1, '2020/5/10', 1.00, 'Alexandria.Alvarez@etu.edu.tr', '05644485704'),
(19020103, 'Jalen', 'Higgins', '1998/10/21', 0, '2019/9/20', 1.66, 'Jalen.Higgins@etu.edu.tr', '05068859234'),
(19030105, 'Jaylin', 'Hensley', '2001/3/2', 0, '2019/4/23', 1.31, 'Jaylin.Hensley@etu.edu.tr', '05077594448'),
(20010303, 'Brenna', 'Swanson', '2000/3/28', 1, '2020/4/27', 3.61, 'Brenna.Swanson@etu.edu.tr', '05953778939'),
(22030303, 'Logan', 'Mccall', '2000/3/17', 1, '2022/3/28', 0.03, 'Logan.Mccall@etu.edu.tr', '05815049162'),
(18030103, 'Cory', 'Simmons', '1997/1/26', 0, '2018/2/14', 2.43, 'Cory.Simmons@etu.edu.tr', '05553154541'),
(20020306, 'Annabelle', 'Mckay', '2000/1/1', 1, '2020/4/1', 2.08, 'Annabelle.Mckay@etu.edu.tr', '05316323878'),
(19010206, 'Kristen', 'Rowland', '2000/4/27', 1, '2019/8/5', 2.43, 'Kristen.Rowland@etu.edu.tr', '05744680671'),
(21020104, 'Yamilet', 'Cowan', '2003/2/8', 1, '2021/5/21', 1.80, 'Yamilet.Cowan@etu.edu.tr', '05800159769'),
(20020209, 'Yandel', 'Sellers', '1998/8/4', 0, '2020/4/28', 3.23, 'Yandel.Sellers@etu.edu.tr', '05249945816'),
(19010105, 'Samson', 'Pollard', '1998/12/14', 0, '2019/2/23', 2.45, 'Samson.Pollard@etu.edu.tr', '05965828548'),
(20030304, 'Glenn', 'Waters', '2000/5/7', 0, '2020/3/20', 1.92, 'Glenn.Waters@etu.edu.tr', '05985536119'),
(22020204, 'Braylon', 'Key', '2001/3/9', 0, '2022/2/5', 2.57, 'Braylon.Key@etu.edu.tr', '05374211487'),
(20030305, 'Isis', 'Johnston', '2002/11/25', 1, '2020/7/11', 2.24, 'Isis.Johnston@etu.edu.tr', '05768602218'),
(19030205, 'Evan', 'Fox', '1998/4/13', 0, '2019/1/9', 3.48, 'Evan.Fox@etu.edu.tr', '05058082362'),
(22010103, 'Kailee', 'Rodgers', '2002/9/9', 1, '2022/3/5', 3.98, 'Kailee.Rodgers@etu.edu.tr', '05168296064'),
(19010207, 'Neveah', 'Lawrence', '2000/6/19', 1, '2019/8/24', 2.23, 'Neveah.Lawrence@etu.edu.tr', '05786964009'),
(18010205, 'Cortez', 'Kelley', '2000/6/25', 0, '2018/1/1', 2.22, 'Cortez.Kelley@etu.edu.tr', '05587191415'),
(20020104, 'Irvin', 'Marks', '1998/7/27', 0, '2020/1/13', 2.06, 'Irvin.Marks@etu.edu.tr', '05270234390'),
(20020210, 'August', 'Vaughn', '1999/8/8', 0, '2020/4/7', 0.87, 'August.Vaughn@etu.edu.tr', '05647382920'),
(18020102, 'Adrian', 'Dean', '2000/2/28', 0, '2018/9/3', 3.25, 'Adrian.Dean@etu.edu.tr', '05352844208'),
(18010206, 'Breanna', 'Brock', '1996/8/12', 1, '2018/7/18', 1.19, 'Breanna.Brock@etu.edu.tr', '05513515524'),
(22010305, 'Maeve', 'Bradley', '2002/1/13', 1, '2022/8/19', 0.73, 'Maeve.Bradley@etu.edu.tr', '05837715279'),
(18020103, 'Maleah', 'Guerrero', '1999/6/5', 1, '2018/1/3', 0.32, 'Maleah.Guerrero@etu.edu.tr', '05594238941'),
(20010304, 'Neil', 'Vang', '2002/4/14', 0, '2020/5/18', 0.64, 'Neil.Vang@etu.edu.tr', '05437272222'),
(22020305, 'Alani', 'Sanford', '2002/2/15', 1, '2022/5/25', 1.94, 'Alani.Sanford@etu.edu.tr', '05872872342'),
(18030104, 'Cherish', 'Quinn', '1999/3/16', 1, '2018/9/3', 2.35, 'Cherish.Quinn@etu.edu.tr', '05695517371'),
(18030305, 'Ralph', 'Heath', '1999/9/26', 0, '2018/4/24', 0.05, 'Ralph.Heath@etu.edu.tr', '05579613242'),
(19010106, 'Isai', 'Massey', '1999/5/17', 0, '2019/7/22', 1.16, 'Isai.Massey@etu.edu.tr', '05193358683'),
(22030304, 'Nash', 'Ball', '2001/10/14', 0, '2022/8/19', 3.94, 'Nash.Ball@etu.edu.tr', '05768905328'),
(20010104, 'Bryce', 'Frank', '1999/10/13', 0, '2020/4/25', 0.77, 'Bryce.Frank@etu.edu.tr', '05304816825'),
(19010208, 'Rosemary', 'Foley', '1998/4/23', 1, '2019/5/23', 0.93, 'Rosemary.Foley@etu.edu.tr', '05931992986'),
(18030105, 'Cassidy', 'Bowman', '2000/4/10', 1, '2018/2/18', 3.60, 'Cassidy.Bowman@etu.edu.tr', '05181972752'),
(22010104, 'Jared', 'York', '2003/5/2', 0, '2022/4/7', 2.73, 'Jared.York@etu.edu.tr', '05493076595'),
(22030207, 'Darren', 'Fleming', '2002/10/5', 0, '2022/2/21', 0.69, 'Darren.Fleming@etu.edu.tr', '05542620237'),
(21010305, 'Trent', 'Armstrong', '2002/5/8', 0, '2021/5/16', 1.27, 'Trent.Armstrong@etu.edu.tr', '05529786987'),
(22030305, 'Jaquan', 'Sheppard', '2000/6/23', 0, '2022/4/18', 2.47, 'Jaquan.Sheppard@etu.edu.tr', '05047822537'),
(22020205, 'Martin', 'Long', '2004/11/25', 0, '2022/2/17', 3.47, 'Martin.Long@etu.edu.tr', '05247473745'),
(20010203, 'Kennedi', 'Paul', '2000/7/23', 1, '2020/6/25', 0.52, 'Kennedi.Paul@etu.edu.tr', '05395392790'),
(20010305, 'Jameson', 'Roberts', '2001/12/1', 0, '2020/6/3', 1.08, 'Jameson.Roberts@etu.edu.tr', '05657096894'),
(19010302, 'Aspen', 'Espinoza', '1999/3/7', 1, '2019/7/2', 1.49, 'Aspen.Espinoza@etu.edu.tr', '05491288550'),
(19020104, 'Larissa', 'Simon', '1997/3/23', 1, '2019/4/6', 3.06, 'Larissa.Simon@etu.edu.tr', '05022428778'),
(20020307, 'Tiana', 'Wagner', '1999/7/13', 1, '2020/9/5', 0.79, 'Tiana.Wagner@etu.edu.tr', '05324926121'),
(19030303, 'Hailey', 'Potter', '1998/4/20', 1, '2019/5/3', 0.76, 'Hailey.Potter@etu.edu.tr', '05479357369'),
(19010209, 'Jacquelyn', 'Benjamin', '1998/9/23', 1, '2019/1/15', 1.79, 'Jacquelyn.Benjamin@etu.edu.tr', '05602646923'),
(22030208, 'Abdiel', 'Choi', '2000/8/10', 0, '2022/6/5', 2.60, 'Abdiel.Choi@etu.edu.tr', '05107196124'),
(21010306, 'Jordyn', 'Bennett', '2002/5/24', 0, '2021/7/25', 1.23, 'Jordyn.Bennett@etu.edu.tr', '05996014836'),
(19030206, 'Mariah', 'Santiago', '2001/3/15', 1, '2019/4/4', 1.68, 'Mariah.Santiago@etu.edu.tr', '05845292465'),
(20030206, 'Karley', 'Rice', '2000/9/14', 1, '2020/3/4', 1.07, 'Karley.Rice@etu.edu.tr', '05754589225'),
(22030306, 'Athena', 'Walls', '2002/8/12', 1, '2022/6/19', 2.44, 'Athena.Walls@etu.edu.tr', '05390585811'),
(21030105, 'Yusuf', 'Nash', '2003/7/8', 0, '2021/4/3', 3.60, 'Yusuf.Nash@etu.edu.tr', '05851292896'),
(18010304, 'Dorian', 'Alvarado', '2000/11/3', 0, '2018/2/13', 1.13, 'Dorian.Alvarado@etu.edu.tr', '05741806613'),
(20010306, 'Louis', 'Zhang', '2001/7/15', 0, '2020/1/9', 0.33, 'Louis.Zhang@etu.edu.tr', '05991543103'),
(21020301, 'Alyssa', 'Shea', '2003/6/2', 1, '2021/2/24', 2.01, 'Alyssa.Shea@etu.edu.tr', '05373647553'),
(21030311, 'Cecilia', 'Pittman', '2000/8/10', 1, '2021/2/14', 2.84, 'Cecilia.Pittman@etu.edu.tr', '05571018974'),
(19030207, 'Courtney', 'Meyers', '1998/7/27', 1, '2019/3/12', 0.88, 'Courtney.Meyers@etu.edu.tr', '05742717648'),
(22030307, 'Brenda', 'Ellis', '2001/8/14', 1, '2022/3/12', 2.15, 'Brenda.Ellis@etu.edu.tr', '05890868670'),
(18010207, 'Ryker', 'Orr', '1997/12/11', 0, '2018/4/7', 3.71, 'Ryker.Orr@etu.edu.tr', '05921958904'),
(18010208, 'Wesley', 'Ayers', '1998/5/9', 0, '2018/7/7', 2.51, 'Wesley.Ayers@etu.edu.tr', '05234035481'),
(19010303, 'Skyler', 'Meyer', '2000/4/19', 1, '2019/8/20', 0.65, 'Skyler.Meyer@etu.edu.tr', '05113841690'),
(18010105, 'Rory', 'Livingston', '1998/2/21', 0, '2018/7/7', 0.66, 'Rory.Livingston@etu.edu.tr', '05102535827'),
(22030209, 'Desmond', 'Boone', '2001/7/11', 0, '2022/2/4', 0.08, 'Desmond.Boone@etu.edu.tr', '05501865692'),
(20010204, 'Josh', 'Zavala', '1999/10/23', 0, '2020/5/17', 1.81, 'Josh.Zavala@etu.edu.tr', '05616648701'),
(21010307, 'Nora', 'Schwartz', '2003/6/26', 1, '2021/9/11', 2.82, 'Nora.Schwartz@etu.edu.tr', '05842683679'),
(18030306, 'Claudia', 'Calhoun', '2000/6/7', 1, '2018/4/8', 3.92, 'Claudia.Calhoun@etu.edu.tr', '05057098337'),
(20030306, 'Bailee', 'Mcintosh', '2002/1/8', 1, '2020/8/8', 1.74, 'Bailee.Mcintosh@etu.edu.tr', '05957915371'),
(20010105, 'Tobias', 'Cole', '2002/1/6', 0, '2020/3/16', 1.82, 'Tobias.Cole@etu.edu.tr', '05210952331'),
(18020306, 'Zayden', 'Farmer', '1998/3/28', 0, '2018/5/28', 2.54, 'Zayden.Farmer@etu.edu.tr', '05475629384'),
(22010306, 'Devyn', 'Sparks', '2004/1/16', 0, '2022/8/2', 2.69, 'Devyn.Sparks@etu.edu.tr', '05407113681'),
(21020105, 'Charles', 'Savage', '1999/5/10', 0, '2021/2/2', 1.52, 'Charles.Savage@etu.edu.tr', '05464712072'),
(22010205, 'Lena', 'Holland', '2003/7/21', 1, '2022/2/22', 0.97, 'Lena.Holland@etu.edu.tr', '05008467884'),
(22020106, 'Blake', 'Roy', '2004/3/18', 0, '2022/6/8', 1.45, 'Blake.Roy@etu.edu.tr', '05999842760'),
(20020105, 'Mike', 'Hatfield', '2002/1/17', 0, '2020/3/23', 3.22, 'Mike.Hatfield@etu.edu.tr', '05280553480'),
(19020207, 'Zaiden', 'Richmond', '2001/12/14', 0, '2019/5/2', 1.15, 'Zaiden.Richmond@etu.edu.tr', '05962414250'),
(19010304, 'Ean', 'Goodman', '1999/12/21', 0, '2019/1/15', 2.72, 'Ean.Goodman@etu.edu.tr', '05358057773'),
(21010308, 'Antwan', 'Charles', '2001/9/27', 0, '2021/2/27', 1.75, 'Antwan.Charles@etu.edu.tr', '05765636622'),
(22030210, 'Kadyn', 'Allen', '2002/2/2', 0, '2022/7/3', 0.21, 'Kadyn.Allen@etu.edu.tr', '05645144150'),
(18020104, 'Emmy', 'Ferguson', '1999/11/8', 1, '2018/1/16', 3.72, 'Emmy.Ferguson@etu.edu.tr', '05669305742'),
(20030207, 'Gunner', 'Daniels', '2002/11/5', 0, '2020/4/23', 3.30, 'Gunner.Daniels@etu.edu.tr', '05315620583'),
(22020306, 'Maia', 'Blanchard', '2002/5/24', 1, '2022/7/21', 3.01, 'Maia.Blanchard@etu.edu.tr', '05638343782'),
(18030203, 'Kailey', 'Ware', '1996/11/2', 1, '2018/2/15', 0.69, 'Kailey.Ware@etu.edu.tr', '05444692646'),
(21010309, 'Molly', 'Huber', '2001/10/20', 1, '2021/6/6', 2.20, 'Molly.Huber@etu.edu.tr', '05624765963'),
(21030312, 'Valery', 'French', '2001/8/12', 1, '2021/8/3', 2.57, 'Valery.French@etu.edu.tr', '05931727296'),
(22030308, 'Madilynn', 'Kaufman', '2003/3/1', 1, '2022/9/21', 2.97, 'Madilynn.Kaufman@etu.edu.tr', '05028007654'),
(19020105, 'Alaina', 'Jacobson', '1999/6/8', 1, '2019/5/16', 1.37, 'Alaina.Jacobson@etu.edu.tr', '05863130955'),
(22010105, 'Jamari', 'Lane', '2001/9/19', 0, '2022/2/28', 1.06, 'Jamari.Lane@etu.edu.tr', '05315500211'),
(19020208, 'Jeramiah', 'Dodson', '1998/3/13', 0, '2019/2/1', 1.30, 'Jeramiah.Dodson@etu.edu.tr', '05578884673'),
(22010206, 'Moises', 'Ibarra', '2004/4/9', 0, '2022/5/19', 2.65, 'Moises.Ibarra@etu.edu.tr', '05885856550'),
(20010106, 'Annabella', 'Galloway', '1999/10/20', 1, '2020/4/18', 0.77, 'Annabella.Galloway@etu.edu.tr', '05205892644'),
(18020105, 'Yesenia', 'Mcmahon', '1999/8/19', 1, '2018/3/23', 2.53, 'Yesenia.Mcmahon@etu.edu.tr', '05358102825'),
(22010106, 'Anna', 'Raymond', '2003/12/9', 1, '2022/8/4', 0.65, 'Anna.Raymond@etu.edu.tr', '05910316380'),
(18030106, 'Nathalie', 'Whitehead', '1997/2/19', 1, '2018/3/4', 1.23, 'Nathalie.Whitehead@etu.edu.tr', '05511799038'),
(18030307, 'Raquel', 'Davis', '2000/12/27', 1, '2018/9/9', 0.61, 'Raquel.Davis@etu.edu.tr', '05435761877'),
(22030211, 'Humberto', 'Ayala', '2001/4/25', 0, '2022/7/9', 0.25, 'Humberto.Ayala@etu.edu.tr', '05250387539'),
(18010209, 'Arnav', 'Fields', '1998/4/7', 0, '2018/3/25', 2.00, 'Arnav.Fields@etu.edu.tr', '05604149703'),
(20030208, 'Josephine', 'Bender', '2000/11/5', 1, '2020/5/25', 3.40, 'Josephine.Bender@etu.edu.tr', '05790436550'),
(22010307, 'Amina', 'Norton', '2002/9/15', 1, '2022/7/8', 0.60, 'Amina.Norton@etu.edu.tr', '05450340764'),
(19010107, 'Barrett', 'Stevenson', '1998/4/8', 0, '2019/6/21', 0.34, 'Barrett.Stevenson@etu.edu.tr', '05856628312'),
(20020308, 'Alena', 'Whitney', '1999/3/1', 1, '2020/2/11', 1.88, 'Alena.Whitney@etu.edu.tr', '05236197974'),
(20020211, 'Edgar', 'Michael', '2001/1/4', 0, '2020/2/3', 2.34, 'Edgar.Michael@etu.edu.tr', '05392655634'),
(19010305, 'Gabriela', 'Gardner', '1999/11/17', 1, '2019/1/18', 3.13, 'Gabriela.Gardner@etu.edu.tr', '05590873714'),
(22020206, 'Darien', 'Johns', '2002/4/6', 0, '2022/2/5', 1.38, 'Darien.Johns@etu.edu.tr', '05723916693'),
(22010308, 'Luke', 'Valenzuela', '2000/5/12', 0, '2022/9/26', 1.63, 'Luke.Valenzuela@etu.edu.tr', '05378185908'),
(21030202, 'Alicia', 'Garrett', '2003/7/2', 1, '2021/5/3', 0.60, 'Alicia.Garrett@etu.edu.tr', '05731232541'),
(19030208, 'Harrison', 'Gillespie', '1999/8/7', 0, '2019/9/12', 1.47, 'Harrison.Gillespie@etu.edu.tr', '05755865296'),
(21010205, 'Hadassah', 'Harrington', '1999/5/11', 1, '2021/9/7', 2.16, 'Hadassah.Harrington@etu.edu.tr', '05491313235'),
(20030307, 'America', 'Wu', '2002/5/12', 1, '2020/8/19', 3.77, 'America.Wu@etu.edu.tr', '05358586926'),
(22010207, 'Charity', 'Hardin', '2004/2/8', 1, '2022/7/23', 0.98, 'Charity.Hardin@etu.edu.tr', '05731718533'),
(22030104, 'Irene', 'Barr', '2001/10/5', 1, '2022/9/15', 2.26, 'Irene.Barr@etu.edu.tr', '05121464615'),
(19030106, 'Esmeralda', 'Townsend', '1997/2/13', 1, '2019/3/17', 3.86, 'Esmeralda.Townsend@etu.edu.tr', '05195618628'),
(20010307, 'Aniya', 'Barnes', '1999/2/12', 1, '2020/4/26', 1.15, 'Aniya.Barnes@etu.edu.tr', '05024193793'),
(18020106, 'Antonio', 'Calderon', '2000/1/11', 0, '2018/7/5', 3.61, 'Antonio.Calderon@etu.edu.tr', '05210011516'),
(22030105, 'Nola', 'Knox', '2001/11/26', 1, '2022/6/4', 2.80, 'Nola.Knox@etu.edu.tr', '05032720456'),
(22020107, 'Holden', 'Reese', '2000/8/7', 0, '2022/8/1', 3.51, 'Holden.Reese@etu.edu.tr', '05390109468'),
(20030308, 'Noe', 'Finley', '2001/9/11', 0, '2020/7/17', 2.91, 'Noe.Finley@etu.edu.tr', '05978866967'),
(20020106, 'Kaelyn', 'Gallegos', '2002/3/2', 1, '2020/7/20', 3.64, 'Kaelyn.Gallegos@etu.edu.tr', '05652421448'),
(21010107, 'Azaria', 'Villarreal', '2003/12/17', 1, '2021/6/2', 0.57, 'Azaria.Villarreal@etu.edu.tr', '05962997978'),
(19030304, 'Teagan', 'Love', '2000/6/24', 0, '2019/5/5', 0.20, 'Teagan.Love@etu.edu.tr', '05588028539'),
(21020204, 'Giovanni', 'Pearson', '2000/8/12', 0, '2021/4/2', 3.90, 'Giovanni.Pearson@etu.edu.tr', '05001140056'),
(19030305, 'Landon', 'Ford', '2001/6/27', 0, '2019/6/20', 3.87, 'Landon.Ford@etu.edu.tr', '05162642772'),
(18020307, 'Steven', 'Richards', '1998/11/23', 0, '2018/6/26', 1.38, 'Steven.Richards@etu.edu.tr', '05945401999'),
(21010310, 'Reina', 'Mckinney', '2002/1/10', 1, '2021/4/23', 1.40, 'Reina.Mckinney@etu.edu.tr', '05527278052'),
(19010108, 'Yael', 'Mathews', '1998/11/8', 0, '2019/2/23', 1.34, 'Yael.Mathews@etu.edu.tr', '05150712991'),
(21010206, 'Freddy', 'Adkins', '1999/10/27', 0, '2021/8/19', 1.96, 'Freddy.Adkins@etu.edu.tr', '05686141174'),
(19030209, 'Alessandro', 'Kramer', '1998/10/4', 0, '2019/8/1', 1.20, 'Alessandro.Kramer@etu.edu.tr', '05048024402'),
(18010210, 'Braydon', 'Fuller', '1999/7/23', 0, '2018/5/15', 2.41, 'Braydon.Fuller@etu.edu.tr', '05954433512'),
(19010210, 'Jaylee', 'Hayes', '1999/11/8', 1, '2019/7/27', 3.33, 'Jaylee.Hayes@etu.edu.tr', '05178993497'),
(19030107, 'Araceli', 'Carr', '1999/3/19', 1, '2019/5/8', 0.49, 'Araceli.Carr@etu.edu.tr', '05414841640'),
(19020307, 'Makaila', 'Nguyen', '1997/3/18', 1, '2019/2/22', 3.06, 'Makaila.Nguyen@etu.edu.tr', '05051259280'),
(22030309, 'Lewis', 'Jarvis', '2002/4/15', 0, '2022/2/2', 3.54, 'Lewis.Jarvis@etu.edu.tr', '05143392223'),
(20030309, 'Evie', 'Padilla', '2002/12/22', 1, '2020/1/5', 1.73, 'Evie.Padilla@etu.edu.tr', '05155136264'),
(22030106, 'Eddie', 'Benitez', '2003/10/11', 0, '2022/9/18', 0.76, 'Eddie.Benitez@etu.edu.tr', '05122227066'),
(21010108, 'Dayanara', 'Ortiz', '2001/5/8', 1, '2021/8/22', 2.82, 'Dayanara.Ortiz@etu.edu.tr', '05191482120'),
(18020201, 'Ashton', 'Carrillo', '2000/12/5', 0, '2018/3/9', 2.09, 'Ashton.Carrillo@etu.edu.tr', '05751927797'),
(19020308, 'Zion', 'Cooper', '2000/1/25', 0, '2019/3/11', 3.13, 'Zion.Cooper@etu.edu.tr', '05430734140'),
(18030107, 'Skylar', 'Bullock', '2000/12/14', 0, '2018/6/12', 1.81, 'Skylar.Bullock@etu.edu.tr', '05408882009'),
(21020106, 'Brock', 'Hernandez', '2000/9/1', 0, '2021/6/8', 3.56, 'Brock.Hernandez@etu.edu.tr', '05886496524'),
(20030310, 'Deanna', 'Lynn', '2002/9/24', 1, '2020/8/12', 1.73, 'Deanna.Lynn@etu.edu.tr', '05440950864'),
(19020209, 'Jakobe', 'Barber', '1997/3/16', 0, '2019/3/6', 0.27, 'Jakobe.Barber@etu.edu.tr', '05615244763'),
(21020107, 'Monserrat', 'Marquez', '2002/1/12', 1, '2021/9/12', 2.25, 'Monserrat.Marquez@etu.edu.tr', '05992344851'),
(20020107, 'Cael', 'West', '1998/9/28', 0, '2020/3/1', 2.15, 'Cael.West@etu.edu.tr', '05088207958'),
(20020108, 'Amari', 'Rogers', '2002/7/25', 1, '2020/2/15', 1.68, 'Amari.Rogers@etu.edu.tr', '05301944759'),
(19020210, 'Caitlyn', 'Chan', '1999/11/11', 1, '2019/6/1', 0.61, 'Caitlyn.Chan@etu.edu.tr', '05821024263'),
(18010106, 'Deon', 'Murphy', '2000/4/22', 0, '2018/5/16', 0.18, 'Deon.Murphy@etu.edu.tr', '05676810058'),
(22030107, 'Cassie', 'Reilly', '2002/2/8', 1, '2022/1/16', 2.95, 'Cassie.Reilly@etu.edu.tr', '05988403948'),
(18010211, 'Jaydon', 'Russell', '1996/6/7', 0, '2018/1/6', 0.49, 'Jaydon.Russell@etu.edu.tr', '05095989894'),
(19010211, 'Dakota', 'Riley', '2001/5/22', 1, '2019/9/20', 2.97, 'Dakota.Riley@etu.edu.tr', '05081410720'),
(20010107, 'Nevaeh', 'Fitzgerald', '2001/9/9', 1, '2020/2/1', 0.65, 'Nevaeh.Fitzgerald@etu.edu.tr', '05008541081'),
(19010306, 'Sonny', 'Haney', '1999/11/25', 0, '2019/2/8', 0.75, 'Sonny.Haney@etu.edu.tr', '05066371538'),
(21020205, 'Maya', 'Braun', '2003/5/28', 1, '2021/3/3', 3.25, 'Maya.Braun@etu.edu.tr', '05684402137'),
(18030108, 'Dana', 'Rivera', '1999/7/19', 1, '2018/5/4', 3.39, 'Dana.Rivera@etu.edu.tr', '05371321658'),
(20020212, 'Eliezer', 'Ellison', '2000/3/8', 0, '2020/1/21', 0.36, 'Eliezer.Ellison@etu.edu.tr', '05650743621'),
(22020108, 'Jonas', 'Day', '2003/9/9', 0, '2022/2/5', 0.41, 'Jonas.Day@etu.edu.tr', '05903404449'),
(18020107, 'Johnny', 'Grimes', '2000/9/19', 0, '2018/9/11', 0.53, 'Johnny.Grimes@etu.edu.tr', '05644903107'),
(18010107, 'Danika', 'Haley', '1998/1/12', 1, '2018/7/9', 0.95, 'Danika.Haley@etu.edu.tr', '05862055857'),
(18010108, 'Solomon', 'Glenn', '1997/8/14', 0, '2018/2/19', 3.38, 'Solomon.Glenn@etu.edu.tr', '05762129532'),
(19030108, 'Eric', 'Stevens', '1998/4/21', 0, '2019/3/27', 3.59, 'Eric.Stevens@etu.edu.tr', '05577561206'),
(22010107, 'Alayna', 'Logan', '2001/7/19', 1, '2022/2/1', 0.75, 'Alayna.Logan@etu.edu.tr', '05371372716'),
(22010309, 'Fatima', 'Graves', '2004/9/24', 1, '2022/1/4', 2.43, 'Fatima.Graves@etu.edu.tr', '05696627389'),
(21020302, 'Harley', 'Farley', '2002/5/27', 0, '2021/8/14', 1.86, 'Harley.Farley@etu.edu.tr', '05541657580'),
(19020211, 'Sage', 'Brady', '2000/6/17', 1, '2019/9/18', 0.43, 'Sage.Brady@etu.edu.tr', '05546333946'),
(21020303, 'Spencer', 'Vance', '2001/9/26', 0, '2021/9/4', 1.08, 'Spencer.Vance@etu.edu.tr', '05206485773'),
(22030310, 'Ariel', 'Benton', '2002/5/18', 0, '2022/1/24', 3.56, 'Ariel.Benton@etu.edu.tr', '05647148835'),
(20020309, 'Mark', 'Meza', '1999/11/14', 0, '2020/9/13', 1.91, 'Mark.Meza@etu.edu.tr', '05172433168'),
(21010311, 'Tanner', 'Booker', '2003/7/21', 0, '2021/2/14', 2.42, 'Tanner.Booker@etu.edu.tr', '05105520181'),
(18020308, 'Alec', 'Snow', '1999/5/22', 0, '2018/9/11', 1.88, 'Alec.Snow@etu.edu.tr', '05091534959'),
(18030204, 'Mohamed', 'Mccann', '2000/11/24', 0, '2018/8/7', 2.98, 'Mohamed.Mccann@etu.edu.tr', '05212521676'),
(18010305, 'Bianca', 'Burgess', '1999/11/13', 1, '2018/1/18', 0.53, 'Bianca.Burgess@etu.edu.tr', '05624842028'),
(22030311, 'Laney', 'Callahan', '2003/6/6', 1, '2022/2/23', 2.99, 'Laney.Callahan@etu.edu.tr', '05271034704'),
(21010207, 'Caden', 'Lang', '2002/11/25', 0, '2021/5/13', 1.61, 'Caden.Lang@etu.edu.tr', '05710060445'),
(19010307, 'Micah', 'Proctor', '1997/10/15', 0, '2019/6/2', 1.54, 'Micah.Proctor@etu.edu.tr', '05984538622'),
(18020202, 'Leandro', 'Elliott', '1996/8/18', 0, '2018/9/10', 2.10, 'Leandro.Elliott@etu.edu.tr', '05859425934'),
(19030306, 'Gia', 'Wilkinson', '1997/12/24', 1, '2019/9/19', 3.04, 'Gia.Wilkinson@etu.edu.tr', '05684065769'),
(21030106, 'Deangelo', 'Cox', '2000/9/12', 0, '2021/4/22', 0.02, 'Deangelo.Cox@etu.edu.tr', '05365465420'),
(21020108, 'Braelyn', 'Mcdaniel', '2002/9/5', 1, '2021/7/23', 0.45, 'Braelyn.Mcdaniel@etu.edu.tr', '05048011380'),
(21010312, 'Elsa', 'Carpenter', '2001/5/10', 1, '2021/8/27', 1.51, 'Elsa.Carpenter@etu.edu.tr', '05035679275'),
(19030307, 'Michelle', 'Hunter', '2001/8/23', 1, '2019/8/6', 0.43, 'Michelle.Hunter@etu.edu.tr', '05359569522'),
(21030107, 'Marley', 'Anderson', '2003/9/10', 1, '2021/1/18', 3.79, 'Marley.Anderson@etu.edu.tr', '05861591611'),
(19030308, 'Mitchell', 'Morales', '2000/11/28', 0, '2019/7/26', 3.47, 'Mitchell.Morales@etu.edu.tr', '05211034135'),
(22020207, 'Taryn', 'Romero', '2000/7/9', 1, '2022/1/13', 0.04, 'Taryn.Romero@etu.edu.tr', '05574341634'),
(19020106, 'German', 'Cameron', '2001/2/28', 0, '2019/4/15', 0.41, 'German.Cameron@etu.edu.tr', '05263893107'),
(18030308, 'Sierra', 'Underwood', '1998/11/10', 1, '2018/6/19', 0.16, 'Sierra.Underwood@etu.edu.tr', '05408451822'),
(21030203, 'Arthur', 'Hayden', '2003/11/28', 0, '2021/7/12', 3.92, 'Arthur.Hayden@etu.edu.tr', '05501223870'),
(22010208, 'Lukas', 'Wilkerson', '2001/10/18', 0, '2022/3/23', 2.72, 'Lukas.Wilkerson@etu.edu.tr', '05748402805'),
(20010308, 'Phoenix', 'Reyes', '1998/12/14', 0, '2020/1/5', 3.25, 'Phoenix.Reyes@etu.edu.tr', '05651296005'),
(21030313, 'Karissa', 'Mccoy', '2003/7/4', 1, '2021/2/4', 3.60, 'Karissa.Mccoy@etu.edu.tr', '05650079793'),
(19030210, 'Devan', 'Martin', '2001/2/15', 0, '2019/6/11', 2.56, 'Devan.Martin@etu.edu.tr', '05412995264'),
(19030109, 'Tyrese', 'Vasquez', '2000/12/28', 0, '2019/9/23', 3.15, 'Tyrese.Vasquez@etu.edu.tr', '05808572879'),
(22010108, 'Sienna', 'Melton', '2001/11/27', 1, '2022/8/20', 3.54, 'Sienna.Melton@etu.edu.tr', '05417132597'),
(19030211, 'Edwin', 'Pace', '1997/7/25', 0, '2019/5/2', 3.63, 'Edwin.Pace@etu.edu.tr', '05243529215'),
(18030309, 'Scarlett', 'Dyer', '1997/5/11', 1, '2018/6/8', 1.16, 'Scarlett.Dyer@etu.edu.tr', '05331747451'),
(22020109, 'Briley', 'Lucas', '2001/6/1', 1, '2022/8/22', 3.48, 'Briley.Lucas@etu.edu.tr', '05831626564'),
(22020208, 'Kenyon', 'King', '2000/12/25', 0, '2022/5/24', 3.90, 'Kenyon.King@etu.edu.tr', '05017058547'),
(20030209, 'Marina', 'Garza', '2000/6/8', 1, '2020/9/26', 2.86, 'Marina.Garza@etu.edu.tr', '05724129041'),
(18030205, 'Regina', 'Suarez', '1999/12/3', 1, '2018/4/13', 1.85, 'Regina.Suarez@etu.edu.tr', '05146327226'),
(20020310, 'Natalya', 'Murillo', '2002/7/8', 1, '2020/4/1', 0.99, 'Natalya.Murillo@etu.edu.tr', '05301998966'),
(19010109, 'Kylie', 'Odonnell', '1997/10/21', 1, '2019/6/9', 1.15, 'Kylie.Odonnell@etu.edu.tr', '05739770173'),
(18030109, 'Alexzander', 'Henson', '1999/6/27', 0, '2018/2/19', 3.62, 'Alexzander.Henson@etu.edu.tr', '05614232234'),
(18020309, 'Kaylee', 'Roman', '2000/5/6', 1, '2018/5/4', 1.03, 'Kaylee.Roman@etu.edu.tr', '05967574310'),
(21010208, 'Laila', 'Jones', '2002/3/10', 1, '2021/2/24', 0.89, 'Laila.Jones@etu.edu.tr', '05735779073'),
(18010306, 'Audrey', 'Cisneros', '2000/5/13', 1, '2018/4/4', 3.43, 'Audrey.Cisneros@etu.edu.tr', '05232043910'),
(21010209, 'Patience', 'Sherman', '2003/3/12', 1, '2021/3/4', 1.96, 'Patience.Sherman@etu.edu.tr', '05216413505'),
(22030212, 'Kendra', 'Clements', '2001/4/11', 1, '2022/6/16', 2.40, 'Kendra.Clements@etu.edu.tr', '05614616187'),
(19030110, 'Jovanni', 'Bush', '1997/2/9', 0, '2019/1/7', 1.90, 'Jovanni.Bush@etu.edu.tr', '05254594664'),
(19020107, 'Abby', 'Lindsey', '1999/2/28', 1, '2019/6/11', 1.45, 'Abby.Lindsey@etu.edu.tr', '05127525399'),
(18010212, 'Perla', 'Good', '1999/7/19', 1, '2018/4/27', 0.49, 'Perla.Good@etu.edu.tr', '05452302399'),
(19020212, 'Jaron', 'Haas', '1997/4/8', 0, '2019/6/23', 0.34, 'Jaron.Haas@etu.edu.tr', '05243450035'),
(18030110, 'Lamont', 'Bryan', '1998/5/5', 0, '2018/2/17', 3.52, 'Lamont.Bryan@etu.edu.tr', '05020420525'),
(19020213, 'Emma', 'Whitaker', '2000/11/5', 1, '2019/9/5', 3.51, 'Emma.Whitaker@etu.edu.tr', '05387742753'),
(21030314, 'Kaleigh', 'Cordova', '2001/3/27', 1, '2021/7/6', 0.09, 'Kaleigh.Cordova@etu.edu.tr', '05667428734'),
(20030210, 'Jocelynn', 'Bauer', '1998/8/10', 1, '2020/7/28', 3.63, 'Jocelynn.Bauer@etu.edu.tr', '05485255371'),
(20020109, 'Jaylen', 'Russo', '2001/2/15', 1, '2020/9/20', 0.82, 'Jaylen.Russo@etu.edu.tr', '05076408117'),
(19010212, 'Marlene', 'Shields', '2001/6/28', 1, '2019/5/2', 1.66, 'Marlene.Shields@etu.edu.tr', '05804630970'),
(19010308, 'Elvis', 'Greene', '1999/2/6', 0, '2019/7/28', 3.83, 'Elvis.Greene@etu.edu.tr', '05307077588'),
(19020309, 'Malaki', 'Reed', '2001/11/4', 0, '2019/5/28', 0.70, 'Malaki.Reed@etu.edu.tr', '05903111266'),
(22030108, 'Coby', 'Patrick', '2003/9/20', 0, '2022/7/4', 3.81, 'Coby.Patrick@etu.edu.tr', '05903671374'),
(18020310, 'Carter', 'Herrera', '1996/3/13', 0, '2018/5/2', 0.27, 'Carter.Herrera@etu.edu.tr', '05868197538'),
(20010205, 'Finley', 'Holloway', '2002/1/3', 1, '2020/1/20', 3.61, 'Finley.Holloway@etu.edu.tr', '05484393553'),
(22020307, 'Ivan', 'Diaz', '2002/12/20', 0, '2022/5/5', 0.65, 'Ivan.Diaz@etu.edu.tr', '05546212119'),
(20010309, 'Remington', 'Holt', '1998/8/24', 0, '2020/1/27', 3.18, 'Remington.Holt@etu.edu.tr', '05813383347'),
(21030204, 'Mackenzie', 'White', '2003/2/21', 1, '2021/1/7', 3.76, 'Mackenzie.White@etu.edu.tr', '05852456703'),
(18010307, 'Mireya', 'Yoder', '1997/1/23', 1, '2018/1/6', 3.58, 'Mireya.Yoder@etu.edu.tr', '05472442066'),
(22030312, 'Lorena', 'Archer', '2000/11/19', 1, '2022/9/24', 3.02, 'Lorena.Archer@etu.edu.tr', '05773764700'),
(22030313, 'Abraham', 'Cherry', '2004/9/21', 0, '2022/4/8', 0.75, 'Abraham.Cherry@etu.edu.tr', '05032651715'),
(18010308, 'Deborah', 'Rojas', '2000/11/13', 1, '2018/4/9', 1.50, 'Deborah.Rojas@etu.edu.tr', '05018113033'),
(22020209, 'Emilie', 'Bird', '2001/12/1', 1, '2022/4/25', 1.61, 'Emilie.Bird@etu.edu.tr', '05277771113'),
(19020108, 'Lilia', 'Bass', '1999/3/27', 1, '2019/3/4', 1.08, 'Lilia.Bass@etu.edu.tr', '05931098492'),
(18030206, 'Valentina', 'Powers', '1999/8/3', 1, '2018/3/23', 0.76, 'Valentina.Powers@etu.edu.tr', '05920361836'),
(19030309, 'Juliet', 'Richardson', '2000/3/6', 1, '2019/4/11', 0.96, 'Juliet.Richardson@etu.edu.tr', '05798077225'),
(18030111, 'Brennan', 'Flynn', '2000/6/13', 0, '2018/9/11', 2.28, 'Brennan.Flynn@etu.edu.tr', '05460717377'),
(21030315, 'Warren', 'Mcdowell', '1999/11/10', 0, '2021/9/6', 1.50, 'Warren.Mcdowell@etu.edu.tr', '05668621995'),
(20030211, 'Ronald', 'Daugherty', '1998/1/2', 0, '2020/9/2', 3.58, 'Ronald.Daugherty@etu.edu.tr', '05574187612'),
(18010109, 'Demarcus', 'Kaiser', '1999/7/22', 0, '2018/9/28', 2.71, 'Demarcus.Kaiser@etu.edu.tr', '05388296901'),
(20010206, 'Paul', 'Delgado', '2001/1/13', 0, '2020/8/7', 3.56, 'Paul.Delgado@etu.edu.tr', '05993111224'),
(19030310, 'Todd', 'Mccarthy', '1998/12/12', 0, '2019/4/15', 3.94, 'Todd.Mccarthy@etu.edu.tr', '05679914700'),
(21010313, 'Jocelyn', 'Mcintyre', '2001/6/9', 1, '2021/6/15', 2.99, 'Jocelyn.Mcintyre@etu.edu.tr', '05159561964'),
(22030213, 'Tania', 'Vargas', '2001/2/10', 1, '2022/2/3', 3.02, 'Tania.Vargas@etu.edu.tr', '05247176747'),
(19020109, 'Bryson', 'Campos', '2001/8/12', 0, '2019/9/14', 0.24, 'Bryson.Campos@etu.edu.tr', '05590883962'),
(20020110, 'Jermaine', 'Hampton', '2001/5/14', 0, '2020/4/18', 3.09, 'Jermaine.Hampton@etu.edu.tr', '05985603730'),
(19030212, 'Alison', 'Rangel', '2001/8/17', 1, '2019/3/10', 3.11, 'Alison.Rangel@etu.edu.tr', '05766892422'),
(21030108, 'Lainey', 'Durham', '2002/4/27', 1, '2021/4/8', 1.70, 'Lainey.Durham@etu.edu.tr', '05602864956'),
(21030109, 'Harper', 'Cooke', '2000/5/15', 0, '2021/8/1', 0.98, 'Harper.Cooke@etu.edu.tr', '05801112280'),
(18030112, 'Hanna', 'Schneider', '1996/1/3', 1, '2018/1/16', 3.32, 'Hanna.Schneider@etu.edu.tr', '05582388826'),
(19030111, 'Amya', 'Rasmussen', '2000/1/16', 1, '2019/8/8', 2.24, 'Amya.Rasmussen@etu.edu.tr', '05556419391'),
(21030205, 'Esteban', 'Gibson', '2000/5/23', 0, '2021/2/10', 0.57, 'Esteban.Gibson@etu.edu.tr', '05638724323'),
(22030109, 'Abram', 'Villa', '2002/6/25', 0, '2022/4/9', 0.13, 'Abram.Villa@etu.edu.tr', '05657908470'),
(19010213, 'Amirah', 'Holder', '1997/1/3', 1, '2019/3/4', 2.00, 'Amirah.Holder@etu.edu.tr', '05457313734'),
(22030314, 'Walter', 'House', '2001/10/26', 0, '2022/3/20', 0.77, 'Walter.House@etu.edu.tr', '05474039292'),
(22020210, 'Alexus', 'Krause', '2000/2/15', 1, '2022/1/9', 2.52, 'Alexus.Krause@etu.edu.tr', '05060160652'),
(22030315, 'Adriana', 'Perkins', '2001/9/20', 1, '2022/2/7', 3.04, 'Adriana.Perkins@etu.edu.tr', '05789799305'),
(19030311, 'Joselyn', 'Pena', '1999/11/5', 1, '2019/5/11', 3.63, 'Joselyn.Pena@etu.edu.tr', '05375675128'),
(22030110, 'Angelique', 'Todd', '2001/10/6', 1, '2022/2/21', 3.06, 'Angelique.Todd@etu.edu.tr', '05730165190'),
(22030214, 'Chandler', 'Bowers', '2001/11/20', 0, '2022/8/17', 3.03, 'Chandler.Bowers@etu.edu.tr', '05443292067'),
(22030111, 'Nathanael', 'Medina', '2000/1/11', 0, '2022/6/12', 3.06, 'Nathanael.Medina@etu.edu.tr', '05565070374'),
(21020109, 'June', 'Kidd', '2003/5/18', 1, '2021/3/5', 2.46, 'June.Kidd@etu.edu.tr', '05654043946'),
(20010108, 'Joshua', 'Levy', '2002/8/12', 0, '2020/9/21', 0.28, 'Joshua.Levy@etu.edu.tr', '05243544387'),
(19020310, 'Daisy', 'Flores', '2000/3/26', 1, '2019/4/17', 2.40, 'Daisy.Flores@etu.edu.tr', '05280385161'),
(20030103, 'Adan', 'Boyer', '1998/3/7', 0, '2020/3/27', 2.01, 'Adan.Boyer@etu.edu.tr', '05591113704'),
(18020108, 'Jaiden', 'Cantrell', '1999/7/18', 0, '2018/5/4', 2.43, 'Jaiden.Cantrell@etu.edu.tr', '05843485471'),
(21030110, 'Clayton', 'Li', '2000/10/22', 0, '2021/6/6', 2.50, 'Clayton.Li@etu.edu.tr', '05340620885'),
(21020110, 'Enrique', 'Hanson', '2000/1/23', 0, '2021/7/5', 2.10, 'Enrique.Hanson@etu.edu.tr', '05534570547'),
(21010210, 'Joseph', 'Kline', '1999/7/11', 0, '2021/7/5', 2.35, 'Joseph.Kline@etu.edu.tr', '05006424496'),
(22010209, 'Camille', 'Mcpherson', '2003/10/17', 1, '2022/5/1', 1.60, 'Camille.Mcpherson@etu.edu.tr', '05999331461'),
(19010110, 'Jordyn', 'Ramsey', '1997/1/20', 1, '2019/7/25', 1.69, 'Jordyn.Ramsey@etu.edu.tr', '05973214938'),
(22020110, 'Frances', 'Dunlap', '2000/11/18', 1, '2022/4/6', 1.52, 'Frances.Dunlap@etu.edu.tr', '05732101754'),
(21010109, 'Alina', 'Ward', '2002/7/11', 1, '2021/5/24', 0.64, 'Alina.Ward@etu.edu.tr', '05025641161'),
(18010110, 'Elaina', 'Miles', '1997/1/23', 1, '2018/6/27', 0.79, 'Elaina.Miles@etu.edu.tr', '05257807429'),
(18020311, 'Julius', 'Thornton', '1999/4/19', 0, '2018/8/2', 2.41, 'Julius.Thornton@etu.edu.tr', '05142209499'),
(18010309, 'Lina', 'Valencia', '1997/7/20', 1, '2018/5/19', 2.83, 'Lina.Valencia@etu.edu.tr', '05947560870'),
(19020110, 'Destiney', 'Jacobs', '1998/2/16', 1, '2019/3/9', 2.53, 'Destiney.Jacobs@etu.edu.tr', '05446230893'),
(18010213, 'Kian', 'Stephens', '1998/9/10', 0, '2018/1/5', 3.92, 'Kian.Stephens@etu.edu.tr', '05128257619'),
(19030112, 'Terrell', 'Larsen', '1999/3/1', 0, '2019/2/10', 2.85, 'Terrell.Larsen@etu.edu.tr', '05305711337'),
(22030215, 'Dulce', 'Glass', '2004/9/22', 1, '2022/5/26', 2.88, 'Dulce.Glass@etu.edu.tr', '05073740800'),
(18020109, 'Caylee', 'Tran', '2000/10/17', 1, '2018/5/27', 0.18, 'Caylee.Tran@etu.edu.tr', '05473186073'),
(22010310, 'Ahmad', 'Payne', '2002/8/1', 0, '2022/4/8', 1.50, 'Ahmad.Payne@etu.edu.tr', '05303916784'),
(21020304, 'Pamela', 'Osborne', '2000/2/10', 1, '2021/5/28', 3.62, 'Pamela.Osborne@etu.edu.tr', '05256927615'),
(22020111, 'Amara', 'Joseph', '2003/12/5', 1, '2022/8/25', 3.23, 'Amara.Joseph@etu.edu.tr', '05599591056'),
(21020111, 'Madisyn', 'Walters', '2000/6/8', 1, '2021/4/12', 0.07, 'Madisyn.Walters@etu.edu.tr', '05935270644'),
(19020214, 'Campbell', 'Beck', '2001/11/16', 1, '2019/9/12', 3.89, 'Campbell.Beck@etu.edu.tr', '05855682181'),
(22030216, 'Carolyn', 'Wilkins', '2003/7/17', 1, '2022/5/26', 3.62, 'Carolyn.Wilkins@etu.edu.tr', '05467430699'),
(21020305, 'Immanuel', 'Spencer', '2000/8/13', 0, '2021/9/10', 3.30, 'Immanuel.Spencer@etu.edu.tr', '05429099113'),
(19030312, 'Andrew', 'Kirk', '2001/11/25', 0, '2019/8/6', 0.66, 'Andrew.Kirk@etu.edu.tr', '05558567041'),
(21020206, 'Frankie', 'Singleton', '2003/3/22', 0, '2021/2/28', 1.79, 'Frankie.Singleton@etu.edu.tr', '05933691933'),
(18030113, 'Samara', 'Hooper', '1996/12/26', 1, '2018/1/27', 2.78, 'Samara.Hooper@etu.edu.tr', '05904614523'),
(21030316, 'Zion', 'Williamson', '2000/11/27', 1, '2021/4/21', 1.02, 'Zion.Williamson@etu.edu.tr', '05174206825'),
(18020312, 'Ayla', 'Sloan', '2000/9/28', 1, '2018/7/3', 1.13, 'Ayla.Sloan@etu.edu.tr', '05084389209'),
(18010111, 'Simone', 'Pope', '1996/9/4', 1, '2018/1/15', 0.22, 'Simone.Pope@etu.edu.tr', '05693960175'),
(22010210, 'Aleah', 'Moses', '2002/4/12', 1, '2022/2/13', 3.02, 'Aleah.Moses@etu.edu.tr', '05119724181'),
(19010111, 'Miranda', 'Irwin', '1999/10/2', 1, '2019/5/14', 2.83, 'Miranda.Irwin@etu.edu.tr', '05418898923'),
(18030114, 'Adonis', 'Taylor', '1999/7/3', 0, '2018/7/13', 0.57, 'Adonis.Taylor@etu.edu.tr', '05284468604'),
(18010112, 'Evangeline', 'Bonilla', '2000/1/9', 1, '2018/4/9', 3.61, 'Evangeline.Bonilla@etu.edu.tr', '05063986931'),
(21020306, 'Isaac', 'Terry', '2003/4/19', 0, '2021/3/9', 0.61, 'Isaac.Terry@etu.edu.tr', '05974406326'),
(19010112, 'Lilian', 'Gonzales', '1998/7/15', 1, '2019/2/1', 0.50, 'Lilian.Gonzales@etu.edu.tr', '05637605935'),
(21020112, 'Derrick', 'Sosa', '1999/9/2', 0, '2021/6/13', 3.48, 'Derrick.Sosa@etu.edu.tr', '05847461603'),
(19030113, 'Sergio', 'Alexander', '1999/6/24', 0, '2019/9/4', 3.51, 'Sergio.Alexander@etu.edu.tr', '05088647062'),
(20020311, 'Parker', 'Ramirez', '1998/6/18', 1, '2020/6/24', 2.59, 'Parker.Ramirez@etu.edu.tr', '05754948601'),
(21030317, 'Chase', 'Woods', '2002/3/21', 0, '2021/1/28', 3.00, 'Chase.Woods@etu.edu.tr', '05231927028'),
(20020111, 'Kaitlin', 'Donaldson', '1998/4/7', 1, '2020/8/4', 1.90, 'Kaitlin.Donaldson@etu.edu.tr', '05526852994'),
(20020112, 'Akira', 'Manning', '1998/1/4', 1, '2020/2/23', 2.99, 'Akira.Manning@etu.edu.tr', '05978535454'),
(22020112, 'Brianna', 'Estes', '2003/10/11', 1, '2022/8/7', 0.67, 'Brianna.Estes@etu.edu.tr', '05631623044'),
(20020113, 'Lexie', 'Olson', '2002/11/12', 1, '2020/5/27', 2.23, 'Lexie.Olson@etu.edu.tr', '05570364318'),
(19030114, 'Maverick', 'Page', '1997/3/10', 0, '2019/6/3', 3.69, 'Maverick.Page@etu.edu.tr', '05253723206'),
(20010310, 'Kevin', 'Doyle', '2002/7/26', 0, '2020/1/23', 2.63, 'Kevin.Doyle@etu.edu.tr', '05119069514'),
(21020207, 'Carla', 'Mcmillan', '2001/9/16', 1, '2021/8/7', 1.88, 'Carla.Mcmillan@etu.edu.tr', '05043735108'),
(19010214, 'Mekhi', 'Mora', '1998/2/22', 0, '2019/8/27', 0.07, 'Mekhi.Mora@etu.edu.tr', '05636844691'),
(20030212, 'Jaydin', 'Baxter', '1999/5/2', 0, '2020/9/1', 3.31, 'Jaydin.Baxter@etu.edu.tr', '05810405000'),
(21030111, 'Kayden', 'Bridges', '1999/5/11', 0, '2021/5/5', 2.87, 'Kayden.Bridges@etu.edu.tr', '05683613002'),
(18020110, 'Avery', 'Dunn', '1997/12/18', 1, '2018/3/10', 0.49, 'Avery.Dunn@etu.edu.tr', '05901850080'),
(20030104, 'Isabela', 'Murray', '2002/2/16', 1, '2020/5/4', 2.35, 'Isabela.Murray@etu.edu.tr', '05996427364'),
(20030213, 'Emiliano', 'Horne', '1999/12/8', 0, '2020/6/1', 3.05, 'Emiliano.Horne@etu.edu.tr', '05359026559'),
(22030217, 'Jada', 'Roach', '2004/9/19', 1, '2022/1/3', 0.31, 'Jada.Roach@etu.edu.tr', '05256079099'),
(20020312, 'Asa', 'Fuentes', '2001/11/13', 0, '2020/8/17', 1.80, 'Asa.Fuentes@etu.edu.tr', '05114458680'),
(18020313, 'Gabrielle', 'Gilbert', '1996/1/26', 1, '2018/9/18', 0.61, 'Gabrielle.Gilbert@etu.edu.tr', '05527251694'),
(20010311, 'Roman', 'Phillips', '2001/10/23', 0, '2020/2/21', 0.80, 'Roman.Phillips@etu.edu.tr', '05706962697'),
(20010207, 'Payten', 'Neal', '2002/4/22', 1, '2020/3/15', 3.45, 'Payten.Neal@etu.edu.tr', '05214370500'),
(18030310, 'Chaya', 'Liu', '2000/12/22', 1, '2018/9/12', 0.46, 'Chaya.Liu@etu.edu.tr', '05863153716'),
(22030316, 'Leon', 'Buck', '2003/6/16', 0, '2022/9/3', 1.12, 'Leon.Buck@etu.edu.tr', '05947222585'),
(22030112, 'Ayanna', 'Downs', '2000/6/10', 1, '2022/7/13', 1.05, 'Ayanna.Downs@etu.edu.tr', '05022725942'),
(18010113, 'Angel', 'Bradshaw', '1997/3/27', 1, '2018/6/27', 1.16, 'Angel.Bradshaw@etu.edu.tr', '05443017513'),
(22020308, 'Kiley', 'Sutton', '2002/6/17', 1, '2022/3/26', 0.27, 'Kiley.Sutton@etu.edu.tr', '05925997331'),
(22030218, 'Ezequiel', 'Davies', '2002/12/26', 0, '2022/3/9', 0.13, 'Ezequiel.Davies@etu.edu.tr', '05085962286'),
(20030214, 'Jovan', 'Banks', '2000/9/2', 0, '2020/8/28', 3.54, 'Jovan.Banks@etu.edu.tr', '05479684452'),
(21020307, 'Kamila', 'Vazquez', '2003/7/16', 1, '2021/8/13', 3.71, 'Kamila.Vazquez@etu.edu.tr', '05699405593'),
(22030317, 'Quincy', 'Ho', '2004/11/25', 0, '2022/2/7', 1.31, 'Quincy.Ho@etu.edu.tr', '05835880999'),
(20010208, 'Cristal', 'Shelton', '2001/12/7', 1, '2020/2/9', 3.75, 'Cristal.Shelton@etu.edu.tr', '05401961137'),
(22010311, 'Samantha', 'Weber', '2000/9/21', 1, '2022/9/19', 0.87, 'Samantha.Weber@etu.edu.tr', '05765071373'),
(21010110, 'Harry', 'Zamora', '2003/12/18', 0, '2021/6/22', 2.65, 'Harry.Zamora@etu.edu.tr', '05650164131'),
(19020111, 'Maxwell', 'Moreno', '1999/7/12', 0, '2019/7/5', 0.74, 'Maxwell.Moreno@etu.edu.tr', '05796200063'),
(21030206, 'Levi', 'Kim', '2002/2/10', 0, '2021/9/9', 0.44, 'Levi.Kim@etu.edu.tr', '05277467490'),
(22020211, 'Nehemiah', 'Stewart', '2003/12/27', 0, '2022/2/20', 0.26, 'Nehemiah.Stewart@etu.edu.tr', '05390772775'),
(22010109, 'Charlotte', 'Mcconnell', '2001/8/27', 1, '2022/9/10', 1.97, 'Charlotte.Mcconnell@etu.edu.tr', '05083667434'),
(19020215, 'Essence', 'Barajas', '1997/1/9', 1, '2019/3/18', 2.86, 'Essence.Barajas@etu.edu.tr', '05710028301'),
(22030219, 'Rowan', 'Blake', '2001/5/18', 1, '2022/2/9', 1.93, 'Rowan.Blake@etu.edu.tr', '05991118266'),
(20010312, 'Mara', 'Castro', '2000/7/16', 1, '2020/7/3', 2.70, 'Mara.Castro@etu.edu.tr', '05131156900'),
(18010214, 'James', 'Stafford', '2000/5/13', 0, '2018/1/19', 3.58, 'James.Stafford@etu.edu.tr', '05244665076'),
(22030220, 'Judah', 'Conway', '2000/6/14', 0, '2022/2/21', 2.23, 'Judah.Conway@etu.edu.tr', '05439936636'),
(22030318, 'Rubi', 'Howard', '2002/5/23', 1, '2022/3/9', 2.81, 'Rubi.Howard@etu.edu.tr', '05206358821'),
(22030113, 'Viviana', 'Nixon', '2001/11/28', 1, '2022/7/6', 1.71, 'Viviana.Nixon@etu.edu.tr', '05095203067'),
(18010215, 'Zack', 'English', '2000/12/13', 0, '2018/4/7', 2.60, 'Zack.English@etu.edu.tr', '05814669914'),
(21010211, 'Colt', 'Dillon', '2001/12/27', 0, '2021/5/22', 0.67, 'Colt.Dillon@etu.edu.tr', '05271210465'),
(22010110, 'Charlize', 'George', '2003/5/14', 1, '2022/6/21', 3.33, 'Charlize.George@etu.edu.tr', '05797177511')
;

INSERT INTO ACTIVE(stud_id) VALUES 
(22010301),
(20020101),
(19020301),
(20010101),
(22020201),
(19020101),
(19030101),
(22030201),
(21030301),
(21010201),
(18010101),
(22030202),
(22030101),
(18010102),
(21010301),
(20020201),
(22030102),
(22020301),
(21010101),
(20020102),
(18010201),
(19020302),
(22020202),
(20020202),
(20020301),
(21010302),
(20030201),
(21030302),
(22010302),
(18030101),
(22030103),
(20010201),
(19010101),
(19010201),
(18030301),
(20020103),
(18020301),
(21010102),
(20020203),
(19030201),
(22030203),
(18030302),
(21030101),
(19030301),
(21020201),
(22030301),
(21030303),
(21030102),
(18010202),
(18020302),
(21030304),
(20020204),
(21010103),
(19030102),
(22010101),
(20030301),
(21030103),
(19020201),
(19010202),
(20020302),
(19030103),
(22020101),
(21030305),
(22030204),
(21010104),
(22010201),
(21030306),
(18010203),
(20030101),
(21030307),
(18030303),
(18030201),
(20030202),
(20020205),
(18020303),
(21030308),
(20020206),
(18010103),
(18010104),
(20010301),
(22030302),
(19020202),
(20020303),
(22020302),
(22010303),
(22020203),
(20030203),
(19010301),
(22020102),
(19010203),
(21010105),
(21020101),
(19020102),
(19020303),
(19020304),
(18020101),
(20020304),
(20010102),
(19010102),
(21010106),
(21020202),
(20010302),
(19010103),
(19030202),
(22020303),
(18010301),
(21020102),
(20020305),
(19020203),
(21030104),
(19010204),
(21030309),
(18030304),
(20010103),
(22010304),
(19030203),
(21010202),
(19020204),
(18020304),
(22020304),
(22030205),
(20030204),
(19030302),
(22020103),
(19010104),
(22030206),
(18010204),
(22010202),
(19020205),
(22010203),
(21010303),
(20030102),
(19010205),
(22010204),
(18020305),
(20030302),
(21010304),
(19030104),
(19030204),
(21020203),
(22020104),
(20030205),
(18030202),
(20010202),
(21030310),
(21030201),
(21020103),
(19020206),
(21010203),
(19020305),
(18030102),
(18010302),
(19020306),
(22020105),
(18010303),
(21010204),
(20030303),
(22010102),
(20020207),
(20020208),
(19020103),
(19030105),
(20010303),
(22030303),
(18030103),
(20020306),
(19010206),
(21020104),
(20020209),
(19010105),
(20030304),
(22020204),
(20030305),
(19030205),
(22010103),
(19010207),
(18010205),
(20020104),
(20020210),
(18020102),
(18010206),
(22010305),
(18020103),
(20010304),
(22020305),
(18030104),
(18030305),
(19010106),
(22030304),
(20010104),
(19010208),
(18030105),
(22010104),
(22030207),
(21010305),
(22030305),
(22020205),
(20010203),
(20010305),
(19010302),
(19020104),
(20020307),
(19030303),
(19010209),
(22030208),
(21010306),
(19030206),
(20030206),
(22030306),
(21030105),
(18010304),
(20010306),
(21020301),
(21030311),
(19030207),
(22030307),
(18010207),
(18010208),
(19010303),
(18010105),
(22030209),
(20010204),
(21010307),
(18030306),
(20030306),
(20010105),
(18020306),
(22010306),
(21020105),
(22010205),
(22020106),
(20020105),
(19020207),
(19010304),
(21010308),
(22030210),
(18020104),
(20030207),
(22020306),
(18030203),
(21010309),
(21030312),
(22030308),
(19020105),
(22010105),
(19020208),
(22010206),
(20010106),
(18020105),
(22010106),
(18030106),
(18030307),
(22030211),
(18010209),
(20030208),
(22010307),
(19010107),
(20020308),
(20020211),
(19010305),
(22020206),
(22010308),
(21030202),
(19030208),
(21010205),
(20030307),
(22010207),
(22030104),
(19030106),
(20010307),
(18020106),
(22030105),
(22020107),
(20030308),
(20020106),
(21010107),
(19030304),
(21020204),
(19030305),
(18020307),
(21010310),
(19010108),
(21010206),
(19030209),
(18010210),
(19010210),
(19030107),
(19020307),
(22030309),
(20030309),
(22030106),
(21010108),
(18020201),
(19020308),
(18030107),
(21020106),
(20030310),
(19020209),
(21020107),
(20020107),
(20020108),
(19020210),
(18010106),
(22030107),
(18010211),
(19010211),
(20010107),
(19010306),
(21020205),
(18030108),
(20020212),
(22020108),
(18020107),
(18010107),
(18010108),
(19030108),
(22010107),
(22010309),
(21020302),
(19020211),
(21020303),
(22030310),
(20020309),
(21010311),
(18020308),
(18030204),
(18010305),
(22030311),
(21010207),
(19010307),
(18020202),
(19030306),
(21030106),
(21020108),
(21010312),
(19030307),
(21030107),
(19030308),
(22020207),
(19020106),
(18030308),
(21030203),
(22010208),
(20010308),
(21030313),
(19030210),
(19030109),
(22010108),
(19030211),
(18030309),
(22020109),
(22020208),
(20030209),
(18030205),
(20020310),
(19010109),
(18030109),
(18020309),
(21010208),
(18010306),
(21010209),
(22030212),
(19030110),
(19020107),
(18010212),
(19020212),
(18030110),
(19020213),
(21030314),
(20030210),
(20020109),
(19010212),
(19010308),
(19020309),
(22030108),
(18020310),
(20010205),
(22020307),
(20010309),
(21030204),
(18010307),
(22030312),
(22030313),
(18010308),
(22020209),
(19020108),
(18030206),
(19030309),
(18030111),
(21030315),
(20030211),
(18010109),
(20010206),
(19030310),
(21010313),
(22030213),
(19020109),
(20020110),
(19030212),
(21030108),
(21030109),
(18030112),
(19030111),
(21030205),
(22030109),
(19010213),
(22030314),
(22020210),
(22030315),
(19030311),
(22030110),
(22030214),
(22030111),
(21020109),
(20010108),
(19020310),
(20030103),
(18020108),
(21030110),
(21020110),
(21010210),
(22010209),
(19010110),
(22020110),
(21010109),
(18010110),
(18020311),
(18010309),
(19020110),
(18010213),
(19030112),
(22030215),
(18020109),
(22010310),
(21020304),
(22020111),
(21020111),
(19020214),
(22030216),
(21020305),
(19030312),
(21020206),
(18030113),
(21030316),
(18020312),
(18010111),
(22010210),
(19010111),
(18030114),
(18010112),
(21020306),
(19010112),
(21020112),
(19030113),
(20020311),
(21030317),
(20020111),
(20020112),
(22020112),
(20020113),
(19030114),
(20010310),
(21020207),
(19010214),
(20030212),
(21030111),
(18020110),
(20030104),
(20030213),
(22030217),
(20020312),
(18020313),
(20010311),
(20010207),
(18030310),
(22030316),
(22030112),
(18010113),
(22020308),
(22030218),
(20030214),
(21020307),
(22030317),
(20010208),
(22010311),
(21010110),
(19020111),
(21030206),
(22020211),
(22010109),
(19020215),
(22030219),
(20010312),
(18010214),
(22030220),
(22030318),
(22030113),
(18010215),
(21010211),
(22010110)
;

INSERT INTO STUDENT(stud_id, stud_fname, stud_lname, stud_birth_date, stud_sex, stud_reg_date, stud_gpa, stud_email, stud_number) VALUES 
(16010101, 'Roland', 'Shepherd', '1997/6/7', 0, '2016/6/25', 2.47, 'Roland.Shepherd@etu.edu.tr', '05942641691'),
(17020301, 'Francisco', 'Hobbs', '1997/2/18', 0, '2017/8/19', 1.68, 'Francisco.Hobbs@etu.edu.tr', '05491763730'),
(14020101, 'Brenden', 'Lynch', '1993/12/5', 0, '2014/1/24', 1.18, 'Brenden.Lynch@etu.edu.tr', '05391735340'),
(14020301, 'Thomas', 'Spence', '1992/2/15', 0, '2014/6/26', 1.89, 'Thomas.Spence@etu.edu.tr', '05511041980'),
(13020101, 'Lacey', 'Hogan', '1992/3/22', 1, '2013/1/12', 0.62, 'Lacey.Hogan@etu.edu.tr', '05659002565'),
(15020201, 'Ellie', 'Cervantes', '1995/12/13', 1, '2015/6/16', 0.57, 'Ellie.Cervantes@etu.edu.tr', '05590662330'),
(16010301, 'Fisher', 'Mendoza', '1995/2/4', 0, '2016/6/2', 0.27, 'Fisher.Mendoza@etu.edu.tr', '05341277355'),
(13020102, 'Ashtyn', 'Leblanc', '1993/5/5', 1, '2013/6/17', 0.26, 'Ashtyn.Leblanc@etu.edu.tr', '05387354891'),
(13010101, 'Dominick', 'Fischer', '1992/12/10', 0, '2013/8/13', 2.46, 'Dominick.Fischer@etu.edu.tr', '05629157503'),
(13030201, 'Dangelo', 'Snyder', '1992/10/3', 0, '2013/4/9', 3.54, 'Dangelo.Snyder@etu.edu.tr', '05372322617'),
(17030101, 'Easton', 'Briggs', '1999/12/18', 0, '2017/4/27', 3.14, 'Easton.Briggs@etu.edu.tr', '05179099015'),
(17010201, 'Dale', 'Malone', '1997/6/13', 0, '2017/7/11', 2.28, 'Dale.Malone@etu.edu.tr', '05060028497'),
(13020301, 'Rachael', 'Sanders', '1992/6/8', 1, '2013/1/5', 2.41, 'Rachael.Sanders@etu.edu.tr', '05573294937'),
(16020201, 'Tia', 'Hawkins', '1995/2/28', 1, '2016/6/4', 0.97, 'Tia.Hawkins@etu.edu.tr', '05465774993'),
(14010201, 'Susan', 'Clark', '1995/12/25', 1, '2014/4/15', 2.24, 'Susan.Clark@etu.edu.tr', '05239532725'),
(15020202, 'Yahir', 'Davidson', '1995/1/13', 0, '2015/4/1', 0.65, 'Yahir.Davidson@etu.edu.tr', '05789057859'),
(15020301, 'Kameron', 'Cantu', '1996/7/22', 0, '2015/3/12', 3.64, 'Kameron.Cantu@etu.edu.tr', '05292669758'),
(15030201, 'Adelaide', 'Melendez', '1994/7/4', 1, '2015/3/14', 1.94, 'Adelaide.Melendez@etu.edu.tr', '05555768419'),
(17020201, 'Marco', 'Gill', '1999/2/28', 0, '2017/6/20', 3.01, 'Marco.Gill@etu.edu.tr', '05211577944'),
(15030202, 'Cesar', 'Ryan', '1997/9/1', 0, '2015/8/27', 3.09, 'Cesar.Ryan@etu.edu.tr', '05794382209'),
(15030203, 'Carlos', 'Mills', '1993/12/10', 0, '2015/5/16', 2.88, 'Carlos.Mills@etu.edu.tr', '05943280094'),
(14020201, 'Quinn', 'Walter', '1992/3/8', 1, '2014/5/9', 0.51, 'Quinn.Walter@etu.edu.tr', '05722301888'),
(16010201, 'Abigayle', 'Porter', '1995/8/4', 1, '2016/3/26', 1.02, 'Abigayle.Porter@etu.edu.tr', '05375291280'),
(13020302, 'Cheyenne', 'Thomas', '1994/2/11', 1, '2013/4/4', 3.71, 'Cheyenne.Thomas@etu.edu.tr', '05696461980'),
(13030101, 'Kobe', 'Conrad', '1995/4/25', 0, '2013/1/20', 3.48, 'Kobe.Conrad@etu.edu.tr', '05916266748'),
(16010302, 'Belen', 'Donovan', '1998/9/26', 1, '2016/8/17', 2.91, 'Belen.Donovan@etu.edu.tr', '05422732606'),
(15030204, 'Maximo', 'Hudson', '1996/7/17', 0, '2015/3/1', 0.58, 'Maximo.Hudson@etu.edu.tr', '05691322007'),
(14010301, 'Saul', 'Carney', '1992/8/25', 0, '2014/3/5', 3.82, 'Saul.Carney@etu.edu.tr', '05204542973'),
(14010101, 'Grace', 'Brooks', '1996/12/6', 1, '2014/4/25', 2.38, 'Grace.Brooks@etu.edu.tr', '05150521129'),
(16010303, 'Rebekah', 'Torres', '1998/5/17', 1, '2016/3/18', 3.64, 'Rebekah.Torres@etu.edu.tr', '05976404168'),
(13030202, 'Elliot', 'Hopkins', '1991/10/18', 0, '2013/3/12', 3.94, 'Elliot.Hopkins@etu.edu.tr', '05857334020'),
(15020203, 'Luz', 'Stone', '1994/4/17', 1, '2015/7/28', 0.36, 'Luz.Stone@etu.edu.tr', '05543186315'),
(16030301, 'Adrien', 'Pineda', '1997/11/14', 0, '2016/5/20', 2.42, 'Adrien.Pineda@etu.edu.tr', '05928782502'),
(17010101, 'Ryan', 'Pratt', '1996/12/22', 0, '2017/1/16', 3.86, 'Ryan.Pratt@etu.edu.tr', '05645243617'),
(15010101, 'Jeremy', 'Villanueva', '1994/9/10', 0, '2015/9/5', 0.75, 'Jeremy.Villanueva@etu.edu.tr', '05094844548'),
(13020103, 'Kaliyah', 'Mcfarland', '1992/8/18', 1, '2013/5/2', 3.97, 'Kaliyah.Mcfarland@etu.edu.tr', '05242895800'),
(14020102, 'Lawrence', 'Mendez', '1993/3/1', 0, '2014/1/18', 2.39, 'Lawrence.Mendez@etu.edu.tr', '05874141855'),
(14020103, 'Kaleb', 'Novak', '1994/2/11', 0, '2014/6/23', 3.44, 'Kaleb.Novak@etu.edu.tr', '05042850708'),
(14030101, 'Ricardo', 'Bradford', '1995/12/18', 0, '2014/9/2', 2.52, 'Ricardo.Bradford@etu.edu.tr', '05275523589'),
(16030201, 'Orlando', 'Schultz', '1994/11/16', 0, '2016/1/26', 1.27, 'Orlando.Schultz@etu.edu.tr', '05866188271'),
(17010102, 'Gideon', 'Larson', '1999/8/26', 0, '2017/8/20', 1.06, 'Gideon.Larson@etu.edu.tr', '05289636713'),
(13010301, 'Sara', 'Peters', '1992/4/6', 1, '2013/5/7', 1.32, 'Sara.Peters@etu.edu.tr', '05453615666'),
(15030301, 'Giselle', 'Chung', '1993/1/5', 1, '2015/5/17', 1.82, 'Giselle.Chung@etu.edu.tr', '05965742481'),
(17020101, 'Charlie', 'Hutchinson', '1997/1/11', 0, '2017/6/26', 1.93, 'Charlie.Hutchinson@etu.edu.tr', '05617151599'),
(16020301, 'Gianni', 'Shaw', '1996/11/27', 0, '2016/7/27', 2.08, 'Gianni.Shaw@etu.edu.tr', '05215442344'),
(17030201, 'Lesly', 'Burnett', '1995/11/6', 1, '2017/5/27', 2.45, 'Lesly.Burnett@etu.edu.tr', '05764967949'),
(16010304, 'Ingrid', 'Preston', '1996/9/24', 1, '2016/3/6', 2.14, 'Ingrid.Preston@etu.edu.tr', '05419471615'),
(15010301, 'Kenzie', 'Mayer', '1994/8/16', 1, '2015/5/23', 1.09, 'Kenzie.Mayer@etu.edu.tr', '05786154675'),
(16020302, 'Baylee', 'May', '1994/3/24', 1, '2016/2/8', 1.45, 'Baylee.May@etu.edu.tr', '05622484307'),
(16030302, 'Landin', 'Ramos', '1996/5/3', 0, '2016/1/27', 3.93, 'Landin.Ramos@etu.edu.tr', '05785112843'),
(14030201, 'Atticus', 'Copeland', '1992/8/12', 0, '2014/5/20', 1.30, 'Atticus.Copeland@etu.edu.tr', '05486603891'),
(16010102, 'Aedan', 'Craig', '1996/9/18', 0, '2016/7/26', 2.47, 'Aedan.Craig@etu.edu.tr', '05029028393'),
(13020303, 'Ryan', 'Wyatt', '1991/11/28', 1, '2013/4/28', 3.34, 'Ryan.Wyatt@etu.edu.tr', '05978474743'),
(16020101, 'Adrienne', 'Hicks', '1995/9/12', 1, '2016/1/12', 0.62, 'Adrienne.Hicks@etu.edu.tr', '05986827826'),
(16010103, 'Messiah', 'Watts', '1997/10/12', 0, '2016/4/27', 0.97, 'Messiah.Watts@etu.edu.tr', '05833169714'),
(15030302, 'Pedro', 'Hall', '1997/12/11', 0, '2015/2/6', 3.56, 'Pedro.Hall@etu.edu.tr', '05044804457'),
(16030101, 'Danny', 'Parsons', '1998/1/28', 0, '2016/1/23', 2.92, 'Danny.Parsons@etu.edu.tr', '05775523020'),
(16010202, 'Averi', 'Clarke', '1998/12/21', 1, '2016/2/20', 2.67, 'Averi.Clarke@etu.edu.tr', '05445943902'),
(14030102, 'Krista', 'Berry', '1994/9/23', 1, '2014/7/2', 2.22, 'Krista.Berry@etu.edu.tr', '05021201933'),
(16010203, 'Keon', 'Bishop', '1996/10/3', 0, '2016/2/18', 3.70, 'Keon.Bishop@etu.edu.tr', '05330865148'),
(15010302, 'Mallory', 'Lee', '1996/10/21', 1, '2015/8/21', 2.23, 'Mallory.Lee@etu.edu.tr', '05680175849'),
(16020303, 'Trystan', 'Mercer', '1998/7/20', 0, '2016/6/19', 2.49, 'Trystan.Mercer@etu.edu.tr', '05090981123'),
(17010103, 'Andy', 'Douglas', '1997/7/17', 0, '2017/8/4', 1.24, 'Andy.Douglas@etu.edu.tr', '05937478607'),
(15020204, 'Precious', 'Harrell', '1996/7/20', 1, '2015/5/21', 3.43, 'Precious.Harrell@etu.edu.tr', '05471144710'),
(14030202, 'Jair', 'Green', '1996/12/1', 0, '2014/1/9', 1.92, 'Jair.Green@etu.edu.tr', '05006303640'),
(16020304, 'Stephanie', 'Roberson', '1996/7/5', 1, '2016/2/17', 3.17, 'Stephanie.Roberson@etu.edu.tr', '05385025164'),
(13010201, 'Carlo', 'Arnold', '1991/2/27', 0, '2013/7/16', 2.80, 'Carlo.Arnold@etu.edu.tr', '05702605312'),
(13030203, 'Hugh', 'Rollins', '1992/2/20', 0, '2013/3/27', 2.38, 'Hugh.Rollins@etu.edu.tr', '05723805971'),
(15010201, 'Amani', 'Robertson', '1993/1/13', 1, '2015/6/11', 0.15, 'Amani.Robertson@etu.edu.tr', '05596575477'),
(15030205, 'Jase', 'Duarte', '1997/7/20', 0, '2015/4/4', 2.74, 'Jase.Duarte@etu.edu.tr', '05957136334'),
(13020104, 'Zoie', 'Strickland', '1995/6/26', 1, '2013/4/17', 2.47, 'Zoie.Strickland@etu.edu.tr', '05660407562'),
(15030303, 'Katherine', 'Fitzpatrick', '1997/12/21', 1, '2015/6/7', 2.44, 'Katherine.Fitzpatrick@etu.edu.tr', '05680844081'),
(17030202, 'Paula', 'Robles', '1999/3/9', 1, '2017/6/25', 2.26, 'Paula.Robles@etu.edu.tr', '05207596568'),
(16020305, 'Hadley', 'Chambers', '1996/2/15', 1, '2016/3/12', 1.77, 'Hadley.Chambers@etu.edu.tr', '05706296890'),
(17010104, 'Sanaa', 'Yang', '1999/6/17', 1, '2017/5/19', 1.17, 'Sanaa.Yang@etu.edu.tr', '05751089335'),
(15030101, 'Nigel', 'Golden', '1997/5/18', 0, '2015/4/25', 1.27, 'Nigel.Golden@etu.edu.tr', '05180801897'),
(15020205, 'Jagger', 'Houston', '1996/6/28', 0, '2015/5/6', 2.70, 'Jagger.Houston@etu.edu.tr', '05684605018'),
(17010301, 'Nathen', 'Sanchez', '1998/6/13', 0, '2017/7/8', 3.38, 'Nathen.Sanchez@etu.edu.tr', '05262089326'),
(14010102, 'Brett', 'Case', '1992/12/17', 0, '2014/3/15', 2.87, 'Brett.Case@etu.edu.tr', '05677744810'),
(14010302, 'Franco', 'Aguilar', '1992/7/14', 0, '2014/1/14', 3.00, 'Franco.Aguilar@etu.edu.tr', '05868242564'),
(16030102, 'Sullivan', 'Tate', '1998/5/13', 0, '2016/7/15', 2.78, 'Sullivan.Tate@etu.edu.tr', '05916981699'),
(15010102, 'Kamron', 'Obrien', '1993/6/4', 0, '2015/9/2', 3.72, 'Kamron.Obrien@etu.edu.tr', '05978664008'),
(17030102, 'Amare', 'Frey', '1999/12/6', 0, '2017/8/6', 0.24, 'Amare.Frey@etu.edu.tr', '05058971674'),
(15030304, 'Victoria', 'Peterson', '1996/1/5', 1, '2015/7/3', 2.66, 'Victoria.Peterson@etu.edu.tr', '05874924254'),
(17020302, 'Aaden', 'Stephenson', '1998/5/9', 0, '2017/3/20', 2.23, 'Aaden.Stephenson@etu.edu.tr', '05592830977'),
(15020101, 'Kassandra', 'Travis', '1996/6/6', 1, '2015/2/26', 1.54, 'Kassandra.Travis@etu.edu.tr', '05487722658'),
(15030305, 'Kathryn', 'Stout', '1994/6/27', 1, '2015/7/1', 1.55, 'Kathryn.Stout@etu.edu.tr', '05348966465'),
(16030103, 'Jayden', 'Mcneil', '1998/12/7', 1, '2016/1/18', 1.58, 'Jayden.Mcneil@etu.edu.tr', '05887717755'),
(15010202, 'Jayce', 'Griffith', '1995/7/5', 0, '2015/1/7', 1.91, 'Jayce.Griffith@etu.edu.tr', '05067156225'),
(15010203, 'Walker', 'Gay', '1995/9/22', 0, '2015/3/28', 1.74, 'Walker.Gay@etu.edu.tr', '05916292848'),
(13010102, 'Shaun', 'Wilcox', '1993/2/27', 0, '2013/9/22', 2.57, 'Shaun.Wilcox@etu.edu.tr', '05320526813'),
(13020105, 'Elisha', 'Rivers', '1994/2/3', 0, '2013/9/26', 1.75, 'Elisha.Rivers@etu.edu.tr', '05569295795'),
(16030202, 'Adrianna', 'Christensen', '1997/11/14', 1, '2016/8/3', 3.86, 'Adrianna.Christensen@etu.edu.tr', '05692464598'),
(17030203, 'Audrina', 'Valentine', '1999/3/28', 1, '2017/9/6', 1.71, 'Audrina.Valentine@etu.edu.tr', '05161047048'),
(15010303, 'Melvin', 'Moyer', '1997/4/18', 0, '2015/6/14', 2.65, 'Melvin.Moyer@etu.edu.tr', '05739482728'),
(17030204, 'Sharon', 'Morgan', '1996/3/15', 1, '2017/7/8', 0.41, 'Sharon.Morgan@etu.edu.tr', '05090195224'),
(13010302, 'Demarion', 'Wiggins', '1992/12/24', 0, '2013/7/12', 1.32, 'Demarion.Wiggins@etu.edu.tr', '05509039272'),
(16010204, 'Ace', 'Coleman', '1997/8/26', 0, '2016/8/11', 3.82, 'Ace.Coleman@etu.edu.tr', '05468467760'),
(17020303, 'Sarah', 'Wang', '1999/10/24', 1, '2017/8/9', 0.82, 'Sarah.Wang@etu.edu.tr', '05467537801'),
(17020202, 'Whitney', 'Carlson', '1995/2/18', 1, '2017/3/21', 2.64, 'Whitney.Carlson@etu.edu.tr', '05568784911')
;

INSERT INTO GRADUATE(stud_id, grad_grad_date) VALUES 
(16010101, '2020/2/16'),
(17020301, '2021/9/5'),
(14020101, '2018/7/26'),
(14020301, '2018/2/15'),
(13020101, '2018/6/9'),
(15020201, '2020/6/2'),
(16010301, '2020/1/23'),
(13020102, '2018/6/12'),
(13010101, '2018/7/25'),
(13030201, '2017/6/18'),
(17030101, '2022/4/8'),
(17010201, '2021/5/28'),
(13020301, '2018/8/18'),
(16020201, '2020/3/16'),
(14010201, '2018/4/18'),
(15020202, '2020/9/3'),
(15020301, '2020/6/5'),
(15030201, '2020/6/7'),
(17020201, '2022/1/28'),
(15030202, '2020/4/18'),
(15030203, '2019/5/28'),
(14020201, '2019/4/18'),
(16010201, '2021/1/13'),
(13020302, '2018/6/28'),
(13030101, '2018/3/8'),
(16010302, '2020/9/2'),
(15030204, '2020/6/21'),
(14010301, '2019/3/15'),
(14010101, '2019/4/16'),
(16010303, '2020/9/12'),
(13030202, '2018/6/22'),
(15020203, '2019/5/3'),
(16030301, '2020/4/3'),
(17010101, '2022/6/2'),
(15010101, '2019/5/28'),
(13020103, '2017/3/16'),
(14020102, '2018/5/11'),
(14020103, '2019/8/24'),
(14030101, '2019/1/18'),
(16030201, '2021/7/20'),
(17010102, '2022/2/19'),
(13010301, '2018/8/3'),
(15030301, '2020/2/3'),
(17020101, '2022/7/21'),
(16020301, '2020/8/27'),
(17030201, '2021/9/24'),
(16010304, '2020/7/12'),
(15010301, '2019/9/25'),
(16020302, '2020/1/13'),
(16030302, '2021/9/26'),
(14030201, '2018/7/15'),
(16010102, '2020/1/19'),
(13020303, '2017/8/22'),
(16020101, '2021/5/13'),
(16010103, '2021/4/27'),
(15030302, '2019/6/3'),
(16030101, '2020/6/27'),
(16010202, '2020/2/3'),
(14030102, '2018/2/17'),
(16010203, '2021/9/1'),
(15010302, '2020/4/5'),
(16020303, '2020/7/23'),
(17010103, '2022/5/1'),
(15020204, '2019/8/26'),
(14030202, '2018/5/11'),
(16020304, '2020/5/11'),
(13010201, '2018/7/13'),
(13030203, '2018/5/28'),
(15010201, '2019/3/18'),
(15030205, '2020/7/2'),
(13020104, '2017/4/25'),
(15030303, '2020/2/23'),
(17030202, '2021/3/10'),
(16020305, '2020/6/1'),
(17010104, '2021/6/3'),
(15030101, '2019/5/23'),
(15020205, '2019/7/16'),
(17010301, '2022/9/5'),
(14010102, '2019/1/4'),
(14010302, '2019/9/19'),
(16030102, '2021/1/9'),
(15010102, '2020/1/28'),
(17030102, '2022/9/22'),
(15030304, '2020/3/12'),
(17020302, '2022/5/10'),
(15020101, '2019/2/26'),
(15030305, '2020/4/7'),
(16030103, '2020/1/18'),
(15010202, '2020/9/7'),
(15010203, '2020/7/18'),
(13010102, '2017/9/19'),
(13020105, '2018/1/18'),
(16030202, '2021/2/21'),
(17030203, '2022/8/13'),
(15010303, '2019/5/18'),
(17030204, '2021/9/4'),
(13010302, '2018/8/21'),
(16010204, '2020/4/14'),
(17020303, '2022/4/21'),
(17020202, '2022/8/28')
;

INSERT INTO PARENT(pare_id, pare_fname, pare_lname, pare_sex, pare_email, pare_number) VALUES 
(1, 'Estrella', 'Carlson', 1, 'Estrella.Carlson@gmail.com', '05860450013'),
(2, 'Kolby', 'Wang', 0, 'Kolby.Wang@gmail.com', '05589190900'),
(3, 'Clarissa', 'Coleman', 1, 'Clarissa.Coleman@gmail.com', '05227792767'),
(4, 'Kassidy', 'Wiggins', 1, 'Kassidy.Wiggins@gmail.com', '05710743221'),
(5, 'Rolando', 'Moyer', 0, 'Rolando.Moyer@gmail.com', '05312322579'),
(6, 'Adam', 'Christensen', 0, 'Adam.Christensen@gmail.com', '05878047912'),
(7, 'Fabian', 'Wilcox', 0, 'Fabian.Wilcox@gmail.com', '05469783086'),
(8, 'Jaslene', 'Gay', 1, 'Jaslene.Gay@gmail.com', '05884262341'),
(9, 'Bria', 'Mcneil', 1, 'Bria.Mcneil@gmail.com', '05239120305'),
(10, 'Jessie', 'Stout', 1, 'Jessie.Stout@gmail.com', '05685083845'),
(11, 'Ray', 'Peterson', 0, 'Ray.Peterson@gmail.com', '05200456769'),
(12, 'Amiya', 'Frey', 1, 'Amiya.Frey@gmail.com', '05825155862'),
(13, 'Madalyn', 'Obrien', 1, 'Madalyn.Obrien@gmail.com', '05973279053'),
(14, 'Leland', 'Golden', 0, 'Leland.Golden@gmail.com', '05682250471'),
(15, 'Corey', 'Aguilar', 0, 'Corey.Aguilar@gmail.com', '05657143518'),
(16, 'Nick', 'Chambers', 0, 'Nick.Chambers@gmail.com', '05397214731'),
(17, 'Catalina', 'Fitzpatrick', 1, 'Catalina.Fitzpatrick@gmail.com', '05568525845'),
(18, 'Reed', 'Arnold', 0, 'Reed.Arnold@gmail.com', '05476757797'),
(19, 'Noah', 'Green', 0, 'Noah.Green@gmail.com', '05641026159'),
(20, 'Josue', 'Harrell', 0, 'Josue.Harrell@gmail.com', '05835512074'),
(21, 'Ernesto', 'Douglas', 0, 'Ernesto.Douglas@gmail.com', '05041913843'),
(22, 'Yosef', 'Mercer', 0, 'Yosef.Mercer@gmail.com', '05742358333'),
(23, 'Frida', 'Lee', 1, 'Frida.Lee@gmail.com', '05189318974'),
(24, 'Cameron', 'Bishop', 1, 'Cameron.Bishop@gmail.com', '05805181649'),
(25, 'Ainsley', 'Parsons', 1, 'Ainsley.Parsons@gmail.com', '05275220758'),
(26, 'Rudy', 'Hall', 0, 'Rudy.Hall@gmail.com', '05734522135'),
(27, 'Joanna', 'Hicks', 1, 'Joanna.Hicks@gmail.com', '05225399529'),
(28, 'Lucy', 'Wyatt', 1, 'Lucy.Wyatt@gmail.com', '05413400296'),
(29, 'Riya', 'Craig', 1, 'Riya.Craig@gmail.com', '05087402210'),
(30, 'Malakai', 'Copeland', 0, 'Malakai.Copeland@gmail.com', '05505759641'),
(31, 'Melany', 'Ramos', 1, 'Melany.Ramos@gmail.com', '05677928531'),
(32, 'Margaret', 'Mayer', 1, 'Margaret.Mayer@gmail.com', '05026447403'),
(33, 'Deandre', 'Preston', 0, 'Deandre.Preston@gmail.com', '05895051188'),
(34, 'Jamiya', 'Shaw', 1, 'Jamiya.Shaw@gmail.com', '05880655939'),
(35, 'Jade', 'Hutchinson', 1, 'Jade.Hutchinson@gmail.com', '05541583004'),
(36, 'Madalynn', 'Chung', 1, 'Madalynn.Chung@gmail.com', '05117345333'),
(37, 'Kinley', 'Fields', 1, 'Kinley.Fields@gmail.com', '05501194211'),
(38, 'Malachi', 'Sanders', 0, 'Malachi.Sanders@gmail.com', '05457858289'),
(39, 'Rylee', 'Dodson', 1, 'Rylee.Dodson@gmail.com', '05603469995'),
(40, 'Ana', 'Curry', 1, 'Ana.Curry@gmail.com', '05681302401'),
(41, 'Lauren', 'Larsen', 1, 'Lauren.Larsen@gmail.com', '05875813063'),
(42, 'Emmanuel', 'Huber', 0, 'Emmanuel.Huber@gmail.com', '05825744414'),
(43, 'Alexia', 'Norton', 1, 'Alexia.Norton@gmail.com', '05743906093'),
(44, 'Dylan', 'Lucero', 0, 'Dylan.Lucero@gmail.com', '05899298777'),
(45, 'Laylah', 'Ware', 1, 'Laylah.Ware@gmail.com', '05258691202'),
(46, 'Gwendolyn', 'Dunn', 1, 'Gwendolyn.Dunn@gmail.com', '05707328937'),
(47, 'Michaela', 'Harmon', 1, 'Michaela.Harmon@gmail.com', '05613402166'),
(48, 'Lara', 'Ferguson', 1, 'Lara.Ferguson@gmail.com', '05422545963'),
(49, 'Giovanna', 'Bond', 1, 'Giovanna.Bond@gmail.com', '05029912616'),
(50, 'Lucian', 'Allen', 0, 'Lucian.Allen@gmail.com', '05195523286'),
(51, 'Ronin', 'Olson', 0, 'Ronin.Olson@gmail.com', '05864570969'),
(52, 'Lucille', 'Blanchard', 1, 'Lucille.Blanchard@gmail.com', '05800281058'),
(53, 'Yareli', 'Sparks', 1, 'Yareli.Sparks@gmail.com', '05388626236'),
(54, 'Kasey', 'Hernandez', 0, 'Kasey.Hernandez@gmail.com', '05386593404'),
(55, 'Luca', 'Page', 0, 'Luca.Page@gmail.com', '05683088814'),
(56, 'Emmalee', 'Farmer', 1, 'Emmalee.Farmer@gmail.com', '05374117058'),
(57, 'Paulina', 'Mcintosh', 1, 'Paulina.Mcintosh@gmail.com', '05704275638'),
(58, 'Valentino', 'Galloway', 0, 'Valentino.Galloway@gmail.com', '05120204616'),
(59, 'Mckayla', 'Savage', 1, 'Mckayla.Savage@gmail.com', '05053059806'),
(60, 'Melody', 'Giles', 1, 'Melody.Giles@gmail.com', '05179653685'),
(61, 'Gloria', 'Terrell', 1, 'Gloria.Terrell@gmail.com', '05713106739'),
(62, 'Garrett', 'Strickland', 0, 'Garrett.Strickland@gmail.com', '05403505286'),
(63, 'Isla', 'Bridges', 1, 'Isla.Bridges@gmail.com', '05713071583'),
(64, 'Kate', 'Orr', 1, 'Kate.Orr@gmail.com', '05862765866'),
(65, 'Ruben', 'Burgess', 0, 'Ruben.Burgess@gmail.com', '05188706554'),
(66, 'Ismael', 'Johns', 0, 'Ismael.Johns@gmail.com', '05735005557'),
(67, 'Justus', 'Stone', 0, 'Justus.Stone@gmail.com', '05930736356'),
(68, 'Amari', 'Pierce', 0, 'Amari.Pierce@gmail.com', '05437382930'),
(69, 'Keegan', 'Roberts', 0, 'Keegan.Roberts@gmail.com', '05768336090'),
(70, 'Phillip', 'Fleming', 0, 'Phillip.Fleming@gmail.com', '05017845400'),
(71, 'Slade', 'Bowman', 0, 'Slade.Bowman@gmail.com', '05054447525'),
(72, 'Roderick', 'Ball', 0, 'Roderick.Ball@gmail.com', '05674203420'),
(73, 'Hector', 'Walker', 0, 'Hector.Walker@gmail.com', '05749201529'),
(74, 'Mira', 'Villa', 1, 'Mira.Villa@gmail.com', '05694569119'),
(75, 'Elisa', 'Quinn', 1, 'Elisa.Quinn@gmail.com', '05310954939'),
(76, 'Tristen', 'Wu', 0, 'Tristen.Wu@gmail.com', '05019483353'),
(77, 'Ariel', 'Shea', 1, 'Ariel.Shea@gmail.com', '05053986878'),
(78, 'Marcus', 'Hogan', 0, 'Marcus.Hogan@gmail.com', '05137740729'),
(79, 'Nancy', 'Davis', 1, 'Nancy.Davis@gmail.com', '05053398907'),
(80, 'Kaylen', 'Medina', 1, 'Kaylen.Medina@gmail.com', '05207804866'),
(81, 'Anabelle', 'Roy', 1, 'Anabelle.Roy@gmail.com', '05375360475'),
(82, 'Gerardo', 'Key', 0, 'Gerardo.Key@gmail.com', '05104114824'),
(83, 'Zane', 'Pollard', 0, 'Zane.Pollard@gmail.com', '05106893404'),
(84, 'Rhett', 'Mccormick', 0, 'Rhett.Mccormick@gmail.com', '05235203948'),
(85, 'Douglas', 'Mckay', 0, 'Douglas.Mckay@gmail.com', '05227821235'),
(86, 'Max', 'House', 0, 'Max.House@gmail.com', '05446787386'),
(87, 'Kali', 'Simmons', 1, 'Kali.Simmons@gmail.com', '05476992799'),
(88, 'Penelope', 'Mccall', 1, 'Penelope.Mccall@gmail.com', '05898043728'),
(89, 'Jacqueline', 'Gibbs', 1, 'Jacqueline.Gibbs@gmail.com', '05586247093'),
(90, 'Brayan', 'Hunter', 0, 'Brayan.Hunter@gmail.com', '05938129233'),
(91, 'Tamia', 'Porter', 1, 'Tamia.Porter@gmail.com', '05139601449'),
(92, 'Clara', 'Johnston', 1, 'Clara.Johnston@gmail.com', '05738468909'),
(93, 'Salvador', 'Peters', 0, 'Salvador.Peters@gmail.com', '05728642177'),
(94, 'Trevon', 'Thompson', 0, 'Trevon.Thompson@gmail.com', '05803159283'),
(95, 'Mercedes', 'Alvarez', 1, 'Mercedes.Alvarez@gmail.com', '05260250168'),
(96, 'Tripp', 'Raymond', 0, 'Tripp.Raymond@gmail.com', '05762180022'),
(97, 'Reynaldo', 'Huff', 0, 'Reynaldo.Huff@gmail.com', '05730658062'),
(98, 'Marcos', 'Charles', 0, 'Marcos.Charles@gmail.com', '05488714514'),
(99, 'Jerimiah', 'Kelly', 0, 'Jerimiah.Kelly@gmail.com', '05657870375'),
(100, 'Casey', 'Foley', 0, 'Casey.Foley@gmail.com', '05777794236'),
(101, 'Xavier', 'Wright', 0, 'Xavier.Wright@gmail.com', '05634215654'),
(102, 'Tanya', 'Morales', 1, 'Tanya.Morales@gmail.com', '05250480110'),
(103, 'Ali', 'Nelson', 0, 'Ali.Nelson@gmail.com', '05099414207'),
(104, 'Jaylene', 'Oneill', 1, 'Jaylene.Oneill@gmail.com', '05336002475'),
(105, 'Jasper', 'Paul', 0, 'Jasper.Paul@gmail.com', '05743776096'),
(106, 'Salvatore', 'Burns', 0, 'Salvatore.Burns@gmail.com', '05540160076'),
(107, 'Hayden', 'Whitehead', 1, 'Hayden.Whitehead@gmail.com', '05233492106'),
(108, 'Lizeth', 'Cantrell', 1, 'Lizeth.Cantrell@gmail.com', '05966565364'),
(109, 'Mohammad', 'Hayden', 0, 'Mohammad.Hayden@gmail.com', '05511710363'),
(110, 'Julian', 'Stanley', 0, 'Julian.Stanley@gmail.com', '05821043751'),
(111, 'Cohen', 'Dean', 0, 'Cohen.Dean@gmail.com', '05760398903'),
(112, 'Austin', 'Hays', 0, 'Austin.Hays@gmail.com', '05445671053'),
(113, 'Luciano', 'Crosby', 0, 'Luciano.Crosby@gmail.com', '05694189262'),
(114, 'Royce', 'Holder', 0, 'Royce.Holder@gmail.com', '05452362615'),
(115, 'Manuel', 'Branch', 0, 'Manuel.Branch@gmail.com', '05084482772'),
(116, 'Macy', 'David', 1, 'Macy.David@gmail.com', '05666782107'),
(117, 'Russell', 'Bush', 0, 'Russell.Bush@gmail.com', '05994377894'),
(118, 'Savannah', 'Butler', 1, 'Savannah.Butler@gmail.com', '05078245495'),
(119, 'Jax', 'Garcia', 0, 'Jax.Garcia@gmail.com', '05115536215'),
(120, 'Dayana', 'Wilkinson', 1, 'Dayana.Wilkinson@gmail.com', '05969670207'),
(121, 'Leia', 'Herring', 1, 'Leia.Herring@gmail.com', '05573222769'),
(122, 'Keaton', 'Norman', 0, 'Keaton.Norman@gmail.com', '05483224866'),
(123, 'Laci', 'Gaines', 1, 'Laci.Gaines@gmail.com', '05761703630'),
(124, 'Killian', 'Hudson', 0, 'Killian.Hudson@gmail.com', '05365761669'),
(125, 'Makayla', 'Livingston', 1, 'Makayla.Livingston@gmail.com', '05259837411'),
(126, 'Mila', 'Dougherty', 1, 'Mila.Dougherty@gmail.com', '05509075118'),
(127, 'Cristian', 'Mosley', 0, 'Cristian.Mosley@gmail.com', '05343622658'),
(128, 'Julio', 'Irwin', 0, 'Julio.Irwin@gmail.com', '05914877216'),
(129, 'Daniella', 'Alvarado', 1, 'Daniella.Alvarado@gmail.com', '05890301191'),
(130, 'Devon', 'Terry', 0, 'Devon.Terry@gmail.com', '05407683714'),
(131, 'Oliver', 'Mooney', 0, 'Oliver.Mooney@gmail.com', '05079890684'),
(132, 'Myles', 'Montes', 0, 'Myles.Montes@gmail.com', '05470889944'),
(133, 'Taylor', 'Trujillo', 1, 'Taylor.Trujillo@gmail.com', '05127418092'),
(134, 'Maren', 'Payne', 1, 'Maren.Payne@gmail.com', '05215473023'),
(135, 'Christine', 'Armstrong', 1, 'Christine.Armstrong@gmail.com', '05550464013'),
(136, 'Lindsay', 'Lloyd', 1, 'Lindsay.Lloyd@gmail.com', '05186106432'),
(137, 'Erick', 'Solis', 0, 'Erick.Solis@gmail.com', '05042554825'),
(138, 'Azul', 'Cowan', 1, 'Azul.Cowan@gmail.com', '05595298734'),
(139, 'Francis', 'Barry', 0, 'Francis.Barry@gmail.com', '05225869363'),
(140, 'Aracely', 'Mason', 1, 'Aracely.Mason@gmail.com', '05785199948'),
(141, 'Eugene', 'Valentine', 0, 'Eugene.Valentine@gmail.com', '05585480063'),
(142, 'Kadin', 'Palmer', 0, 'Kadin.Palmer@gmail.com', '05116062593'),
(143, 'Shelby', 'Roach', 1, 'Shelby.Roach@gmail.com', '05060055049'),
(144, 'Howard', 'Baxter', 0, 'Howard.Baxter@gmail.com', '05602709249'),
(145, 'Reagan', 'Simpson', 1, 'Reagan.Simpson@gmail.com', '05833092544'),
(146, 'Leo', 'Ibarra', 0, 'Leo.Ibarra@gmail.com', '05688182266'),
(147, 'Makenzie', 'Zamora', 1, 'Makenzie.Zamora@gmail.com', '05968085120'),
(148, 'Jazlynn', 'Vang', 1, 'Jazlynn.Vang@gmail.com', '05408872455'),
(149, 'Hailie', 'Prince', 1, 'Hailie.Prince@gmail.com', '05326772361'),
(150, 'Rodney', 'Bender', 0, 'Rodney.Bender@gmail.com', '05144668956'),
(151, 'Emily', 'Mann', 1, 'Emily.Mann@gmail.com', '05437902410'),
(152, 'Myla', 'Swanson', 1, 'Myla.Swanson@gmail.com', '05664810966'),
(153, 'Ariella', 'Doyle', 1, 'Ariella.Doyle@gmail.com', '05198986535'),
(154, 'Shane', 'Moss', 0, 'Shane.Moss@gmail.com', '05239792789'),
(155, 'Amira', 'Ryan', 1, 'Amira.Ryan@gmail.com', '05435653386'),
(156, 'Kael', 'Owen', 0, 'Kael.Owen@gmail.com', '05636211030'),
(157, 'Ricky', 'Bennett', 0, 'Ricky.Bennett@gmail.com', '05937105351'),
(158, 'Siena', 'Caldwell', 1, 'Siena.Caldwell@gmail.com', '05836264801'),
(159, 'Dean', 'Drake', 0, 'Dean.Drake@gmail.com', '05997112150'),
(160, 'Jaelynn', 'Montoya', 1, 'Jaelynn.Montoya@gmail.com', '05761499580'),
(161, 'Jaelyn', 'Padilla', 1, 'Jaelyn.Padilla@gmail.com', '05670071347'),
(162, 'Edith', 'Wagner', 1, 'Edith.Wagner@gmail.com', '05666893842'),
(163, 'Madelynn', 'Ruiz', 1, 'Madelynn.Ruiz@gmail.com', '05692563515'),
(164, 'Heaven', 'Abbott', 1, 'Heaven.Abbott@gmail.com', '05550886733'),
(165, 'Rose', 'York', 1, 'Rose.York@gmail.com', '05913517962'),
(166, 'Callie', 'Murillo', 1, 'Callie.Murillo@gmail.com', '05505079502'),
(167, 'Reece', 'Bowers', 0, 'Reece.Bowers@gmail.com', '05436101463'),
(168, 'Oscar', 'Chase', 0, 'Oscar.Chase@gmail.com', '05831729089'),
(169, 'Selena', 'Rubio', 1, 'Selena.Rubio@gmail.com', '05678540768'),
(170, 'Bernard', 'Rivers', 0, 'Bernard.Rivers@gmail.com', '05654710291'),
(171, 'David', 'Solomon', 0, 'David.Solomon@gmail.com', '05485605575'),
(172, 'Charlie', 'Hardin', 1, 'Charlie.Hardin@gmail.com', '05598686608'),
(173, 'Marc', 'Wong', 0, 'Marc.Wong@gmail.com', '05291440545'),
(174, 'Jayson', 'Schwartz', 0, 'Jayson.Schwartz@gmail.com', '05084551267'),
(175, 'Cassius', 'Bryant', 0, 'Cassius.Bryant@gmail.com', '05746628446'),
(176, 'Vance', 'Fisher', 0, 'Vance.Fisher@gmail.com', '05749916430'),
(177, 'Oswaldo', 'Patrick', 0, 'Oswaldo.Patrick@gmail.com', '05736065842'),
(178, 'Shyanne', 'Yang', 1, 'Shyanne.Yang@gmail.com', '05832798575'),
(179, 'Rowan', 'Todd', 0, 'Rowan.Todd@gmail.com', '05735508760'),
(180, 'Jovanny', 'Henderson', 0, 'Jovanny.Henderson@gmail.com', '05858552022'),
(181, 'Cullen', 'Soto', 0, 'Cullen.Soto@gmail.com', '05695645108'),
(182, 'Jaydan', 'Ayala', 0, 'Jaydan.Ayala@gmail.com', '05356234474'),
(183, 'Winston', 'Murphy', 0, 'Winston.Murphy@gmail.com', '05407622028'),
(184, 'Reid', 'Turner', 0, 'Reid.Turner@gmail.com', '05528069965'),
(185, 'Aditya', 'Frazier', 0, 'Aditya.Frazier@gmail.com', '05185524299'),
(186, 'Uriah', 'Harrington', 0, 'Uriah.Harrington@gmail.com', '05853055829'),
(187, 'Roy', 'Kelley', 0, 'Roy.Kelley@gmail.com', '05862779441'),
(188, 'Naomi', 'Sexton', 1, 'Naomi.Sexton@gmail.com', '05827466357'),
(189, 'Karson', 'Baldwin', 0, 'Karson.Baldwin@gmail.com', '05245959916'),
(190, 'Ally', 'Owens', 1, 'Ally.Owens@gmail.com', '05867721075'),
(191, 'Carson', 'Washington', 0, 'Carson.Washington@gmail.com', '05250005725'),
(192, 'Celeste', 'Sheppard', 1, 'Celeste.Sheppard@gmail.com', '05014005694'),
(193, 'Henry', 'Cannon', 0, 'Henry.Cannon@gmail.com', '05349668271'),
(194, 'Kai', 'Weber', 0, 'Kai.Weber@gmail.com', '05174669188'),
(195, 'Markus', 'Simon', 0, 'Markus.Simon@gmail.com', '05261920589'),
(196, 'Paige', 'Neal', 1, 'Paige.Neal@gmail.com', '05871610784'),
(197, 'Janiyah', 'Gillespie', 1, 'Janiyah.Gillespie@gmail.com', '05873793532'),
(198, 'Mary', 'Mcpherson', 1, 'Mary.Mcpherson@gmail.com', '05583763650'),
(199, 'Angelo', 'Calhoun', 0, 'Angelo.Calhoun@gmail.com', '05328326935'),
(200, 'Savanna', 'Mathews', 1, 'Savanna.Mathews@gmail.com', '05071446847'),
(201, 'Bradley', 'Costa', 0, 'Bradley.Costa@gmail.com', '05210807064'),
(202, 'Adelyn', 'Farrell', 1, 'Adelyn.Farrell@gmail.com', '05283078560'),
(203, 'Jaylyn', 'Gibson', 1, 'Jaylyn.Gibson@gmail.com', '05490086042'),
(204, 'Maurice', 'Rivas', 0, 'Maurice.Rivas@gmail.com', '05527224855'),
(205, 'Justin', 'Cline', 0, 'Justin.Cline@gmail.com', '05802851036'),
(206, 'Izaiah', 'Rice', 0, 'Izaiah.Rice@gmail.com', '05854458796'),
(207, 'River', 'Mckinney', 0, 'River.Mckinney@gmail.com', '05564972477'),
(208, 'Cole', 'Peck', 0, 'Cole.Peck@gmail.com', '05245350995'),
(209, 'Franklin', 'Travis', 0, 'Franklin.Travis@gmail.com', '05943033877'),
(210, 'Gabriella', 'Walter', 1, 'Gabriella.Walter@gmail.com', '05153512360'),
(211, 'Sanai', 'Rodgers', 1, 'Sanai.Rodgers@gmail.com', '05807817515'),
(212, 'Sonia', 'Fritz', 1, 'Sonia.Fritz@gmail.com', '05971271929'),
(213, 'Tucker', 'Cordova', 0, 'Tucker.Cordova@gmail.com', '05209457729'),
(214, 'Kenna', 'Howell', 1, 'Kenna.Howell@gmail.com', '05755637107'),
(215, 'Brian', 'West', 0, 'Brian.West@gmail.com', '05846158006'),
(216, 'Anderson', 'Andrews', 0, 'Anderson.Andrews@gmail.com', '05715489373'),
(217, 'Brodie', 'Vaughn', 0, 'Brodie.Vaughn@gmail.com', '05805727444'),
(218, 'Keira', 'Miranda', 1, 'Keira.Miranda@gmail.com', '05268178930'),
(219, 'Mathew', 'Cameron', 0, 'Mathew.Cameron@gmail.com', '05724671926'),
(220, 'Ignacio', 'Lowe', 0, 'Ignacio.Lowe@gmail.com', '05376143796'),
(221, 'Marlon', 'Barker', 0, 'Marlon.Barker@gmail.com', '05434528704'),
(222, 'Lucia', 'Roberson', 1, 'Lucia.Roberson@gmail.com', '05953055670'),
(223, 'Cedric', 'Nash', 0, 'Cedric.Nash@gmail.com', '05830109727'),
(224, 'Stephen', 'Ferrell', 0, 'Stephen.Ferrell@gmail.com', '05197169635'),
(225, 'Isabella', 'Clarke', 1, 'Isabella.Clarke@gmail.com', '05176665881'),
(226, 'Theresa', 'Nielsen', 1, 'Theresa.Nielsen@gmail.com', '05283186821'),
(227, 'Layton', 'Stevenson', 0, 'Layton.Stevenson@gmail.com', '05139293044'),
(228, 'Angeline', 'Downs', 1, 'Angeline.Downs@gmail.com', '05270788851'),
(229, 'Braden', 'Ramirez', 0, 'Braden.Ramirez@gmail.com', '05443025448'),
(230, 'Yuliana', 'Erickson', 1, 'Yuliana.Erickson@gmail.com', '05899394708'),
(231, 'Haylee', 'English', 1, 'Haylee.English@gmail.com', '05888865992'),
(232, 'Angelica', 'Liu', 1, 'Angelica.Liu@gmail.com', '05865502472'),
(233, 'Coleman', 'Krueger', 0, 'Coleman.Krueger@gmail.com', '05178560570'),
(234, 'Shea', 'Richmond', 1, 'Shea.Richmond@gmail.com', '05033722065'),
(235, 'Kyan', 'Shannon', 0, 'Kyan.Shannon@gmail.com', '05336595733'),
(236, 'Maxim', 'Oconnell', 0, 'Maxim.Oconnell@gmail.com', '05368437694'),
(237, 'Zoey', 'Grimes', 1, 'Zoey.Grimes@gmail.com', '05845263049'),
(238, 'Natalie', 'Davenport', 1, 'Natalie.Davenport@gmail.com', '05509093395'),
(239, 'Hana', 'Moore', 1, 'Hana.Moore@gmail.com', '05433192684'),
(240, 'Peyton', 'Carpenter', 0, 'Peyton.Carpenter@gmail.com', '05181686538'),
(241, 'Lorenzo', 'Carroll', 0, 'Lorenzo.Carroll@gmail.com', '05726088675'),
(242, 'Camron', 'Long', 0, 'Camron.Long@gmail.com', '05831210975'),
(243, 'Roberto', 'Potter', 0, 'Roberto.Potter@gmail.com', '05698464499'),
(244, 'Ronnie', 'Novak', 0, 'Ronnie.Novak@gmail.com', '05841620142'),
(245, 'Aryan', 'Sellers', 0, 'Aryan.Sellers@gmail.com', '05441651381'),
(246, 'Priscilla', 'Guerrero', 1, 'Priscilla.Guerrero@gmail.com', '05985524748'),
(247, 'Anabel', 'Bradley', 1, 'Anabel.Bradley@gmail.com', '05911048488'),
(248, 'Jairo', 'Garza', 0, 'Jairo.Garza@gmail.com', '05160498517'),
(249, 'Adalyn', 'Fox', 1, 'Adalyn.Fox@gmail.com', '05323918769'),
(250, 'Addisyn', 'Rasmussen', 1, 'Addisyn.Rasmussen@gmail.com', '05014852869'),
(251, 'Tyrone', 'Morton', 0, 'Tyrone.Morton@gmail.com', '05044007098'),
(252, 'Jazlene', 'Osborne', 1, 'Jazlene.Osborne@gmail.com', '05145921833'),
(253, 'Aubrey', 'Zhang', 1, 'Aubrey.Zhang@gmail.com', '05719105120'),
(254, 'Raelynn', 'Blake', 1, 'Raelynn.Blake@gmail.com', '05438137981'),
(255, 'Bruce', 'Lopez', 0, 'Bruce.Lopez@gmail.com', '05627920234'),
(256, 'Isabell', 'Lutz', 1, 'Isabell.Lutz@gmail.com', '05339161197'),
(257, 'Iris', 'Potts', 1, 'Iris.Potts@gmail.com', '05688576891'),
(258, 'Aarav', 'Flowers', 0, 'Aarav.Flowers@gmail.com', '05866801428'),
(259, 'Savion', 'Nunez', 0, 'Savion.Nunez@gmail.com', '05713824898'),
(260, 'Pierre', 'Espinoza', 0, 'Pierre.Espinoza@gmail.com', '05636527681'),
(261, 'Kathy', 'Beard', 1, 'Kathy.Beard@gmail.com', '05755009106'),
(262, 'Marshall', 'Day', 0, 'Marshall.Day@gmail.com', '05115596573'),
(263, 'Maddox', 'Ramsey', 0, 'Maddox.Ramsey@gmail.com', '05192851125'),
(264, 'Osvaldo', 'Andrade', 0, 'Osvaldo.Andrade@gmail.com', '05210122925'),
(265, 'Bailey', 'Molina', 0, 'Bailey.Molina@gmail.com', '05274831372'),
(266, 'Izayah', 'Barnes', 0, 'Izayah.Barnes@gmail.com', '05445768368'),
(267, 'Kaitlyn', 'Berg', 1, 'Kaitlyn.Berg@gmail.com', '05011206939'),
(268, 'Veronica', 'Rose', 1, 'Veronica.Rose@gmail.com', '05697746904'),
(269, 'Lamar', 'Shelton', 0, 'Lamar.Shelton@gmail.com', '05032081882'),
(270, 'Damari', 'Hanna', 0, 'Damari.Hanna@gmail.com', '05441236349'),
(271, 'Giada', 'Lewis', 1, 'Giada.Lewis@gmail.com', '05879589165'),
(272, 'Dominique', 'Mccoy', 1, 'Dominique.Mccoy@gmail.com', '05030338539'),
(273, 'Leslie', 'Navarro', 1, 'Leslie.Navarro@gmail.com', '05330976061'),
(274, 'Kyra', 'Houston', 1, 'Kyra.Houston@gmail.com', '05264372114'),
(275, 'Kathleen', 'Rowland', 1, 'Kathleen.Rowland@gmail.com', '05760713753'),
(276, 'Zackary', 'Hensley', 0, 'Zackary.Hensley@gmail.com', '05515422739'),
(277, 'Jerry', 'Adams', 0, 'Jerry.Adams@gmail.com', '05556869296'),
(278, 'Brielle', 'George', 1, 'Brielle.George@gmail.com', '05699184602'),
(279, 'Travis', 'Leon', 0, 'Travis.Leon@gmail.com', '05085458379'),
(280, 'Brylee', 'Christian', 1, 'Brylee.Christian@gmail.com', '05679711336'),
(281, 'Alma', 'Williams', 1, 'Alma.Williams@gmail.com', '05752112655'),
(282, 'Sidney', 'Hatfield', 0, 'Sidney.Hatfield@gmail.com', '05109156149'),
(283, 'Danica', 'Whitaker', 1, 'Danica.Whitaker@gmail.com', '05187222056'),
(284, 'Dominik', 'Blair', 0, 'Dominik.Blair@gmail.com', '05812299753'),
(285, 'Connor', 'Warren', 0, 'Connor.Warren@gmail.com', '05245059265'),
(286, 'Mariyah', 'Carney', 1, 'Mariyah.Carney@gmail.com', '05278494096'),
(287, 'Keyon', 'Ballard', 0, 'Keyon.Ballard@gmail.com', '05040038347'),
(288, 'Kallie', 'Weaver', 1, 'Kallie.Weaver@gmail.com', '05295413967'),
(289, 'Julianna', 'Daugherty', 1, 'Julianna.Daugherty@gmail.com', '05877276099'),
(290, 'Rosa', 'Frank', 1, 'Rosa.Frank@gmail.com', '05016062752'),
(291, 'Sebastian', 'Fischer', 0, 'Sebastian.Fischer@gmail.com', '05966254282'),
(292, 'Brooks', 'Kent', 0, 'Brooks.Kent@gmail.com', '05944745778'),
(293, 'Izabella', 'Berry', 1, 'Izabella.Berry@gmail.com', '05698983308'),
(294, 'Miracle', 'Lucas', 1, 'Miracle.Lucas@gmail.com', '05673211418'),
(295, 'Mollie', 'Massey', 1, 'Mollie.Massey@gmail.com', '05434903994'),
(296, 'Cash', 'White', 0, 'Cash.White@gmail.com', '05278609655'),
(297, 'Nicolas', 'Price', 0, 'Nicolas.Price@gmail.com', '05146418367'),
(298, 'Alexis', 'Cooper', 1, 'Alexis.Cooper@gmail.com', '05393784344'),
(299, 'Denise', 'Morse', 1, 'Denise.Morse@gmail.com', '05334299934'),
(300, 'Davis', 'Gonzales', 0, 'Davis.Gonzales@gmail.com', '05179107099'),
(301, 'Semaj', 'Salas', 0, 'Semaj.Salas@gmail.com', '05219745319'),
(302, 'Riley', 'Schmitt', 0, 'Riley.Schmitt@gmail.com', '05306420940'),
(303, 'Turner', 'Dixon', 0, 'Turner.Dixon@gmail.com', '05933835975'),
(304, 'Rohan', 'Powers', 0, 'Rohan.Powers@gmail.com', '05616248135'),
(305, 'Camryn', 'Cooke', 0, 'Camryn.Cooke@gmail.com', '05107392315'),
(306, 'Santos', 'Kirby', 0, 'Santos.Kirby@gmail.com', '05132829562'),
(307, 'Frank', 'Gordon', 0, 'Frank.Gordon@gmail.com', '05866699154'),
(308, 'Kailyn', 'Dudley', 1, 'Kailyn.Dudley@gmail.com', '05487820569'),
(309, 'Darion', 'Roman', 0, 'Darion.Roman@gmail.com', '05144220440'),
(310, 'Alissa', 'Heath', 1, 'Alissa.Heath@gmail.com', '05611736303'),
(311, 'Ali', 'Brock', 1, 'Ali.Brock@gmail.com', '05050319290'),
(312, 'Cadence', 'Herrera', 1, 'Cadence.Herrera@gmail.com', '05478724756'),
(313, 'Micaela', 'Burnett', 1, 'Micaela.Burnett@gmail.com', '05741571872'),
(314, 'Shyann', 'Bates', 1, 'Shyann.Bates@gmail.com', '05447389435'),
(315, 'Jeffrey', 'Poole', 0, 'Jeffrey.Poole@gmail.com', '05574961730'),
(316, 'Billy', 'Galvan', 0, 'Billy.Galvan@gmail.com', '05397596900'),
(317, 'Delilah', 'Hoffman', 1, 'Delilah.Hoffman@gmail.com', '05076931434'),
(318, 'Aniyah', 'Howard', 1, 'Aniyah.Howard@gmail.com', '05829293230'),
(319, 'Jadyn', 'Marsh', 1, 'Jadyn.Marsh@gmail.com', '05923514652'),
(320, 'Brennen', 'Durham', 0, 'Brennen.Durham@gmail.com', '05977030443'),
(321, 'Madison', 'Wells', 1, 'Madison.Wells@gmail.com', '05375690846'),
(322, 'Chaim', 'Nguyen', 0, 'Chaim.Nguyen@gmail.com', '05950517891'),
(323, 'Liliana', 'Newman', 1, 'Liliana.Newman@gmail.com', '05899145691'),
(324, 'Hailee', 'Cherry', 1, 'Hailee.Cherry@gmail.com', '05697883482'),
(325, 'Cody', 'Rollins', 0, 'Cody.Rollins@gmail.com', '05517218607'),
(326, 'Isaias', 'Shields', 0, 'Isaias.Shields@gmail.com', '05876465773'),
(327, 'Case', 'Lynn', 0, 'Case.Lynn@gmail.com', '05047397670'),
(328, 'Jamie', 'Elliott', 1, 'Jamie.Elliott@gmail.com', '05952014786'),
(329, 'Claire', 'Goodwin', 1, 'Claire.Goodwin@gmail.com', '05213793052'),
(330, 'Nicholas', 'Mcdaniel', 0, 'Nicholas.Mcdaniel@gmail.com', '05942629850'),
(331, 'Reagan', 'Robles', 0, 'Reagan.Robles@gmail.com', '05202892561'),
(332, 'Taniyah', 'Benjamin', 1, 'Taniyah.Benjamin@gmail.com', '05779076207'),
(333, 'Jazmine', 'Walls', 1, 'Jazmine.Walls@gmail.com', '05098975195'),
(334, 'Kyleigh', 'Cooley', 1, 'Kyleigh.Cooley@gmail.com', '05948395587'),
(335, 'Johnathan', 'Riley', 0, 'Johnathan.Riley@gmail.com', '05645467393'),
(336, 'Cloe', 'Mccann', 1, 'Cloe.Mccann@gmail.com', '05359889540'),
(337, 'Journey', 'Mccarty', 1, 'Journey.Mccarty@gmail.com', '05989639375'),
(338, 'Reese', 'Estes', 1, 'Reese.Estes@gmail.com', '05057788240'),
(339, 'Jaylynn', 'Zavala', 1, 'Jaylynn.Zavala@gmail.com', '05059103173'),
(340, 'Troy', 'Glass', 0, 'Troy.Glass@gmail.com', '05481439940'),
(341, 'Keyla', 'Mejia', 1, 'Keyla.Mejia@gmail.com', '05002026199'),
(342, 'Haven', 'Wise', 1, 'Haven.Wise@gmail.com', '05868476904'),
(343, 'Eduardo', 'Mcmahon', 0, 'Eduardo.Mcmahon@gmail.com', '05584690702'),
(344, 'Brooklynn', 'Horn', 1, 'Brooklynn.Horn@gmail.com', '05496227173'),
(345, 'Roselyn', 'Dyer', 1, 'Roselyn.Dyer@gmail.com', '05153955315'),
(346, 'Janiah', 'Choi', 1, 'Janiah.Choi@gmail.com', '05178240452'),
(347, 'Ulises', 'Madden', 0, 'Ulises.Madden@gmail.com', '05021759064'),
(348, 'Trinity', 'Bray', 1, 'Trinity.Bray@gmail.com', '05951482291'),
(349, 'Catherine', 'Mcclain', 1, 'Catherine.Mcclain@gmail.com', '05153319736'),
(350, 'Summer', 'Salinas', 1, 'Summer.Salinas@gmail.com', '05742869515'),
(351, 'Luka', 'Santiago', 0, 'Luka.Santiago@gmail.com', '05615836183'),
(352, 'Joel', 'Ford', 0, 'Joel.Ford@gmail.com', '05977863438'),
(353, 'Addyson', 'Mcintyre', 1, 'Addyson.Mcintyre@gmail.com', '05327278935'),
(354, 'Noelle', 'Pace', 1, 'Noelle.Pace@gmail.com', '05259868406'),
(355, 'Shaylee', 'Tucker', 1, 'Shaylee.Tucker@gmail.com', '05517870901'),
(356, 'Rodrigo', 'Griffith', 0, 'Rodrigo.Griffith@gmail.com', '05863857303'),
(357, 'Gina', 'Weiss', 1, 'Gina.Weiss@gmail.com', '05363325154'),
(358, 'Raphael', 'Gonzalez', 0, 'Raphael.Gonzalez@gmail.com', '05157349684'),
(359, 'Junior', 'Stevens', 0, 'Junior.Stevens@gmail.com', '05949601276'),
(360, 'Vanessa', 'Meyers', 1, 'Vanessa.Meyers@gmail.com', '05927434094'),
(361, 'Sophie', 'Vazquez', 1, 'Sophie.Vazquez@gmail.com', '05160348904'),
(362, 'Preston', 'Kennedy', 0, 'Preston.Kennedy@gmail.com', '05374494289'),
(363, 'Ann', 'Leach', 1, 'Ann.Leach@gmail.com', '05993594241'),
(364, 'Heidy', 'Stokes', 1, 'Heidy.Stokes@gmail.com', '05386476883'),
(365, 'Asher', 'Fowler', 0, 'Asher.Fowler@gmail.com', '05706134366'),
(366, 'Milo', 'Brewer', 0, 'Milo.Brewer@gmail.com', '05997512674'),
(367, 'Zain', 'Lyons', 0, 'Zain.Lyons@gmail.com', '05165963200'),
(368, 'Tomas', 'Vargas', 0, 'Tomas.Vargas@gmail.com', '05636282820'),
(369, 'Karlee', 'Walsh', 1, 'Karlee.Walsh@gmail.com', '05045234850'),
(370, 'Tara', 'Brandt', 1, 'Tara.Brandt@gmail.com', '05719032253'),
(371, 'Kendall', 'Cabrera', 0, 'Kendall.Cabrera@gmail.com', '05129504818'),
(372, 'Finn', 'Whitney', 0, 'Finn.Whitney@gmail.com', '05328823046'),
(373, 'Lillie', 'Reed', 1, 'Lillie.Reed@gmail.com', '05690038539'),
(374, 'Damon', 'Malone', 0, 'Damon.Malone@gmail.com', '05017698493'),
(375, 'Simeon', 'Michael', 0, 'Simeon.Michael@gmail.com', '05404708615'),
(376, 'Gordon', 'Acosta', 0, 'Gordon.Acosta@gmail.com', '05745598653'),
(377, 'Jayleen', 'Gardner', 1, 'Jayleen.Gardner@gmail.com', '05058027521'),
(378, 'Mia', 'Valenzuela', 1, 'Mia.Valenzuela@gmail.com', '05596557299'),
(379, 'Hazel', 'Garrett', 1, 'Hazel.Garrett@gmail.com', '05474259767'),
(380, 'Leyla', 'Townsend', 1, 'Leyla.Townsend@gmail.com', '05796740844'),
(381, 'Abigail', 'Calderon', 1, 'Abigail.Calderon@gmail.com', '05000741856'),
(382, 'Dashawn', 'Fitzgerald', 0, 'Dashawn.Fitzgerald@gmail.com', '05040136820'),
(383, 'Owen', 'Knox', 0, 'Owen.Knox@gmail.com', '05857853408'),
(384, 'Nikhil', 'Case', 0, 'Nikhil.Case@gmail.com', '05036111756'),
(385, 'Amy', 'Finley', 1, 'Amy.Finley@gmail.com', '05684496599'),
(386, 'Karli', 'Gallegos', 1, 'Karli.Gallegos@gmail.com', '05741281153'),
(387, 'Lisa', 'Joseph', 1, 'Lisa.Joseph@gmail.com', '05952229821'),
(388, 'Felix', 'Park', 0, 'Felix.Park@gmail.com', '05513482338'),
(389, 'Landen', 'Love', 0, 'Landen.Love@gmail.com', '05976283513'),
(390, 'Makai', 'Pearson', 0, 'Makai.Pearson@gmail.com', '05591773865'),
(391, 'Zaria', 'Ellis', 1, 'Zaria.Ellis@gmail.com', '05997350298'),
(392, 'Kaiya', 'Adkins', 1, 'Kaiya.Adkins@gmail.com', '05666910208'),
(393, 'Kellen', 'Morgan', 0, 'Kellen.Morgan@gmail.com', '05978474023'),
(394, 'Joyce', 'Reilly', 1, 'Joyce.Reilly@gmail.com', '05041182141'),
(395, 'Livia', 'Marks', 1, 'Livia.Marks@gmail.com', '05783923844'),
(396, 'Elaine', 'Fuller', 1, 'Elaine.Fuller@gmail.com', '05340965571'),
(397, 'Sariah', 'Hayes', 1, 'Sariah.Hayes@gmail.com', '05284698788'),
(398, 'Rihanna', 'Davies', 1, 'Rihanna.Davies@gmail.com', '05363967361'),
(399, 'Kash', 'Carr', 0, 'Kash.Carr@gmail.com', '05306855128'),
(400, 'Shyla', 'Li', 1, 'Shyla.Li@gmail.com', '05202293061'),
(401, 'Santino', 'Carrillo', 0, 'Santino.Carrillo@gmail.com', '05659407717'),
(402, 'John', 'Bullock', 0, 'John.Bullock@gmail.com', '05518222383'),
(403, 'Carissa', 'Walters', 1, 'Carissa.Walters@gmail.com', '05609108281'),
(404, 'Rebecca', 'Barber', 1, 'Rebecca.Barber@gmail.com', '05256029942'),
(405, 'Aylin', 'Lindsey', 1, 'Aylin.Lindsey@gmail.com', '05272402884'),
(406, 'Damien', 'Marquez', 0, 'Damien.Marquez@gmail.com', '05570311426'),
(407, 'Kasey', 'Rogers', 1, 'Kasey.Rogers@gmail.com', '05491588757'),
(408, 'Kira', 'Russell', 1, 'Kira.Russell@gmail.com', '05165345925'),
(409, 'Adison', 'Haney', 1, 'Adison.Haney@gmail.com', '05884957746'),
(410, 'Dakota', 'Ayers', 0, 'Dakota.Ayers@gmail.com', '05073079964'),
(411, 'Allie', 'Taylor', 1, 'Allie.Taylor@gmail.com', '05168962635'),
(412, 'Sterling', 'Arroyo', 0, 'Sterling.Arroyo@gmail.com', '05038934759'),
(413, 'Payton', 'Underwood', 1, 'Payton.Underwood@gmail.com', '05391490024'),
(414, 'Kristin', 'Wolfe', 1, 'Kristin.Wolfe@gmail.com', '05526799333'),
(415, 'Anika', 'Miles', 1, 'Anika.Miles@gmail.com', '05342819913'),
(416, 'Pablo', 'Jordan', 0, 'Pablo.Jordan@gmail.com', '05781703144'),
(417, 'Seamus', 'Braun', 0, 'Seamus.Braun@gmail.com', '05067013584'),
(418, 'Devin', 'Ellison', 0, 'Devin.Ellison@gmail.com', '05885788221'),
(419, 'Jenny', 'Kramer', 1, 'Jenny.Kramer@gmail.com', '05483029408'),
(420, 'Kylan', 'Haley', 0, 'Kylan.Haley@gmail.com', '05569039441'),
(421, 'Brent', 'Glenn', 0, 'Brent.Glenn@gmail.com', '05912765050'),
(422, 'Cristina', 'Mills', 1, 'Cristina.Mills@gmail.com', '05378310179'),
(423, 'Isaiah', 'Logan', 0, 'Isaiah.Logan@gmail.com', '05091035388'),
(424, 'Jabari', 'Graves', 0, 'Jabari.Graves@gmail.com', '05027745711'),
(425, 'Leah', 'Higgins', 1, 'Leah.Higgins@gmail.com', '05161199097'),
(426, 'Jamya', 'Flores', 1, 'Jamya.Flores@gmail.com', '05834464415'),
(427, 'Mario', 'Melendez', 0, 'Mario.Melendez@gmail.com', '05547039369'),
(428, 'Jeffery', 'Farley', 0, 'Jeffery.Farley@gmail.com', '05175005933'),
(429, 'Ayana', 'Brady', 1, 'Ayana.Brady@gmail.com', '05954395980'),
(430, 'Antoine', 'Benton', 0, 'Antoine.Benton@gmail.com', '05067914870'),
(431, 'Aria', 'Holland', 1, 'Aria.Holland@gmail.com', '05618123621'),
(432, 'Van', 'Snow', 0, 'Van.Snow@gmail.com', '05899507663'),
(433, 'Prince', 'Tate', 0, 'Prince.Tate@gmail.com', '05075674791'),
(434, 'Evelin', 'Lawrence', 1, 'Evelin.Lawrence@gmail.com', '05165549808'),
(435, 'Willie', 'Mccarthy', 0, 'Willie.Mccarthy@gmail.com', '05742609985'),
(436, 'Carl', 'Herman', 0, 'Carl.Herman@gmail.com', '05304775040'),
(437, 'Ryder', 'Stewart', 0, 'Ryder.Stewart@gmail.com', '05797677469'),
(438, 'Lane', 'Callahan', 0, 'Lane.Callahan@gmail.com', '05222340089'),
(439, 'Kierra', 'Odonnell', 1, 'Kierra.Odonnell@gmail.com', '05518132175'),
(440, 'Kenneth', 'Mcfarland', 0, 'Kenneth.Mcfarland@gmail.com', '05266122184'),
(441, 'Emery', 'Lang', 1, 'Emery.Lang@gmail.com', '05609807767'),
(442, 'Trevor', 'Proctor', 0, 'Trevor.Proctor@gmail.com', '05552880568'),
(443, 'Cierra', 'Cox', 1, 'Cierra.Cox@gmail.com', '05407817280'),
(444, 'Scott', 'Anderson', 0, 'Scott.Anderson@gmail.com', '05963839688'),
(445, 'Sarai', 'Manning', 1, 'Sarai.Manning@gmail.com', '05012260155'),
(446, 'Amaris', 'Valencia', 1, 'Amaris.Valencia@gmail.com', '05469180470'),
(447, 'Zaniyah', 'Romero', 1, 'Zaniyah.Romero@gmail.com', '05341229252'),
(448, 'Maddison', 'Floyd', 1, 'Maddison.Floyd@gmail.com', '05655783241'),
(449, 'Sheldon', 'Wilkerson', 0, 'Sheldon.Wilkerson@gmail.com', '05210259535'),
(450, 'Augustus', 'Lane', 0, 'Augustus.Lane@gmail.com', '05631758905'),
(451, 'Justice', 'Chang', 0, 'Justice.Chang@gmail.com', '05356892974'),
(452, 'Jimena', 'Archer', 1, 'Jimena.Archer@gmail.com', '05568611112'),
(453, 'Cecelia', 'Reyes', 1, 'Cecelia.Reyes@gmail.com', '05364384164'),
(454, 'Reese', 'Benitez', 0, 'Reese.Benitez@gmail.com', '05142531061'),
(455, 'Nyla', 'Vasquez', 1, 'Nyla.Vasquez@gmail.com', '05935279465'),
(456, 'Meghan', 'Kirk', 1, 'Meghan.Kirk@gmail.com', '05935663006'),
(457, 'Jayla', 'Robertson', 1, 'Jayla.Robertson@gmail.com', '05899917282'),
(458, 'Maximillian', 'Snyder', 0, 'Maximillian.Snyder@gmail.com', '05780659464'),
(459, 'Tianna', 'Melton', 1, 'Tianna.Melton@gmail.com', '05117427073'),
(460, 'Javon', 'Mcdonald', 0, 'Javon.Mcdonald@gmail.com', '05499239493'),
(461, 'Piper', 'King', 1, 'Piper.King@gmail.com', '05303449091'),
(462, 'Erika', 'Daniels', 1, 'Erika.Daniels@gmail.com', '05855852351'),
(463, 'Davion', 'Barajas', 0, 'Davion.Barajas@gmail.com', '05202241579'),
(464, 'Ari', 'Suarez', 0, 'Ari.Suarez@gmail.com', '05455655998'),
(465, 'Joy', 'Henson', 1, 'Joy.Henson@gmail.com', '05572739018'),
(466, 'Elliana', 'Mendoza', 1, 'Elliana.Mendoza@gmail.com', '05059128328'),
(467, 'Arielle', 'Jones', 1, 'Arielle.Jones@gmail.com', '05555046040'),
(468, 'Chana', 'Cisneros', 1, 'Chana.Cisneros@gmail.com', '05456679402'),
(469, 'Jorge', 'Sherman', 0, 'Jorge.Sherman@gmail.com', '05379224223'),
(470, 'Dalia', 'Flynn', 1, 'Dalia.Flynn@gmail.com', '05004608983'),
(471, 'Greta', 'Sloan', 1, 'Greta.Sloan@gmail.com', '05292155692'),
(472, 'Ellen', 'Hobbs', 1, 'Ellen.Hobbs@gmail.com', '05411833333'),
(473, 'Philip', 'Clements', 0, 'Philip.Clements@gmail.com', '05723713058'),
(474, 'Dennis', 'Ortega', 0, 'Dennis.Ortega@gmail.com', '05162623832'),
(475, 'Kasen', 'Barr', 0, 'Kasen.Barr@gmail.com', '05642985248'),
(476, 'Aliya', 'Kaiser', 1, 'Aliya.Kaiser@gmail.com', '05480715653'),
(477, 'Daphne', 'Good', 1, 'Daphne.Good@gmail.com', '05757151500'),
(478, 'Crystal', 'Forbes', 1, 'Crystal.Forbes@gmail.com', '05234850899'),
(479, 'Brenton', 'Richards', 0, 'Brenton.Richards@gmail.com', '05920606991'),
(480, 'Saniyah', 'Haas', 1, 'Saniyah.Haas@gmail.com', '05909271218'),
(481, 'Krish', 'Greene', 0, 'Krish.Greene@gmail.com', '05241530470'),
(482, 'Arianna', 'Conrad', 1, 'Arianna.Conrad@gmail.com', '05091802096'),
(483, 'Nicole', 'Holloway', 1, 'Nicole.Holloway@gmail.com', '05831972716'),
(484, 'Kade', 'Diaz', 0, 'Kade.Diaz@gmail.com', '05773010062'),
(485, 'Brayden', 'Boone', 0, 'Brayden.Boone@gmail.com', '05517839640'),
(486, 'Angel', 'Holt', 0, 'Angel.Holt@gmail.com', '05146519137'),
(487, 'Jakayla', 'Yoder', 1, 'Jakayla.Yoder@gmail.com', '05013111538'),
(488, 'Rodolfo', 'Rojas', 0, 'Rodolfo.Rojas@gmail.com', '05607793732'),
(489, 'Lorelai', 'Bird', 1, 'Lorelai.Bird@gmail.com', '05861806711'),
(490, 'Kaden', 'Bass', 0, 'Kaden.Bass@gmail.com', '05615888603'),
(491, 'Zavier', 'Perkins', 0, 'Zavier.Perkins@gmail.com', '05212615845'),
(492, 'Leticia', 'Martin', 1, 'Leticia.Martin@gmail.com', '05872645747'),
(493, 'Issac', 'Richardson', 0, 'Issac.Richardson@gmail.com', '05223106659'),
(494, 'Toby', 'Mcdowell', 0, 'Toby.Mcdowell@gmail.com', '05169855548'),
(495, 'Lilah', 'Greer', 1, 'Lilah.Greer@gmail.com', '05229894759'),
(496, 'Antony', 'Delgado', 0, 'Antony.Delgado@gmail.com', '05538115213'),
(497, 'Annalise', 'Chan', 1, 'Annalise.Chan@gmail.com', '05555019064'),
(498, 'Stella', 'Campos', 1, 'Stella.Campos@gmail.com', '05310785903'),
(499, 'Malik', 'Hampton', 0, 'Malik.Hampton@gmail.com', '05398010560'),
(500, 'Wayne', 'Boyer', 0, 'Wayne.Boyer@gmail.com', '05534631061'),
(501, 'Kaylynn', 'Beck', 1, 'Kaylynn.Beck@gmail.com', '05150742220'),
(502, 'Yaretzi', 'Schneider', 1, 'Yaretzi.Schneider@gmail.com', '05892040073'),
(503, 'Lana', 'Gilbert', 1, 'Lana.Gilbert@gmail.com', '05835134295'),
(504, 'Dawson', 'Pena', 0, 'Dawson.Pena@gmail.com', '05530072065'),
(505, 'Efrain', 'Krause', 0, 'Efrain.Krause@gmail.com', '05919936418'),
(506, 'Brendon', 'Kidd', 0, 'Brendon.Kidd@gmail.com', '05650081547'),
(507, 'Miya', 'Pittman', 1, 'Miya.Pittman@gmail.com', '05738154859'),
(508, 'Kaia', 'Levy', 1, 'Kaia.Levy@gmail.com', '05082925779'),
(509, 'Anne', 'Hanson', 1, 'Anne.Hanson@gmail.com', '05152238969'),
(510, 'Emilio', 'French', 0, 'Emilio.French@gmail.com', '05716191082'),
(511, 'Teagan', 'Kline', 1, 'Teagan.Kline@gmail.com', '05429918072'),
(512, 'Chance', 'Kaufman', 0, 'Chance.Kaufman@gmail.com', '05765783786'),
(513, 'Patrick', 'Hawkins', 0, 'Patrick.Hawkins@gmail.com', '05281600838'),
(514, 'Alijah', 'Meyer', 0, 'Alijah.Meyer@gmail.com', '05959776018'),
(515, 'Paisley', 'Dunlap', 1, 'Paisley.Dunlap@gmail.com', '05668158820'),
(516, 'Trace', 'Ward', 0, 'Trace.Ward@gmail.com', '05484680427'),
(517, 'Santiago', 'Knapp', 0, 'Santiago.Knapp@gmail.com', '05617238348'),
(518, 'Aryanna', 'Jarvis', 1, 'Aryanna.Jarvis@gmail.com', '05648742774'),
(519, 'Keely', 'Thornton', 1, 'Keely.Thornton@gmail.com', '05176120880'),
(520, 'Danna', 'Phillips', 1, 'Danna.Phillips@gmail.com', '05715569492'),
(521, 'Jimmy', 'Watts', 0, 'Jimmy.Watts@gmail.com', '05390597205'),
(522, 'April', 'Goodman', 1, 'April.Goodman@gmail.com', '05144142313'),
(523, 'Baron', 'Stephens', 0, 'Baron.Stephens@gmail.com', '05861023449'),
(524, 'Olivia', 'Davidson', 1, 'Olivia.Davidson@gmail.com', '05955775405'),
(525, 'Lauryn', 'Booker', 1, 'Lauryn.Booker@gmail.com', '05100344749'),
(526, 'Fiona', 'Tran', 1, 'Fiona.Tran@gmail.com', '05294741637'),
(527, 'Sammy', 'Villarreal', 0, 'Sammy.Villarreal@gmail.com', '05257917783'),
(528, 'Camren', 'Tapia', 0, 'Camren.Tapia@gmail.com', '05624011183'),
(529, 'Paityn', 'Wilkins', 1, 'Paityn.Wilkins@gmail.com', '05034197878'),
(530, 'Larry', 'Russo', 0, 'Larry.Russo@gmail.com', '05535505016'),
(531, 'Leonel', 'Spencer', 0, 'Leonel.Spencer@gmail.com', '05064194752'),
(532, 'Eva', 'Singleton', 1, 'Eva.Singleton@gmail.com', '05687687421'),
(533, 'Karlie', 'Hopkins', 1, 'Karlie.Hopkins@gmail.com', '05766297852'),
(534, 'Kylee', 'Mahoney', 1, 'Kylee.Mahoney@gmail.com', '05823210788'),
(535, 'Jewel', 'Hooper', 1, 'Jewel.Hooper@gmail.com', '05818550696'),
(536, 'Skye', 'Williamson', 1, 'Skye.Williamson@gmail.com', '05486384598'),
(537, 'Dylan', 'Vance', 1, 'Dylan.Vance@gmail.com', '05397468426'),
(538, 'Braedon', 'Moses', 0, 'Braedon.Moses@gmail.com', '05591780539'),
(539, 'Yasmine', 'Bonilla', 1, 'Yasmine.Bonilla@gmail.com', '05644095061'),
(540, 'Dixie', 'Sosa', 1, 'Dixie.Sosa@gmail.com', '05992766300'),
(541, 'Jay', 'Alexander', 0, 'Jay.Alexander@gmail.com', '05308553477'),
(542, 'Jamar', 'Woods', 0, 'Jamar.Woods@gmail.com', '05343849007'),
(543, 'Aurora', 'Donaldson', 1, 'Aurora.Donaldson@gmail.com', '05067818040'),
(544, 'Alanna', 'Mcmillan', 1, 'Alanna.Mcmillan@gmail.com', '05081558270'),
(545, 'Amaya', 'Mora', 1, 'Amaya.Mora@gmail.com', '05568468252'),
(546, 'Bo', 'Murray', 0, 'Bo.Murray@gmail.com', '05926930186'),
(547, 'Kelly', 'Horne', 1, 'Kelly.Horne@gmail.com', '05894833017'),
(548, 'Cara', 'Lynch', 1, 'Cara.Lynch@gmail.com', '05823660003'),
(549, 'Kingston', 'Fuentes', 0, 'Kingston.Fuentes@gmail.com', '05919250089'),
(550, 'Uriel', 'Woodward', 0, 'Uriel.Woodward@gmail.com', '05591012871'),
(551, 'Theodore', 'Buck', 0, 'Theodore.Buck@gmail.com', '05447459975'),
(552, 'Samir', 'Bradshaw', 0, 'Samir.Bradshaw@gmail.com', '05525536633'),
(553, 'Hannah', 'Clark', 1, 'Hannah.Clark@gmail.com', '05616015196'),
(554, 'Tabitha', 'Sutton', 1, 'Tabitha.Sutton@gmail.com', '05511620132'),
(555, 'Ezra', 'Banks', 0, 'Ezra.Banks@gmail.com', '05032696122'),
(556, 'Emerson', 'Cole', 0, 'Emerson.Cole@gmail.com', '05809529397'),
(557, 'Quinten', 'Ho', 0, 'Quinten.Ho@gmail.com', '05045060448'),
(558, 'Bradyn', 'Duarte', 0, 'Bradyn.Duarte@gmail.com', '05001846122'),
(559, 'Shania', 'Bauer', 1, 'Shania.Bauer@gmail.com', '05376208911'),
(560, 'Brooklyn', 'Moreno', 1, 'Brooklyn.Moreno@gmail.com', '05815162922'),
(561, 'Gracie', 'Sanchez', 1, 'Gracie.Sanchez@gmail.com', '05527131565'),
(562, 'Monique', 'Ortiz', 1, 'Monique.Ortiz@gmail.com', '05438259568'),
(563, 'Erica', 'Kim', 1, 'Erica.Kim@gmail.com', '05666878293'),
(564, 'Allisson', 'Mcconnell', 1, 'Allisson.Mcconnell@gmail.com', '05216364150'),
(565, 'Ashlee', 'Jacobson', 1, 'Ashlee.Jacobson@gmail.com', '05894960910'),
(566, 'Marely', 'Castro', 1, 'Marely.Castro@gmail.com', '05835976259'),
(567, 'Gretchen', 'Reese', 1, 'Gretchen.Reese@gmail.com', '05722230421'),
(568, 'Kaeden', 'Stafford', 0, 'Kaeden.Stafford@gmail.com', '05739923081'),
(569, 'Giovanny', 'Jacobs', 0, 'Giovanny.Jacobs@gmail.com', '05891746634'),
(570, 'Alonso', 'Conway', 0, 'Alonso.Conway@gmail.com', '05881823167'),
(571, 'Jeremiah', 'Pope', 0, 'Jeremiah.Pope@gmail.com', '05683101205'),
(572, 'Kendal', 'Nixon', 1, 'Kendal.Nixon@gmail.com', '05808481048'),
(573, 'Zayne', 'Dillon', 0, 'Zayne.Dillon@gmail.com', '05998504215'),
(574, 'Alfonso', 'Shepherd', 0, 'Alfonso.Shepherd@gmail.com', '05129269913'),
(575, 'Mina', 'Sanford', 1, 'Mina.Sanford@gmail.com', '05352458563'),
(576, 'Trevin', 'Mullins', 0, 'Trevin.Mullins@gmail.com', '05199830569'),
(577, 'Jaeden', 'Spence', 0, 'Jaeden.Spence@gmail.com', '05816028521'),
(578, 'Jasmine', 'Rivera', 1, 'Jasmine.Rivera@gmail.com', '05555401950'),
(579, 'Lyric', 'Cervantes', 0, 'Lyric.Cervantes@gmail.com', '05902088168'),
(580, 'Alejandro', 'Leblanc', 0, 'Alejandro.Leblanc@gmail.com', '05624496885'),
(581, 'Harper', 'Briggs', 1, 'Harper.Briggs@gmail.com', '05294581510'),
(582, 'Rayne', 'Rangel', 1, 'Rayne.Rangel@gmail.com', '05271288229'),
(583, 'Armando', 'Cantu', 0, 'Armando.Cantu@gmail.com', '05354154788'),
(584, 'Janiya', 'Gill', 1, 'Janiya.Gill@gmail.com', '05578629693'),
(585, 'Nathan', 'Thomas', 0, 'Nathan.Thomas@gmail.com', '05447469476'),
(586, 'Caroline', 'Donovan', 1, 'Caroline.Donovan@gmail.com', '05297687717'),
(587, 'Darian', 'Meza', 0, 'Darian.Meza@gmail.com', '05681772079'),
(588, 'Leila', 'Brooks', 1, 'Leila.Brooks@gmail.com', '05830997591'),
(589, 'Nylah', 'Stephenson', 1, 'Nylah.Stephenson@gmail.com', '05080051970'),
(590, 'Brooke', 'Torres', 1, 'Brooke.Torres@gmail.com', '05354574668'),
(591, 'Dustin', 'Bradford', 0, 'Dustin.Bradford@gmail.com', '05861832132'),
(592, 'Houston', 'Pineda', 0, 'Houston.Pineda@gmail.com', '05248635614'),
(593, 'Serena', 'May', 1, 'Serena.May@gmail.com', '05185574336'),
(594, 'Izabelle', 'Pratt', 1, 'Izabelle.Pratt@gmail.com', '05915250491'),
(595, 'Lia', 'Villanueva', 1, 'Lia.Villanueva@gmail.com', '05178851269'),
(596, 'Elena', 'Bryan', 1, 'Elena.Bryan@gmail.com', '05781137778'),
(597, 'Moshe', 'Waters', 0, 'Moshe.Waters@gmail.com', '05305354669'),
(598, 'Kaylyn', 'Mendez', 1, 'Kaylyn.Mendez@gmail.com', '05878906132'),
(599, 'Jamie', 'Schultz', 0, 'Jamie.Schultz@gmail.com', '05499388161'),
(600, 'Shayla', 'Larson', 1, 'Shayla.Larson@gmail.com', '05622310405')
;

INSERT INTO RELATIVE(stud_id, pare_id, rela_type) VALUES 
(17020202, 1, 'Sibling'),
(17020303, 2, 'Father'),
(16010204, 3, 'Sibling'),
(13010302, 4, 'Sibling'),
(15010303, 5, 'Father'),
(16030202, 6, 'Sibling'),
(13010102, 7, 'Sibling'),
(15010203, 8, 'Mother'),
(16030103, 9, 'Sibling'),
(15030305, 10, 'Mother'),
(15030304, 11, 'Father'),
(17030102, 12, 'Sibling'),
(15010102, 13, 'Mother'),
(15030101, 14, 'Sibling'),
(14010302, 15, 'Sibling'),
(16020305, 16, 'Father'),
(15030303, 17, 'Sibling'),
(13010201, 18, 'Father'),
(14030202, 19, 'Father'),
(15020204, 20, 'Sibling'),
(17010103, 21, 'Father'),
(16020303, 22, 'Father'),
(15010302, 23, 'Mother'),
(16010203, 24, 'Sibling'),
(16030101, 25, 'Mother'),
(15030302, 26, 'Sibling'),
(16020101, 27, 'Sibling'),
(13020303, 28, 'Sibling'),
(16010102, 29, 'Mother'),
(14030201, 30, 'Father'),
(16030302, 31, 'Sibling'),
(15010301, 32, 'Mother'),
(16010304, 33, 'Father'),
(16020301, 34, 'Mother'),
(17020101, 35, 'Sibling'),
(15030301, 36, 'Sibling'),
(18010209, 37, 'Mother'),
(13020301, 38, 'Sibling'),
(19020208, 39, 'Sibling'),
(22020101, 40, 'Sibling'),
(19030112, 41, 'Sibling'),
(21010309, 42, 'Sibling'),
(22010307, 43, 'Sibling'),
(21030302, 44, 'Father'),
(18030203, 45, 'Mother'),
(18020110, 46, 'Mother'),
(19010202, 47, 'Mother'),
(18020104, 48, 'Sibling'),
(20010101, 49, 'Mother'),
(22030210, 50, 'Father'),
(20020113, 51, 'Father'),
(22020306, 52, 'Sibling'),
(22010306, 53, 'Mother'),
(21020106, 54, 'Sibling'),
(19030114, 55, 'Sibling'),
(18020306, 56, 'Mother'),
(20030306, 57, 'Sibling'),
(20010106, 58, 'Father'),
(21020105, 59, 'Mother'),
(20020101, 60, 'Mother'),
(19010104, 61, 'Mother'),
(13020104, 62, 'Father'),
(21030111, 63, 'Sibling'),
(18010207, 64, 'Mother'),
(18010305, 65, 'Father'),
(22020206, 66, 'Father'),
(15020203, 67, 'Father'),
(22020302, 68, 'Sibling'),
(20010305, 69, 'Father'),
(22030207, 70, 'Father'),
(18030105, 71, 'Father'),
(22030304, 72, 'Father'),
(19020203, 73, 'Sibling'),
(22030109, 74, 'Mother'),
(18030104, 75, 'Mother'),
(20030307, 76, 'Sibling'),
(21020301, 77, 'Mother'),
(13020101, 78, 'Father'),
(18030307, 79, 'Sibling'),
(22030111, 80, 'Sibling'),
(22020106, 81, 'Sibling'),
(22020204, 82, 'Sibling'),
(19010105, 83, 'Father'),
(18010102, 84, 'Sibling'),
(20020306, 85, 'Father'),
(22030314, 86, 'Sibling'),
(18030103, 87, 'Mother'),
(22030303, 88, 'Sibling'),
(18030201, 89, 'Mother'),
(19030307, 90, 'Sibling'),
(16010201, 91, 'Sibling'),
(20030305, 92, 'Mother'),
(13010301, 93, 'Father'),
(20020302, 94, 'Father'),
(20020208, 95, 'Mother'),
(22010106, 96, 'Father'),
(21030101, 97, 'Sibling'),
(21010308, 98, 'Father'),
(20030303, 99, 'Sibling'),
(19010208, 100, 'Father'),
(21010204, 101, 'Sibling'),
(19030308, 102, 'Sibling'),
(18010303, 103, 'Father'),
(22030102, 104, 'Sibling'),
(20010203, 105, 'Father'),
(22010304, 106, 'Sibling'),
(18030106, 107, 'Sibling'),
(18020108, 108, 'Mother'),
(21030203, 109, 'Father'),
(19020306, 110, 'Sibling'),
(18020102, 111, 'Sibling'),
(18030102, 112, 'Sibling'),
(21010203, 113, 'Father'),
(19010213, 114, 'Father'),
(19020206, 115, 'Sibling'),
(21030301, 116, 'Mother'),
(19030110, 117, 'Sibling'),
(21020103, 118, 'Sibling'),
(21030310, 119, 'Sibling'),
(19030306, 120, 'Mother'),
(20020303, 121, 'Sibling'),
(18030202, 122, 'Father'),
(21020203, 123, 'Mother'),
(15030204, 124, 'Sibling'),
(18010105, 125, 'Mother'),
(20030302, 126, 'Sibling'),
(22010204, 127, 'Sibling'),
(19010111, 128, 'Sibling'),
(18010304, 129, 'Sibling'),
(21020306, 130, 'Sibling'),
(22030202, 131, 'Father'),
(18010104, 132, 'Sibling'),
(21020101, 133, 'Sibling'),
(22010310, 134, 'Mother'),
(21010305, 135, 'Sibling'),
(21030304, 136, 'Sibling'),
(22010303, 137, 'Father'),
(21020104, 138, 'Sibling'),
(20030301, 139, 'Sibling'),
(18020302, 140, 'Mother'),
(17030203, 141, 'Father'),
(22030302, 142, 'Father'),
(22030217, 143, 'Sibling'),
(20030212, 144, 'Father'),
(19020201, 145, 'Sibling'),
(22010206, 146, 'Father'),
(21010110, 147, 'Mother'),
(20010304, 148, 'Sibling'),
(21030303, 149, 'Sibling'),
(20030208, 150, 'Father'),
(21010101, 151, 'Sibling'),
(20010303, 152, 'Sibling'),
(20010310, 153, 'Mother'),
(21010104, 154, 'Sibling'),
(15030202, 155, 'Mother'),
(19030201, 156, 'Sibling'),
(21010306, 157, 'Father'),
(20020203, 158, 'Sibling'),
(18020101, 159, 'Father'),
(22030103, 160, 'Sibling'),
(20030309, 161, 'Mother'),
(20020307, 162, 'Sibling'),
(18030101, 163, 'Sibling'),
(19010201, 164, 'Sibling'),
(22010104, 165, 'Sibling'),
(20020310, 166, 'Sibling'),
(22030214, 167, 'Sibling'),
(20020301, 168, 'Sibling'),
(22030101, 169, 'Mother'),
(13020105, 170, 'Sibling'),
(21030306, 171, 'Father'),
(22010207, 172, 'Mother'),
(20010103, 173, 'Sibling'),
(21010307, 174, 'Father'),
(18010204, 175, 'Sibling'),
(21010103, 176, 'Sibling'),
(22030108, 177, 'Sibling'),
(17010104, 178, 'Mother'),
(22030110, 179, 'Sibling'),
(21020201, 180, 'Father'),
(19020101, 181, 'Father'),
(22030211, 182, 'Father'),
(18010106, 183, 'Father'),
(20020103, 184, 'Father'),
(22030205, 185, 'Father'),
(21010205, 186, 'Sibling'),
(18010205, 187, 'Father'),
(22030203, 188, 'Mother'),
(19010101, 189, 'Father'),
(22010203, 190, 'Sibling'),
(19030101, 191, 'Sibling'),
(22030305, 192, 'Sibling'),
(19020304, 193, 'Sibling'),
(22010311, 194, 'Father'),
(19020104, 195, 'Sibling'),
(20010207, 196, 'Mother'),
(19030208, 197, 'Sibling'),
(22010209, 198, 'Sibling'),
(18030306, 199, 'Father'),
(19010108, 200, 'Mother'),
(19030302, 201, 'Father'),
(22020201, 202, 'Sibling'),
(21030205, 203, 'Sibling'),
(19020303, 204, 'Sibling'),
(21010102, 205, 'Sibling'),
(20030206, 206, 'Father'),
(21010310, 207, 'Father'),
(22030301, 208, 'Father'),
(15020101, 209, 'Father'),
(14020201, 210, 'Mother'),
(22010103, 211, 'Mother'),
(19020301, 212, 'Mother'),
(21030314, 213, 'Sibling'),
(20030203, 214, 'Mother'),
(20020107, 215, 'Sibling'),
(21010106, 216, 'Father'),
(20020210, 217, 'Father'),
(22010202, 218, 'Sibling'),
(19020106, 219, 'Father'),
(20020201, 220, 'Father'),
(22020301, 221, 'Sibling'),
(16020304, 222, 'Mother'),
(21030105, 223, 'Father'),
(18030302, 224, 'Sibling'),
(16010202, 225, 'Sibling'),
(22020202, 226, 'Sibling'),
(19010107, 227, 'Sibling'),
(22030112, 228, 'Mother'),
(20020311, 229, 'Sibling'),
(21030309, 230, 'Mother'),
(18010215, 231, 'Mother'),
(18030310, 232, 'Sibling'),
(22030201, 233, 'Father'),
(19020207, 234, 'Sibling'),
(18030304, 235, 'Father'),
(21010303, 236, 'Father'),
(18020107, 237, 'Mother'),
(21010201, 238, 'Mother'),
(20010102, 239, 'Sibling'),
(21010312, 240, 'Sibling'),
(18010201, 241, 'Sibling'),
(22020205, 242, 'Father'),
(19030303, 243, 'Father'),
(14020103, 244, 'Sibling'),
(20020209, 245, 'Father'),
(18020103, 246, 'Sibling'),
(22010305, 247, 'Sibling'),
(20030209, 248, 'Sibling'),
(19030205, 249, 'Sibling'),
(19030111, 250, 'Sibling'),
(20010202, 251, 'Father'),
(21020304, 252, 'Sibling'),
(20010306, 253, 'Mother'),
(22030219, 254, 'Mother'),
(19030104, 255, 'Sibling'),
(18030301, 256, 'Sibling'),
(19010205, 257, 'Mother'),
(20020202, 258, 'Sibling'),
(20020305, 259, 'Sibling'),
(19010302, 260, 'Sibling'),
(20030201, 261, 'Mother'),
(22020108, 262, 'Sibling'),
(19010110, 263, 'Father'),
(19030204, 264, 'Father'),
(20020207, 265, 'Sibling'),
(20010307, 266, 'Father'),
(21020102, 267, 'Sibling'),
(19030103, 268, 'Mother'),
(20010208, 269, 'Father'),
(21030201, 270, 'Sibling'),
(22010301, 271, 'Sibling'),
(21030313, 272, 'Mother'),
(21010302, 273, 'Sibling'),
(15020205, 274, 'Sibling'),
(19010206, 275, 'Mother'),
(19030105, 276, 'Father'),
(21030305, 277, 'Sibling'),
(22010110, 278, 'Sibling'),
(22030204, 279, 'Sibling'),
(19010102, 280, 'Sibling'),
(18020305, 281, 'Mother'),
(20020105, 282, 'Sibling'),
(19020213, 283, 'Sibling'),
(22010102, 284, 'Father'),
(20010301, 285, 'Sibling'),
(14010301, 286, 'Mother'),
(22010201, 287, 'Sibling'),
(20030101, 288, 'Mother'),
(20030211, 289, 'Sibling'),
(20010104, 290, 'Sibling'),
(13010101, 291, 'Father'),
(18030303, 292, 'Sibling'),
(14030102, 293, 'Mother'),
(22020109, 294, 'Mother'),
(19010106, 295, 'Sibling'),
(21030204, 296, 'Father'),
(22020303, 297, 'Sibling'),
(19020308, 298, 'Sibling'),
(22020104, 299, 'Sibling'),
(19010112, 300, 'Father'),
(20020205, 301, 'Father'),
(18020303, 302, 'Sibling'),
(20010201, 303, 'Sibling'),
(18030206, 304, 'Father'),
(21030109, 305, 'Sibling'),
(18010203, 306, 'Father'),
(18010302, 307, 'Sibling'),
(22020304, 308, 'Sibling'),
(18020309, 309, 'Sibling'),
(18030305, 310, 'Mother'),
(18010206, 311, 'Mother'),
(18020310, 312, 'Mother'),
(17030201, 313, 'Mother'),
(18010103, 314, 'Mother'),
(19020202, 315, 'Father'),
(20020102, 316, 'Sibling'),
(22020105, 317, 'Mother'),
(22030318, 318, 'Sibling'),
(19010103, 319, 'Mother'),
(21030108, 320, 'Father'),
(22020102, 321, 'Mother'),
(19020307, 322, 'Sibling'),
(20030102, 323, 'Mother'),
(22030313, 324, 'Mother'),
(13030203, 325, 'Sibling'),
(19010212, 326, 'Father'),
(20030310, 327, 'Sibling'),
(18020202, 328, 'Mother'),
(19020205, 329, 'Sibling'),
(21020108, 330, 'Sibling'),
(17030202, 331, 'Father'),
(19010209, 332, 'Mother'),
(22030306, 333, 'Mother'),
(21030307, 334, 'Sibling'),
(19010211, 335, 'Sibling'),
(18030204, 336, 'Mother'),
(22020203, 337, 'Mother'),
(22020112, 338, 'Sibling'),
(20010204, 339, 'Sibling'),
(22030215, 340, 'Father'),
(22020103, 341, 'Sibling'),
(20030202, 342, 'Mother'),
(18020105, 343, 'Father'),
(19010203, 344, 'Mother'),
(18030309, 345, 'Sibling'),
(22030208, 346, 'Sibling'),
(19020102, 347, 'Sibling'),
(22010101, 348, 'Mother'),
(19010301, 349, 'Sibling'),
(20020304, 350, 'Sibling'),
(19030206, 351, 'Father'),
(19030305, 352, 'Father'),
(21010313, 353, 'Sibling'),
(19030211, 354, 'Mother'),
(22010302, 355, 'Sibling'),
(15010202, 356, 'Father'),
(20010302, 357, 'Sibling'),
(18010301, 358, 'Father'),
(19030108, 359, 'Father'),
(19030207, 360, 'Sibling'),
(21020307, 361, 'Mother'),
(19020305, 362, 'Father'),
(21030104, 363, 'Mother'),
(19030203, 364, 'Mother'),
(19020204, 365, 'Sibling'),
(18020304, 366, 'Father'),
(22030206, 367, 'Sibling'),
(22030213, 368, 'Sibling'),
(21010105, 369, 'Mother'),
(21010304, 370, 'Sibling'),
(19030202, 371, 'Sibling'),
(20020308, 372, 'Sibling'),
(19020309, 373, 'Sibling'),
(17010201, 374, 'Sibling'),
(20020211, 375, 'Sibling'),
(19030102, 376, 'Father'),
(19010305, 377, 'Mother'),
(22010308, 378, 'Mother'),
(21030202, 379, 'Sibling'),
(19030106, 380, 'Mother'),
(18020106, 381, 'Sibling'),
(20010107, 382, 'Father'),
(22030105, 383, 'Sibling'),
(14010102, 384, 'Father'),
(20030308, 385, 'Sibling'),
(20020106, 386, 'Mother'),
(22020111, 387, 'Mother'),
(18020301, 388, 'Father'),
(19030304, 389, 'Sibling'),
(21020204, 390, 'Father'),
(22030307, 391, 'Sibling'),
(21010206, 392, 'Mother'),
(17030204, 393, 'Sibling'),
(22030107, 394, 'Mother'),
(20020104, 395, 'Mother'),
(18010210, 396, 'Sibling'),
(19010210, 397, 'Sibling'),
(22030218, 398, 'Mother'),
(19030107, 399, 'Father'),
(21030110, 400, 'Sibling'),
(18020201, 401, 'Sibling'),
(18030107, 402, 'Sibling'),
(21020111, 403, 'Mother'),
(19020209, 404, 'Sibling'),
(19020107, 405, 'Sibling'),
(21020107, 406, 'Father'),
(20020108, 407, 'Sibling'),
(18010211, 408, 'Sibling'),
(19010306, 409, 'Sibling'),
(18010208, 410, 'Sibling'),
(18030114, 411, 'Mother'),
(21030102, 412, 'Sibling'),
(18030308, 413, 'Mother'),
(18010101, 414, 'Mother'),
(18010110, 415, 'Sibling'),
(21010202, 416, 'Father'),
(21020205, 417, 'Father'),
(20020212, 418, 'Father'),
(19030209, 419, 'Sibling'),
(18010107, 420, 'Father'),
(18010108, 421, 'Father'),
(15030203, 422, 'Mother'),
(22010107, 423, 'Father'),
(22010309, 424, 'Sibling'),
(19020103, 425, 'Mother'),
(19020310, 426, 'Mother'),
(15030201, 427, 'Sibling'),
(21020302, 428, 'Father'),
(19020211, 429, 'Mother'),
(22030310, 430, 'Father'),
(22010205, 431, 'Mother'),
(18020308, 432, 'Sibling'),
(16030102, 433, 'Father'),
(19010207, 434, 'Mother'),
(19030310, 435, 'Father'),
(19010204, 436, 'Sibling'),
(22020211, 437, 'Father'),
(22030311, 438, 'Father'),
(19010109, 439, 'Mother'),
(13020103, 440, 'Father'),
(21010207, 441, 'Sibling'),
(19010307, 442, 'Sibling'),
(21030106, 443, 'Mother'),
(21030107, 444, 'Father'),
(20020112, 445, 'Sibling'),
(18010309, 446, 'Mother'),
(22020207, 447, 'Sibling'),
(20030204, 448, 'Sibling'),
(22010208, 449, 'Father'),
(22010105, 450, 'Sibling'),
(21030103, 451, 'Father'),
(22030312, 452, 'Mother'),
(20010308, 453, 'Mother'),
(22030106, 454, 'Sibling'),
(19030109, 455, 'Mother'),
(19030312, 456, 'Sibling'),
(15010201, 457, 'Mother'),
(13030201, 458, 'Sibling'),
(22010108, 459, 'Sibling'),
(20030205, 460, 'Father'),
(22020208, 461, 'Mother'),
(20030207, 462, 'Sibling'),
(19020215, 463, 'Father'),
(18030205, 464, 'Sibling'),
(18030109, 465, 'Mother'),
(16010301, 466, 'Sibling'),
(21010208, 467, 'Sibling'),
(18010306, 468, 'Sibling'),
(21010209, 469, 'Sibling'),
(18030111, 470, 'Sibling'),
(18020312, 471, 'Sibling'),
(17020301, 472, 'Sibling'),
(22030212, 473, 'Sibling'),
(19020302, 474, 'Father'),
(22030104, 475, 'Sibling'),
(18010109, 476, 'Mother'),
(18010212, 477, 'Sibling'),
(20020206, 478, 'Mother'),
(18020307, 479, 'Sibling'),
(19020212, 480, 'Mother'),
(19010308, 481, 'Father'),
(13030101, 482, 'Sibling'),
(20010205, 483, 'Sibling'),
(22020307, 484, 'Father'),
(22030209, 485, 'Sibling'),
(20010309, 486, 'Sibling'),
(18010307, 487, 'Mother'),
(18010308, 488, 'Father'),
(22020209, 489, 'Sibling'),
(19020108, 490, 'Father'),
(22030315, 491, 'Sibling'),
(19030210, 492, 'Mother'),
(19030309, 493, 'Sibling'),
(21030315, 494, 'Father'),
(21020202, 495, 'Sibling'),
(20010206, 496, 'Sibling'),
(19020210, 497, 'Mother'),
(19020109, 498, 'Mother'),
(20020110, 499, 'Sibling'),
(20030103, 500, 'Sibling'),
(19020214, 501, 'Sibling'),
(18030112, 502, 'Sibling'),
(18020313, 503, 'Mother'),
(19030311, 504, 'Father'),
(22020210, 505, 'Sibling'),
(21020109, 506, 'Father'),
(21030311, 507, 'Sibling'),
(20010108, 508, 'Mother'),
(21020110, 509, 'Mother'),
(21030312, 510, 'Sibling'),
(21010210, 511, 'Mother'),
(22030308, 512, 'Father'),
(16020201, 513, 'Father'),
(19010303, 514, 'Sibling'),
(22020110, 515, 'Mother'),
(21010109, 516, 'Father'),
(21010301, 517, 'Sibling'),
(22030309, 518, 'Sibling'),
(18020311, 519, 'Sibling'),
(20010311, 520, 'Sibling'),
(16010103, 521, 'Father'),
(19010304, 522, 'Mother'),
(18010213, 523, 'Sibling'),
(15020202, 524, 'Mother'),
(21010311, 525, 'Mother'),
(18020109, 526, 'Mother'),
(21010107, 527, 'Father'),
(19030301, 528, 'Father'),
(22030216, 529, 'Mother'),
(20020109, 530, 'Father'),
(21020305, 531, 'Sibling'),
(21020206, 532, 'Mother'),
(13030202, 533, 'Sibling'),
(21030308, 534, 'Mother'),
(18030113, 535, 'Mother'),
(21030316, 536, 'Sibling'),
(21020303, 537, 'Mother'),
(22010210, 538, 'Sibling'),
(18010112, 539, 'Sibling'),
(21020112, 540, 'Mother'),
(19030113, 541, 'Father'),
(21030317, 542, 'Sibling'),
(20020111, 543, 'Sibling'),
(21020207, 544, 'Mother'),
(19010214, 545, 'Mother'),
(20030104, 546, 'Sibling'),
(20030213, 547, 'Sibling'),
(14020101, 548, 'Sibling'),
(20020312, 549, 'Father'),
(20020204, 550, 'Sibling'),
(22030316, 551, 'Sibling'),
(18010113, 552, 'Father'),
(14010201, 553, 'Mother'),
(22020308, 554, 'Mother'),
(20030214, 555, 'Sibling'),
(20010105, 556, 'Father'),
(22030317, 557, 'Sibling'),
(15030205, 558, 'Father'),
(20030210, 559, 'Mother'),
(19020111, 560, 'Sibling'),
(17010301, 561, 'Sibling'),
(21010108, 562, 'Sibling'),
(21030206, 563, 'Mother'),
(22010109, 564, 'Sibling'),
(19020105, 565, 'Sibling'),
(20010312, 566, 'Mother'),
(22020107, 567, 'Mother'),
(18010214, 568, 'Sibling'),
(19020110, 569, 'Sibling'),
(22030220, 570, 'Sibling'),
(18010111, 571, 'Sibling'),
(22030113, 572, 'Mother'),
(21010211, 573, 'Father'),
(16010101, 574, 'Sibling'),
(22020305, 575, 'Sibling'),
(18010202, 576, 'Sibling'),
(14020301, 577, 'Father'),
(18030108, 578, 'Sibling'),
(15020201, 579, 'Father'),
(13020102, 580, 'Sibling'),
(17030101, 581, 'Mother'),
(19030212, 582, 'Sibling'),
(15020301, 583, 'Father'),
(17020201, 584, 'Mother'),
(13020302, 585, 'Father'),
(16010302, 586, 'Mother'),
(20020309, 587, 'Father'),
(14010101, 588, 'Mother'),
(17020302, 589, 'Mother'),
(16010303, 590, 'Sibling'),
(14030101, 591, 'Father'),
(16030301, 592, 'Sibling'),
(16020302, 593, 'Mother'),
(17010101, 594, 'Sibling'),
(15010101, 595, 'Sibling'),
(18030110, 596, 'Mother'),
(20030304, 597, 'Father'),
(14020102, 598, 'Sibling'),
(16030201, 599, 'Father'),
(17010102, 600, 'Sibling')
;

INSERT INTO EXPENSE(exps_id, exps_name, exps_date, exps_cost, exps_type) VALUES 
(0, 'Electricity', '2020/8/6', 554, 0),
(1, 'Electricity', '2021/3/16', 1058, 1),
(2, 'Electricity', '2022/2/14', 305, 1),
(3, 'Electricity', '2023/5/3', 986, 1),
(4, 'Water', '2020/1/11', 669, 0),
(5, 'Water', '2021/7/24', 133, 1),
(6, 'Water', '2022/5/5', 521, 0),
(7, 'Water', '2023/5/17', 1006, 1),
(8, 'Internet', '2020/1/26', 687, 1),
(9, 'Internet', '2021/6/11', 648, 0),
(10, 'Internet', '2022/8/8', 413, 0),
(11, 'Internet', '2023/9/8', 731, 0),
(12, 'Gas', '2020/2/22', 878, 1),
(13, 'Gas', '2021/4/27', 235, 0),
(14, 'Gas', '2022/4/27', 412, 1),
(15, 'Gas', '2023/2/12', 918, 0),
(16, 'Cleaning', '2020/5/19', 292, 0),
(17, 'Cleaning', '2021/1/27', 168, 0),
(18, 'Cleaning', '2022/9/13', 732, 0),
(19, 'Cleaning', '2023/9/1', 1048, 1),
(20, 'Security', '2020/1/26', 977, 1),
(21, 'Security', '2021/8/1', 317, 1),
(22, 'Security', '2022/6/24', 502, 0),
(23, 'Security', '2023/8/26', 285, 1),
(24, 'Food', '2020/5/10', 311, 1),
(25, 'Food', '2021/3/18', 744, 0),
(26, 'Food', '2022/4/25', 1086, 0),
(27, 'Food', '2023/7/1', 769, 0),
(28, 'Salary', '2020/6/3', 1029, 1),
(29, 'Salary', '2021/7/16', 628, 1),
(30, 'Salary', '2022/1/28', 769, 0),
(31, 'Salary', '2023/6/12', 721, 1)
;

INSERT INTO EMPLOYEE(empl_id, empl_type, empl_fname, empl_lname, empl_sex, empl_salary, empl_reg_date) VALUES 
(1, 0, 'Kendall', 'Parrish', 1, 10500, '2016/3/10'),
(2, 1, 'Asia', 'Gould', 1, 4200, '2021/3/14'),
(3, 1, 'Leonidas', 'Saunders', 0, 13000, '2019/3/19'),
(4, 1, 'Cheyanne', 'Barton', 1, 8700, '2020/5/16'),
(5, 0, 'Makhi', 'Wiley', 0, 16900, '2021/1/24'),
(6, 0, 'Gavyn', 'Monroe', 0, 6500, '2019/8/12'),
(7, 0, 'Jaime', 'Graham', 0, 14200, '2019/7/10'),
(8, 1, 'Ashleigh', 'Odom', 1, 12900, '2017/4/1'),
(9, 1, 'Guadalupe', 'Gilmore', 1, 10300, '2021/5/9'),
(10, 0, 'Rachel', 'Hodge', 1, 2200, '2019/5/28'),
(11, 0, 'Khalil', 'Brennan', 0, 16800, '2021/5/5'),
(12, 0, 'Hamza', 'Jimenez', 0, 17700, '2017/5/6'),
(13, 0, 'Jaiden', 'Patel', 1, 6200, '2020/2/19'),
(14, 1, 'Rex', 'Randolph', 0, 19600, '2016/8/26'),
(15, 1, 'Juan', 'Barrett', 0, 6600, '2019/6/4'),
(16, 0, 'Arabella', 'Burch', 1, 17800, '2022/2/19'),
(17, 1, 'Maryjane', 'Rosales', 1, 19900, '2022/8/28'),
(18, 1, 'Tiffany', 'Duncan', 1, 5500, '2017/5/19'),
(19, 0, 'Josie', 'Mcknight', 1, 9000, '2015/4/6'),
(20, 0, 'Gaven', 'Ray', 0, 17100, '2020/9/23'),
(21, 0, 'Gilberto', 'Burton', 0, 19300, '2015/4/6'),
(22, 0, 'Lexi', 'Boyd', 1, 9800, '2020/8/6'),
(23, 0, 'Leilani', 'Pitts', 1, 8400, '2017/6/15'),
(24, 1, 'Matilda', 'Lin', 1, 4900, '2021/4/7'),
(25, 1, 'Ben', 'Cruz', 0, 7700, '2019/7/19'),
(26, 1, 'Jasmin', 'Jensen', 1, 15600, '2019/1/17'),
(27, 1, 'Cassandra', 'Anthony', 1, 15900, '2020/2/25'),
(28, 0, 'William', 'Foster', 0, 5400, '2022/4/15'),
(29, 0, 'Edward', 'Dominguez', 0, 1900, '2019/8/20'),
(30, 0, 'Sandra', 'Jennings', 1, 13300, '2017/4/5'),
(31, 0, 'Jadyn', 'Harding', 0, 17300, '2015/4/27'),
(32, 1, 'Konner', 'Waller', 0, 9600, '2021/2/16'),
(33, 0, 'Harley', 'Harvey', 1, 7600, '2019/2/23'),
(34, 1, 'Jerome', 'Hinton', 0, 16600, '2018/6/10'),
(35, 0, 'Celia', 'Blackwell', 1, 5800, '2021/8/21'),
(36, 0, 'Misael', 'Le', 0, 11100, '2020/2/14'),
(37, 1, 'Griffin', 'Casey', 0, 10100, '2018/4/13'),
(38, 0, 'Emanuel', 'Strong', 0, 2500, '2020/9/14'),
(39, 0, 'Matthias', 'Cain', 0, 9400, '2015/7/7'),
(40, 1, 'Jaida', 'Norris', 1, 11700, '2019/6/14'),
(41, 0, 'Armani', 'James', 0, 17000, '2018/4/8'),
(42, 0, 'Mariela', 'Hendricks', 1, 15200, '2015/3/7'),
(43, 0, 'Jessica', 'Harrison', 1, 3600, '2017/9/6'),
(44, 1, 'Macie', 'Lara', 1, 7500, '2018/1/23'),
(45, 1, 'Sofia', 'Bautista', 1, 10600, '2021/4/4'),
(46, 1, 'Halle', 'Sampson', 1, 10600, '2015/1/26'),
(47, 0, 'Jolie', 'Dickson', 1, 10800, '2022/7/5'),
(48, 0, 'Paola', 'Booth', 1, 6200, '2016/5/7'),
(49, 0, 'Wyatt', 'Ewing', 0, 16300, '2018/9/14'),
(50, 0, 'Felicity', 'Kane', 1, 4300, '2016/8/15'),
(51, 0, 'Briana', 'Lester', 1, 16600, '2018/9/13'),
(52, 1, 'Annabel', 'Middleton', 1, 16900, '2020/6/13'),
(53, 1, 'Kale', 'Henry', 0, 5700, '2022/5/8'),
(54, 0, 'Kara', 'Boyle', 1, 11400, '2019/1/23'),
(55, 1, 'Cameron', 'Humphrey', 0, 10000, '2019/1/23'),
(56, 1, 'Elijah', 'Mclaughlin', 0, 2900, '2015/9/14'),
(57, 1, 'Casey', 'Bailey', 1, 15400, '2020/5/17'),
(58, 1, 'Giovani', 'Holmes', 0, 14100, '2019/2/16'),
(59, 1, 'Liberty', 'Scott', 1, 15900, '2020/8/2'),
(60, 1, 'Vivian', 'Parks', 1, 8000, '2020/4/3'),
(61, 1, 'Tess', 'Hughes', 1, 2300, '2022/7/1'),
(62, 1, 'Hillary', 'Hammond', 1, 17500, '2020/9/17'),
(63, 1, 'Melanie', 'Zuniga', 1, 10400, '2020/8/23'),
(64, 1, 'Alia', 'Riggs', 1, 19400, '2015/6/21'),
(65, 1, 'Cali', 'Combs', 1, 7800, '2020/1/23'),
(66, 0, 'Bethany', 'Keith', 1, 19900, '2017/6/22'),
(67, 0, 'Talia', 'Lambert', 1, 10300, '2022/1/22'),
(68, 0, 'Alexander', 'Salazar', 0, 10500, '2022/3/22'),
(69, 1, 'Dominique', 'Aguirre', 0, 19800, '2017/6/21'),
(70, 1, 'Miah', 'Orozco', 1, 9700, '2021/5/12'),
(71, 0, 'Madeleine', 'Yu', 1, 5200, '2022/6/6'),
(72, 0, 'Karter', 'Cortez', 0, 10300, '2019/5/1'),
(73, 1, 'Carly', 'Collier', 1, 8000, '2019/2/18'),
(74, 1, 'Amelie', 'Rush', 1, 11200, '2015/1/21'),
(75, 1, 'Deja', 'Deleon', 1, 14600, '2019/5/13'),
(76, 1, 'Skyla', 'Huffman', 1, 8100, '2017/8/28'),
(77, 1, 'Itzel', 'Colon', 1, 13000, '2019/3/26'),
(78, 0, 'Brady', 'Eaton', 0, 13200, '2016/1/16'),
(79, 1, 'Sherlyn', 'Duffy', 1, 1000, '2021/9/16'),
(80, 0, 'Amelia', 'Vega', 1, 7700, '2021/2/17'),
(81, 0, 'Layla', 'Hill', 1, 17100, '2016/1/24'),
(82, 1, 'Bridger', 'Camacho', 0, 9800, '2015/8/24'),
(83, 0, 'Allen', 'Smith', 0, 5200, '2017/7/27'),
(84, 1, 'Addison', 'Baird', 1, 18800, '2022/6/27'),
(85, 1, 'Clinton', 'Meadows', 0, 10200, '2018/5/28'),
(86, 0, 'Gustavo', 'Mcclure', 0, 8200, '2015/6/21'),
(87, 0, 'Destinee', 'Campbell', 1, 8700, '2018/8/6'),
(88, 0, 'Angie', 'Frye', 1, 10900, '2018/3/18'),
(89, 1, 'Mikayla', 'Noble', 1, 16400, '2015/8/9'),
(90, 0, 'Kirsten', 'Sims', 1, 7300, '2022/5/24'),
(91, 1, 'Mylie', 'Singh', 1, 19300, '2017/4/28'),
(92, 1, 'Layne', 'Esparza', 0, 13200, '2019/4/6'),
(93, 0, 'Julianne', 'Austin', 1, 4500, '2022/8/6'),
(94, 1, 'Caleb', 'Rocha', 0, 8600, '2022/7/24'),
(95, 0, 'Nolan', 'Randall', 0, 17500, '2015/7/16'),
(96, 1, 'Nadia', 'Friedman', 1, 7800, '2015/5/9'),
(97, 0, 'Tony', 'Mcgrath', 0, 19500, '2017/5/19'),
(98, 1, 'Karina', 'Curtis', 1, 16300, '2018/7/9'),
(99, 1, 'Will', 'Landry', 0, 12300, '2017/4/20'),
(100, 0, 'Jazlyn', 'Schaefer', 1, 5400, '2015/6/20')
;

INSERT INTO STAFF(empl_id) VALUES 
(2),
(4),
(6),
(9),
(10),
(13),
(15),
(18),
(19),
(22),
(23),
(24),
(25),
(28),
(29),
(32),
(33),
(35),
(38),
(39),
(43),
(44),
(45),
(46),
(48),
(50),
(53),
(55),
(56),
(60),
(61),
(63),
(65),
(67),
(70),
(71),
(73),
(76),
(79),
(80),
(82),
(83),
(85),
(86),
(87),
(88),
(90),
(93),
(94),
(96),
(100)
;

INSERT INTO ADMIN_STAFF(empl_id) VALUES 
(1),
(3),
(5),
(7),
(8),
(11),
(12),
(14),
(16),
(17),
(20),
(21),
(26),
(27),
(30),
(31),
(34),
(36),
(37),
(40),
(41),
(42),
(47),
(49),
(51),
(52),
(54),
(57),
(58),
(59),
(62),
(64),
(66),
(68),
(69),
(72),
(74),
(75),
(77),
(78),
(81),
(84),
(89),
(91),
(92),
(95),
(97),
(98),
(99),
;

INSERT INTO COURSE(cour_id, cour_min_req) VALUES 
("BIL113",	30),
("BIL121",	40),
("BIL132",	30),
("BIL141",	40),
("BIL142",	50),
("BIL191",	30),
("BIL211",	30),
("ELE101",	30),
("FIZ101",	50),
("FIZ102",	50),
("HUK115",	20),
("IDE100",	20),
("IDE103",	20),
("IDE104",	20),
("IDE105",	20),
("IDE108",	20),
("IDE110",	20),
("IKT105",	50),
("IKT110",	20),
("ING001",	50),
("ING002",	50),
("ISL113",	20),
("MAK104",	30),
("MAK112",	30),
("MAT101",	50),
("MAT102",	50),
("MAT103",	50),
("MAT104",	20),
("OEG101",	50),
("SUI101",	20),
("SUI102",	20),
("SUI105",	20),
("SUI106",	20),
("SUI108",	20),
("SUI114",	20),
("TAR113",	20),
("TAR131",	20),
("TAR141",	20),
("TAR146",	20),
("TAR191",	20),
("TAR192",	20),
("TDE111",	20),
("TDE121",	20),
("TDE131",	20),
("TDE143",	20),
("TUR101",	50),
("TUR102",	50);

INSERT INTO EMPLOYEE(empl_id, empl_type, empl_fname, empl_lname, empl_sex, empl_salary, empl_reg_date) VALUES 
(10101, 1, 'Hassan', 'Buckley', 0, 28500, '2020/5/26'),
(10102, 0, 'Janessa', 'Avery', 1, 26300, '2022/9/15'),
(10103, 1, 'Calvin', 'Merritt', 0, 23800, '2019/4/17'),
(10104, 1, 'Maliyah', 'Bolton', 1, 20300, '2016/5/9'),
(10201, 1, 'Terrence', 'Reynolds', 0, 28100, '2017/2/2'),
(10202, 1, 'Aliana', 'Clayton', 1, 26200, '2020/5/20'),
(10301, 0, 'Samuel', 'Dennis', 0, 27200, '2016/1/8'),
(10302, 0, 'Rylie', 'Gentry', 1, 20500, '2015/7/10'),
(20101, 0, 'Jean', 'Johnson', 0, 26800, '2016/1/26'),
(20102, 1, 'Valentin', 'Coffey', 0, 27800, '2016/8/5'),
(20103, 0, 'Denisse', 'Velez', 1, 29400, '2017/1/22'),
(20201, 1, 'Zariah', 'Carter', 1, 29400, '2019/8/9'),
(20202, 0, 'Kennedy', 'Morris', 1, 21000, '2016/9/24'),
(20203, 0, 'Soren', 'Acevedo', 0, 27500, '2021/1/27'),
(20204, 0, 'Kristian', 'Gross', 0, 26200, '2018/3/10'),
(30101, 0, 'Ashly', 'Martinez', 1, 27900, '2021/1/20'),
(30201, 1, 'Patricia', 'Skinner', 1, 29000, '2016/4/17'),
(30202, 0, 'Alondra', 'Grant', 1, 27400, '2022/6/26'),
(30301, 0, 'Adeline', 'Pennington', 1, 21000, '2022/7/5'),
(30302, 1, 'Haley', 'Bell', 1, 26800, '2016/7/28'),
(30303, 0, 'Marissa', 'Beltran', 1, 25900, '2022/2/20'),
(30304, 1, 'Nico', 'Huang', 0, 20000, '2019/1/9')
;
INSERT INTO INSTRUCTOR(empl_id) VALUES
(10101),
(10102),
(10103),
(10104),
(10201),
(10202),
(10301),
(10302),
(20101),
(20102),
(20103),
(20201),
(20202),
(20203),
(20204),
(30101),
(30201),
(30202),
(30301),
(30302),
(30303),
(30304)
;
