INSERT INTO STUDENT(stud_id, stud_fname, stud_lname, stud_birth_year, stud_sex, stud_reg_date, stud_gpa, stud_email, stud_number) VALUES 
(21010301, 'Landyn', 'Lewis', '1999/6/25', 0, '2021/5/4', 1.82, 'Landyn.Lewis@etu.edu.tr', '05438066395'),
(20020201, 'Andre', 'Giles', '2001/12/19', 0, '2020/2/10', 1.66, 'Andre.Giles@etu.edu.tr', '05777255345'),
(19020301, 'Tatiana', 'Fritz', '2000/7/19', 1, '2019/7/21', 1.30, 'Tatiana.Fritz@etu.edu.tr', '05774939668'),
(18010201, 'Eli', 'Bond', '1996/8/2', 0, '2018/1/10', 2.62, 'Eli.Bond@etu.edu.tr', '05188748982'),
(21020101, 'Cristopher', 'Farrell', '2000/3/15', 0, '2021/3/8', 3.75, 'Cristopher.Farrell@etu.edu.tr', '05858215394'),
(18020101, 'Alvaro', 'Soto', '1999/10/2', 0, '2018/6/24', 1.14, 'Alvaro.Soto@etu.edu.tr', '05360356002'),
(18030201, 'Dominic', 'Washington', '2000/5/7', 0, '2018/8/21', 2.50, 'Dominic.Washington@etu.edu.tr', '05546600063'),
(18010301, 'Lizbeth', 'Krueger', '2000/2/1', 1, '2018/3/5', 3.52, 'Lizbeth.Krueger@etu.edu.tr', '05369118380'),
(22030101, 'Carolina', 'David', '2001/11/12', 1, '2022/8/3', 1.33, 'Carolina.David@etu.edu.tr', '05280433010'),
(18020201, 'Malia', 'Davenport', '1997/4/21', 1, '2018/6/21', 1.78, 'Malia.Davenport@etu.edu.tr', '05497453906'),
(20010301, 'Litzy', 'Wolfe', '1999/2/15', 1, '2020/9/28', 0.33, 'Litzy.Wolfe@etu.edu.tr', '05854445637'),
(19020302, 'Alessandra', 'Mooney', '2000/11/23', 1, '2019/8/7', 1.17, 'Alessandra.Mooney@etu.edu.tr', '05840452759'),
(19010101, 'Armani', 'Rubio', '2000/12/14', 1, '2019/6/15', 2.70, 'Armani.Rubio@etu.edu.tr', '05692960204'),
(20030201, 'Ishaan', 'Mccormick', '2002/12/23', 0, '2020/7/27', 0.04, 'Ishaan.Mccormick@etu.edu.tr', '05754051892'),
(19020303, 'Janae', 'Knapp', '1997/2/6', 1, '2019/6/24', 1.46, 'Janae.Knapp@etu.edu.tr', '05827811420'),
(18010202, 'Alisa', 'Lowe', '1999/5/3', 1, '2018/6/16', 3.36, 'Alisa.Lowe@etu.edu.tr', '05084126287'),
(18010302, 'Agustin', 'Oneill', '1999/12/27', 0, '2018/6/15', 2.52, 'Agustin.Oneill@etu.edu.tr', '05127002558'),
(19020101, 'Sawyer', 'Barker', '2000/2/22', 0, '2019/1/16', 1.74, 'Sawyer.Barker@etu.edu.tr', '05512132140'),
(20020301, 'Tatum', 'Mann', '2001/10/5', 1, '2020/9/8', 3.33, 'Tatum.Mann@etu.edu.tr', '05821159539'),
(20020101, 'Leanna', 'Galvan', '1998/2/22', 1, '2020/1/27', 0.89, 'Leanna.Galvan@etu.edu.tr', '05195011129'),
(19010301, 'Carleigh', 'Carroll', '1998/8/7', 1, '2019/2/21', 2.26, 'Carleigh.Carroll@etu.edu.tr', '05378208579'),
(20010302, 'Ashlyn', 'Ortega', '2001/5/15', 1, '2020/9/8', 2.23, 'Ashlyn.Ortega@etu.edu.tr', '05255224685'),
(19030101, 'Zechariah', 'Nielsen', '1997/12/28', 0, '2019/3/26', 1.38, 'Zechariah.Nielsen@etu.edu.tr', '05003849567'),
(18010203, 'Diamond', 'Flowers', '1998/2/19', 1, '2018/8/20', 1.18, 'Diamond.Flowers@etu.edu.tr', '05937658983'),
(21020102, 'Aaliyah', 'Chase', '2002/4/1', 1, '2021/9/7', 0.38, 'Aaliyah.Chase@etu.edu.tr', '05179559683'),
(20010101, 'Julien', 'Navarro', '1999/6/22', 0, '2020/6/20', 0.63, 'Julien.Navarro@etu.edu.tr', '05971739625'),
(19030102, 'Drew', 'Beard', '1999/5/17', 0, '2019/2/22', 1.48, 'Drew.Beard@etu.edu.tr', '05446507864'),
(22030301, 'Jordan', 'Lucero', '2000/12/13', 0, '2022/7/27', 2.31, 'Jordan.Lucero@etu.edu.tr', '05387563667'),
(18020301, 'Finnegan', 'Tucker', '1999/12/27', 0, '2018/9/19', 0.51, 'Finnegan.Tucker@etu.edu.tr', '05952872712'),
(21010302, 'Kymani', 'Ruiz', '2001/10/22', 0, '2021/4/11', 1.33, 'Kymani.Ruiz@etu.edu.tr', '05708587829'),
(19020201, 'Miley', 'Montoya', '2001/3/15', 1, '2019/3/25', 0.20, 'Miley.Montoya@etu.edu.tr', '05138612813'),
(19010201, 'Dillan', 'Dixon', '1997/2/3', 0, '2019/4/3', 3.89, 'Dillan.Dixon@etu.edu.tr', '05795337797'),
(22020301, 'Heidi', 'Baldwin', '2000/7/10', 1, '2022/2/27', 1.79, 'Heidi.Baldwin@etu.edu.tr', '05921341987'),
(22020201, 'Tyree', 'Abbott', '2002/6/10', 0, '2022/1/9', 2.29, 'Tyree.Abbott@etu.edu.tr', '05294467838'),
(21010101, 'Dante', 'Lutz', '1999/5/5', 0, '2021/5/7', 3.94, 'Dante.Lutz@etu.edu.tr', '05238070097'),
(20020202, 'Sadie', 'Turner', '1998/11/27', 1, '2020/1/19', 2.89, 'Sadie.Turner@etu.edu.tr', '05171561373'),
(21010102, 'Erin', 'Park', '2002/4/27', 1, '2021/7/1', 3.18, 'Erin.Park@etu.edu.tr', '05387245248'),
(21030101, 'Karly', 'Cline', '2000/5/1', 1, '2021/5/13', 3.93, 'Karly.Cline@etu.edu.tr', '05791084768'),
(18010101, 'Liana', 'Caldwell', '1998/10/4', 1, '2018/1/14', 3.16, 'Liana.Caldwell@etu.edu.tr', '05741070298'),
(20010303, 'Cindy', 'Owen', '2002/11/19', 1, '2020/4/27', 0.47, 'Cindy.Owen@etu.edu.tr', '05162097709'),
(21030102, 'Anaya', 'Sexton', '2000/2/6', 1, '2021/3/25', 2.76, 'Anaya.Sexton@etu.edu.tr', '05055757188'),
(19030301, 'Waylon', 'Ferrell', '2000/6/14', 0, '2019/2/21', 0.41, 'Waylon.Ferrell@etu.edu.tr', '05508325784'),
(18020302, 'Vicente', 'Huff', '2000/10/3', 0, '2018/9/7', 1.00, 'Vicente.Huff@etu.edu.tr', '05700511932'),
(21010303, 'Gianna', 'Tapia', '1999/3/9', 1, '2021/5/27', 3.03, 'Gianna.Tapia@etu.edu.tr', '05994467609'),
(18010303, 'Kiara', 'Henderson', '1998/9/13', 1, '2018/2/21', 1.56, 'Kiara.Henderson@etu.edu.tr', '05982583189'),
(19020304, 'Clay', 'Peck', '1998/1/25', 0, '2019/2/3', 1.05, 'Clay.Peck@etu.edu.tr', '05159382842'),
(22020101, 'Lilly', 'Prince', '2002/10/23', 1, '2022/7/14', 2.41, 'Lilly.Prince@etu.edu.tr', '05204547015'),
(18020303, 'Makena', 'Arroyo', '1997/7/2', 1, '2018/2/4', 3.75, 'Makena.Arroyo@etu.edu.tr', '05099434714'),
(19020305, 'Damion', 'Mullins', '1997/9/21', 0, '2019/4/21', 2.02, 'Damion.Mullins@etu.edu.tr', '05303224731'),
(21030201, 'Francesca', 'Mason', '2002/4/11', 1, '2021/3/7', 1.33, 'Francesca.Mason@etu.edu.tr', '05692067620'),
(22020102, 'Braxton', 'Lloyd', '2000/9/1', 0, '2022/3/5', 3.52, 'Braxton.Lloyd@etu.edu.tr', '05457545537'),
(19030302, 'Aron', 'Woodward', '1999/2/27', 0, '2019/3/21', 2.16, 'Aron.Woodward@etu.edu.tr', '05987330006'),
(18020202, 'Laura', 'Fisher', '1996/1/28', 1, '2018/3/7', 2.15, 'Laura.Fisher@etu.edu.tr', '05920887799'),
(22020103, 'Frederick', 'Acosta', '2001/6/27', 0, '2022/1/25', 1.27, 'Frederick.Acosta@etu.edu.tr', '05041445647'),
(20020102, 'Mariam', 'Bray', '2001/3/1', 1, '2020/7/20', 0.03, 'Mariam.Bray@etu.edu.tr', '05355130009'),
(19030201, 'Javion', 'Barry', '2001/7/21', 0, '2019/6/23', 2.18, 'Javion.Barry@etu.edu.tr', '05759815479'),
(21030301, 'Kayla', 'Chang', '2001/5/22', 1, '2021/9/26', 3.41, 'Kayla.Chang@etu.edu.tr', '05328312962'),
(22020104, 'Alice', 'Simpson', '2000/9/6', 1, '2022/6/8', 3.74, 'Alice.Simpson@etu.edu.tr', '05141374171'),
(21010103, 'Mohammed', 'Harmon', '2000/11/24', 0, '2021/3/25', 3.85, 'Mohammed.Harmon@etu.edu.tr', '05092670977'),
(18030301, 'Conner', 'Thompson', '1997/5/20', 0, '2018/6/2', 1.56, 'Conner.Thompson@etu.edu.tr', '05690420752'),
(19020202, 'Nathaniel', 'Rose', '2001/3/6', 0, '2019/8/26', 2.57, 'Nathaniel.Rose@etu.edu.tr', '05767175088'),
(22030302, 'Cristofer', 'Curry', '2003/3/12', 0, '2022/2/9', 1.85, 'Cristofer.Curry@etu.edu.tr', '05791966047'),
(18030101, 'Genesis', 'Adams', '1997/12/14', 1, '2018/9/1', 0.13, 'Genesis.Adams@etu.edu.tr', '05922679643'),
(18030202, 'Paxton', 'Leon', '1999/6/21', 0, '2018/4/2', 3.53, 'Paxton.Leon@etu.edu.tr', '05330720911'),
(21020103, 'Cynthia', 'Moss', '2002/10/10', 1, '2021/2/5', 1.11, 'Cynthia.Moss@etu.edu.tr', '05143572842'),
(22010201, 'Hezekiah', 'Ballard', '2004/4/24', 0, '2022/5/16', 2.47, 'Hezekiah.Ballard@etu.edu.tr', '05812580597'),
(18030102, 'Yoselin', 'Solomon', '2000/11/8', 1, '2018/7/25', 3.99, 'Yoselin.Solomon@etu.edu.tr', '05212267530'),
(21010104, 'Deven', 'Kirby', '2003/10/3', 0, '2021/7/6', 3.37, 'Deven.Kirby@etu.edu.tr', '05971109863'),
(19030202, 'Jesse', 'Weaver', '1999/2/20', 0, '2019/1/28', 0.28, 'Jesse.Weaver@etu.edu.tr', '05089233413'),
(18030103, 'Albert', 'Cooley', '2000/4/17', 0, '2018/6/10', 1.52, 'Albert.Cooley@etu.edu.tr', '05672352463'),
(21020104, 'Vincent', 'Kent', '1999/9/5', 0, '2021/2/6', 2.24, 'Vincent.Kent@etu.edu.tr', '05189296126'),
(19020306, 'Iyana', 'Gibbs', '1997/11/27', 1, '2019/7/10', 1.68, 'Iyana.Gibbs@etu.edu.tr', '05542168678'),
(20010201, 'Gael', 'Wise', '1998/8/17', 0, '2020/8/27', 1.61, 'Gael.Wise@etu.edu.tr', '05573112494'),
(19010102, 'Diego', 'Salas', '2001/9/10', 0, '2019/9/23', 2.04, 'Diego.Salas@etu.edu.tr', '05923363716'),
(19020102, 'Joaquin', 'Schmitt', '2001/7/11', 0, '2019/9/17', 2.47, 'Joaquin.Schmitt@etu.edu.tr', '05717755317'),
(18010304, 'Ayaan', 'Mahoney', '1998/10/17', 0, '2018/4/6', 1.13, 'Ayaan.Mahoney@etu.edu.tr', '05291791241'),
(20030301, 'Joe', 'Forbes', '2001/5/22', 0, '2020/6/16', 2.03, 'Joe.Forbes@etu.edu.tr', '05300257357'),
(22020202, 'Nelson', 'Bates', '2001/12/19', 0, '2022/5/13', 1.92, 'Nelson.Bates@etu.edu.tr', '05252531012'),
(18030302, 'Jorden', 'Montes', '1996/8/20', 0, '2018/4/25', 2.86, 'Jorden.Montes@etu.edu.tr', '05856655651'),
(22030102, 'Omar', 'Warren', '2000/11/6', 0, '2022/7/2', 2.24, 'Omar.Warren@etu.edu.tr', '05176764351'),
(19020307, 'Lyla', 'Palmer', '1998/8/2', 1, '2019/3/13', 2.39, 'Lyla.Palmer@etu.edu.tr', '05305215949'),
(18030104, 'Zackery', 'Poole', '1999/3/6', 0, '2018/1/9', 1.55, 'Zackery.Poole@etu.edu.tr', '05393679614'),
(20010304, 'Naima', 'Herring', '2001/4/26', 1, '2020/1/2', 1.19, 'Naima.Herring@etu.edu.tr', '05309452663'),
(22010202, 'Deacon', 'Pierce', '2000/5/10', 0, '2022/7/8', 0.42, 'Deacon.Pierce@etu.edu.tr', '05394679008'),
(20010202, 'Autumn', 'Solis', '2001/7/6', 1, '2020/4/26', 2.03, 'Autumn.Solis@etu.edu.tr', '05560167693'),
(21010304, 'Miles', 'Mccarty', '1999/3/23', 0, '2021/6/12', 2.20, 'Miles.Mccarty@etu.edu.tr', '05289681988'),
(21010305, 'Blaine', 'Howell', '2000/11/9', 0, '2021/7/9', 0.55, 'Blaine.Howell@etu.edu.tr', '05682055565'),
(20030101, 'Jaylah', 'Mcclain', '2001/6/24', 1, '2020/8/4', 0.38, 'Jaylah.Mcclain@etu.edu.tr', '05585940108'),
(20020302, 'Hunter', 'Wells', '2001/11/22', 0, '2020/8/17', 3.83, 'Hunter.Wells@etu.edu.tr', '05811783450'),
(19030303, 'Aldo', 'Horn', '2001/9/6', 0, '2019/1/12', 1.56, 'Aldo.Horn@etu.edu.tr', '05840687365'),
(20010102, 'Jason', 'Walsh', '2000/8/9', 0, '2020/3/24', 3.06, 'Jason.Walsh@etu.edu.tr', '05869560109'),
(22020203, 'Amiah', 'Trujillo', '2002/3/9', 1, '2022/5/20', 1.67, 'Amiah.Trujillo@etu.edu.tr', '05240467992'),
(19020103, 'Aydin', 'Madden', '2001/2/6', 0, '2019/6/28', 3.64, 'Aydin.Madden@etu.edu.tr', '05251150670'),
(18010305, 'Norah', 'Rivas', '1998/12/4', 1, '2018/7/2', 3.21, 'Norah.Rivas@etu.edu.tr', '05852595156'),
(20010305, 'Darius', 'Cannon', '2001/11/18', 0, '2020/1/2', 3.30, 'Darius.Cannon@etu.edu.tr', '05206941293'),
(20020303, 'Eliana', 'Drake', '2000/4/7', 1, '2020/7/4', 1.95, 'Eliana.Drake@etu.edu.tr', '05423608305'),
(20010306, 'Riley', 'Salinas', '2002/7/11', 1, '2020/3/19', 3.91, 'Riley.Salinas@etu.edu.tr', '05865007007'),
(19030103, 'Marley', 'Moore', '1998/7/8', 0, '2019/8/7', 2.74, 'Marley.Moore@etu.edu.tr', '05218437730'),
(20020304, 'Terry', 'Christian', '1998/6/23', 0, '2020/3/28', 3.77, 'Terry.Christian@etu.edu.tr', '05671478634'),
(21030302, 'Tristan', 'Andrews', '2001/11/14', 0, '2021/8/26', 3.90, 'Tristan.Andrews@etu.edu.tr', '05704159459'),
(21020201, 'Braeden', 'Greer', '1999/4/7', 0, '2021/6/2', 0.71, 'Braeden.Greer@etu.edu.tr', '05654477503'),
(22020204, 'Gage', 'Weiss', '2002/2/4', 0, '2022/1/7', 3.55, 'Gage.Weiss@etu.edu.tr', '05664060480'),
(20030102, 'Tyler', 'Marsh', '1998/9/20', 0, '2020/5/3', 1.88, 'Tyler.Marsh@etu.edu.tr', '05635023683'),
(20030202, 'Diana', 'Cabrera', '2002/4/10', 1, '2020/6/18', 3.45, 'Diana.Cabrera@etu.edu.tr', '05856910611'),
(20020203, 'Ronan', 'Price', '2001/8/27', 0, '2020/3/5', 0.07, 'Ronan.Price@etu.edu.tr', '05905418563'),
(18020304, 'Gauge', 'Gonzalez', '1999/8/17', 0, '2018/1/5', 1.81, 'Gauge.Gonzalez@etu.edu.tr', '05234696228'),
(19020203, 'Callum', 'Berg', '2000/9/23', 0, '2019/2/26', 2.83, 'Callum.Berg@etu.edu.tr', '05271526312'),
(22010301, 'Helena', 'Nunez', '2001/8/12', 1, '2022/4/19', 1.50, 'Helena.Nunez@etu.edu.tr', '05101393642'),
(21020105, 'Nasir', 'Walker', '2000/4/6', 0, '2021/2/14', 0.99, 'Nasir.Walker@etu.edu.tr', '05239508343'),
(18010102, 'Zara', 'Leach', '1996/12/4', 1, '2018/2/23', 1.27, 'Zara.Leach@etu.edu.tr', '05018894727'),
(21030303, 'Chloe', 'Herman', '2002/10/15', 1, '2021/5/19', 3.10, 'Chloe.Herman@etu.edu.tr', '05952568195'),
(20010103, 'Addison', 'Erickson', '2001/11/26', 0, '2020/6/22', 3.27, 'Addison.Erickson@etu.edu.tr', '05044174802'),
(21020301, 'Zachery', 'Shannon', '2001/5/22', 0, '2021/8/15', 3.46, 'Zachery.Shannon@etu.edu.tr', '05539456165'),
(20020103, 'Aidan', 'Wong', '2002/6/25', 0, '2020/9/26', 0.62, 'Aidan.Wong@etu.edu.tr', '05949183162'),
(20030103, 'Odin', 'Burns', '2000/8/14', 0, '2020/5/16', 3.82, 'Odin.Burns@etu.edu.tr', '05904537693'),
(18010306, 'Melina', 'Stokes', '1997/11/9', 1, '2018/6/4', 3.61, 'Melina.Stokes@etu.edu.tr', '05459714473'),
(20020305, 'Kyler', 'Jordan', '2000/4/17', 0, '2020/8/5', 2.07, 'Kyler.Jordan@etu.edu.tr', '05828114912'),
(18030105, 'Macey', 'Fowler', '1998/9/21', 1, '2018/3/2', 2.77, 'Macey.Fowler@etu.edu.tr', '05004453659'),
(21030103, 'Beau', 'Brewer', '1999/2/6', 0, '2021/7/25', 0.86, 'Beau.Brewer@etu.edu.tr', '05291653583'),
(21030202, 'Rylan', 'Dudley', '2001/9/11', 0, '2021/5/10', 0.48, 'Rylan.Dudley@etu.edu.tr', '05207621747'),
(19030203, 'Giuliana', 'Frazier', '1999/1/6', 1, '2019/1/4', 2.48, 'Giuliana.Frazier@etu.edu.tr', '05833545499'),
(19020104, 'Ethen', 'Floyd', '1997/10/12', 0, '2019/6/14', 2.84, 'Ethen.Floyd@etu.edu.tr', '05937268515'),
(22020302, 'Mathias', 'Costa', '2003/4/7', 0, '2022/2/28', 0.70, 'Mathias.Costa@etu.edu.tr', '05017942176'),
(22030201, 'Aleena', 'Mejia', '2003/1/3', 1, '2022/2/27', 2.93, 'Aleena.Mejia@etu.edu.tr', '05499516276'),
(19030204, 'Rashad', 'Terrell', '1999/2/14', 0, '2019/1/26', 2.36, 'Rashad.Terrell@etu.edu.tr', '05220576126'),
(22010302, 'Carmelo', 'Lyons', '2003/5/8', 0, '2022/8/22', 1.89, 'Carmelo.Lyons@etu.edu.tr', '05571325460'),
(22030103, 'Britney', 'Bryant', '2002/3/18', 1, '2022/9/24', 3.47, 'Britney.Bryant@etu.edu.tr', '05833473118'),
(18030303, 'Blaze', 'Miranda', '2000/3/17', 0, '2018/1/1', 1.65, 'Blaze.Miranda@etu.edu.tr', '05058210999'),
(18020203, 'Shawn', 'Goodwin', '1997/10/7', 0, '2018/7/13', 1.58, 'Shawn.Goodwin@etu.edu.tr', '05294571576'),
(22030303, 'Saniya', 'Owens', '2002/3/10', 1, '2022/1/10', 0.42, 'Saniya.Owens@etu.edu.tr', '05240044405'),
(19010103, 'Colten', 'Oconnell', '1998/10/6', 0, '2019/2/4', 3.66, 'Colten.Oconnell@etu.edu.tr', '05429770694'),
(20020204, 'Jalen', 'Newman', '1998/3/26', 0, '2020/7/7', 2.24, 'Jalen.Newman@etu.edu.tr', '05414504430'),
(19030104, 'Sylvia', 'Potts', '1997/4/24', 1, '2019/6/23', 1.54, 'Sylvia.Potts@etu.edu.tr', '05008699491'),
(22020205, 'Kaya', 'Mosley', '2004/3/7', 1, '2022/3/9', 3.19, 'Kaya.Mosley@etu.edu.tr', '05118246681'),
(22010303, 'Sophia', 'Williams', '2000/5/27', 1, '2022/9/8', 3.13, 'Sophia.Williams@etu.edu.tr', '05764471224'),
(18030304, 'Jaylin', 'Dougherty', '1997/12/21', 0, '2018/3/22', 0.68, 'Jaylin.Dougherty@etu.edu.tr', '05114746286'),
(19030105, 'Averie', 'Brandt', '2000/7/6', 1, '2019/8/18', 1.99, 'Averie.Brandt@etu.edu.tr', '05858169877'),
(22020105, 'Cory', 'Lopez', '2002/10/3', 0, '2022/7/2', 1.64, 'Cory.Lopez@etu.edu.tr', '05325646531'),
(21010105, 'Brynlee', 'Andrade', '1999/12/22', 1, '2021/8/18', 1.48, 'Brynlee.Andrade@etu.edu.tr', '05755479559'),
(19010104, 'Yandel', 'Gaines', '2000/9/24', 0, '2019/1/3', 3.87, 'Yandel.Gaines@etu.edu.tr', '05586077154'),
(22030304, 'Samson', 'Morse', '2001/5/17', 0, '2022/4/26', 0.54, 'Samson.Morse@etu.edu.tr', '05461529134'),
(19020105, 'Glenn', 'Mcdonald', '1998/9/22', 0, '2019/7/12', 0.42, 'Glenn.Mcdonald@etu.edu.tr', '05871179044'),
(22030305, 'Braylon', 'Norman', '2004/9/19', 0, '2022/4/1', 1.76, 'Braylon.Norman@etu.edu.tr', '05415784033'),
(21010306, 'Amber', 'Morton', '2003/12/19', 1, '2021/1/17', 0.51, 'Amber.Morton@etu.edu.tr', '05556811403'),
(18030203, 'Evan', 'Garcia', '1999/4/21', 0, '2018/6/24', 0.99, 'Evan.Garcia@etu.edu.tr', '05233016409'),
(19010202, 'Cortez', 'Hanna', '2000/8/22', 0, '2019/8/17', 0.73, 'Cortez.Hanna@etu.edu.tr', '05185868718'),
(22020206, 'Irvin', 'Butler', '2002/7/22', 0, '2022/2/12', 3.80, 'Irvin.Butler@etu.edu.tr', '05914279191'),
(20020205, 'London', 'Branch', '1998/4/5', 1, '2020/8/8', 2.26, 'London.Branch@etu.edu.tr', '05442646489'),
(20030203, 'Lilyana', 'Crosby', '2001/11/5', 1, '2020/9/1', 0.03, 'Lilyana.Crosby@etu.edu.tr', '05961477973'),
(18020305, 'August', 'Kennedy', '1997/12/27', 0, '2018/5/12', 3.51, 'August.Kennedy@etu.edu.tr', '05411704940'),
(22030202, 'Adrian', 'Hays', '2002/1/20', 0, '2022/9/12', 3.60, 'Adrian.Hays@etu.edu.tr', '05966472306'),
(21020202, 'Melissa', 'Gordon', '1999/8/4', 1, '2021/1/4', 3.70, 'Melissa.Gordon@etu.edu.tr', '05112805332'),
(18010204, 'Kenya', 'Stanley', '1996/4/1', 1, '2018/3/17', 2.70, 'Kenya.Stanley@etu.edu.tr', '05976542024'),
(18010205, 'Ada', 'Hoffman', '1998/1/19', 1, '2018/9/2', 2.99, 'Ada.Hoffman@etu.edu.tr', '05313729980'),
(21010106, 'Neil', 'Nelson', '2002/1/28', 0, '2021/9/7', 3.56, 'Neil.Nelson@etu.edu.tr', '05628011843'),
(19020106, 'Ralph', 'Wright', '2001/2/6', 0, '2019/9/10', 0.63, 'Ralph.Wright@etu.edu.tr', '05951033080'),
(22010304, 'Kimora', 'Kelly', '2003/4/4', 1, '2022/5/23', 0.92, 'Kimora.Kelly@etu.edu.tr', '05879360201'),
(19030205, 'Isai', 'Blair', '2000/9/16', 0, '2019/2/18', 3.60, 'Isai.Blair@etu.edu.tr', '05522135230'),
(21010107, 'Raina', 'Molina', '2001/4/10', 1, '2021/7/14', 0.14, 'Raina.Molina@etu.edu.tr', '05663228393'),
(18010206, 'Nash', 'Alvarez', '1996/1/11', 0, '2018/2/26', 1.09, 'Nash.Alvarez@etu.edu.tr', '05096729248'),
(21010201, 'Angela', 'Higgins', '2000/7/5', 1, '2021/6/5', 1.95, 'Angela.Higgins@etu.edu.tr', '05783880029'),
(19020308, 'Bryce', 'Hensley', '2000/7/7', 0, '2019/7/23', 1.79, 'Bryce.Hensley@etu.edu.tr', '05670694562'),
(18020306, 'Khloe', 'Swanson', '1999/7/14', 1, '2018/2/19', 2.32, 'Khloe.Swanson@etu.edu.tr', '05212322508'),
(20010307, 'Jared', 'Mccall', '1998/1/20', 0, '2020/4/7', 3.18, 'Jared.Mccall@etu.edu.tr', '05826289204'),
(22010101, 'Darren', 'Simmons', '2002/8/18', 0, '2022/6/28', 1.64, 'Darren.Simmons@etu.edu.tr', '05955082117'),
(19020309, 'Sarahi', 'Mckay', '2000/7/16', 1, '2019/8/27', 2.65, 'Sarahi.Mckay@etu.edu.tr', '05691099512'),
(18030106, 'Trent', 'Rowland', '1997/2/4', 0, '2018/5/14', 2.19, 'Trent.Rowland@etu.edu.tr', '05891072616'),
(20010203, 'Savanah', 'Cowan', '2001/6/16', 1, '2020/5/12', 3.26, 'Savanah.Cowan@etu.edu.tr', '05094898597'),
(18020204, 'Faith', 'Sellers', '1997/3/22', 1, '2018/2/28', 1.91, 'Faith.Sellers@etu.edu.tr', '05993524398'),
(20020206, 'Jaquan', 'Pollard', '1999/7/14', 0, '2020/9/18', 2.29, 'Jaquan.Pollard@etu.edu.tr', '05771842733'),
(19020310, 'Martin', 'Waters', '2000/6/18', 0, '2019/9/22', 1.74, 'Martin.Waters@etu.edu.tr', '05120992807'),
(21020106, 'Iliana', 'Key', '2002/12/7', 1, '2021/3/19', 3.93, 'Iliana.Key@etu.edu.tr', '05083829312'),
(22010203, 'Jameson', 'Johnston', '2002/1/3', 0, '2022/2/2', 1.46, 'Jameson.Johnston@etu.edu.tr', '05245623631'),
(18020307, 'Abdiel', 'Fox', '1997/9/26', 0, '2018/7/21', 3.13, 'Abdiel.Fox@etu.edu.tr', '05175192239'),
(18010103, 'Jordyn', 'Rodgers', '1996/8/24', 0, '2018/6/20', 2.17, 'Jordyn.Rodgers@etu.edu.tr', '05209297832'),
(21030304, 'Nyasia', 'Lawrence', '2000/1/2', 1, '2021/1/22', 2.62, 'Nyasia.Lawrence@etu.edu.tr', '05932012657'),
(18010104, 'Jazmin', 'Kelley', '1997/3/15', 1, '2018/3/18', 0.00, 'Jazmin.Kelley@etu.edu.tr', '05921975690'),
(20010104, 'Yusuf', 'Marks', '2000/5/5', 0, '2020/8/6', 3.82, 'Yusuf.Marks@etu.edu.tr', '05609131466'),
(19020204, 'Dorian', 'Vaughn', '2000/7/13', 0, '2019/4/24', 2.98, 'Dorian.Vaughn@etu.edu.tr', '05083468174'),
(22020207, 'Bridget', 'Dean', '2003/12/10', 1, '2022/9/2', 0.79, 'Bridget.Dean@etu.edu.tr', '05350063197'),
(21030305, 'Andrea', 'Brock', '2001/7/6', 1, '2021/4/12', 2.39, 'Andrea.Brock@etu.edu.tr', '05337627800'),
(20010105, 'Karla', 'Bradley', '2001/2/7', 1, '2020/8/14', 1.45, 'Karla.Bradley@etu.edu.tr', '05427392102'),
(20010204, 'Louis', 'Guerrero', '1998/11/17', 0, '2020/3/3', 2.39, 'Louis.Guerrero@etu.edu.tr', '05615006928'),
(22020106, 'Carlee', 'Vang', '2002/8/7', 1, '2022/6/2', 0.25, 'Carlee.Vang@etu.edu.tr', '05174228647'),
(21030203, 'Ryker', 'Sanford', '2003/2/4', 0, '2021/1/23', 3.63, 'Ryker.Sanford@etu.edu.tr', '05115176200'),
(21010108, 'Abril', 'Quinn', '2002/1/1', 1, '2021/8/12', 3.81, 'Abril.Quinn@etu.edu.tr', '05406299241'),
(21020203, 'Wesley', 'Heath', '2001/9/1', 0, '2021/3/12', 0.34, 'Wesley.Heath@etu.edu.tr', '05174750277'),
(20030104, 'Abbigail', 'Massey', '2002/11/10', 1, '2020/6/15', 2.09, 'Abbigail.Massey@etu.edu.tr', '05621648726'),
(20020207, 'Rory', 'Ball', '1998/12/4', 0, '2020/2/5', 3.03, 'Rory.Ball@etu.edu.tr', '05026367582'),
(20030302, 'Natalee', 'Frank', '1998/9/13', 1, '2020/6/19', 1.69, 'Natalee.Frank@etu.edu.tr', '05050931780'),
(18030204, 'Alexandria', 'Foley', '1997/10/1', 1, '2018/4/12', 3.78, 'Alexandria.Foley@etu.edu.tr', '05331239443'),
(20010205, 'Desmond', 'Bowman', '1999/8/25', 0, '2020/8/3', 2.09, 'Desmond.Bowman@etu.edu.tr', '05524865771'),
(20030204, 'Josh', 'York', '1999/5/5', 0, '2020/7/6', 2.05, 'Josh.York@etu.edu.tr', '05081566742'),
(22020303, 'Tobias', 'Fleming', '2003/9/15', 0, '2022/1/1', 2.00, 'Tobias.Fleming@etu.edu.tr', '05442490752'),
(18010207, 'Brenna', 'Armstrong', '1998/5/25', 1, '2018/3/13', 3.19, 'Brenna.Armstrong@etu.edu.tr', '05443025056'),
(20030303, 'Zayden', 'Sheppard', '2001/12/24', 0, '2020/6/11', 2.98, 'Zayden.Sheppard@etu.edu.tr', '05623058282'),
(18030205, 'Logan', 'Long', '1997/7/16', 1, '2018/4/11', 1.54, 'Logan.Long@etu.edu.tr', '05204069048'),
(19030106, 'Annabelle', 'Paul', '2001/9/16', 1, '2019/9/2', 1.59, 'Annabelle.Paul@etu.edu.tr', '05113149556'),
(21010202, 'Kristen', 'Roberts', '1999/6/8', 1, '2021/3/28', 2.02, 'Kristen.Roberts@etu.edu.tr', '05300879888'),
(18030206, 'Yamilet', 'Espinoza', '1997/7/21', 1, '2018/9/4', 0.34, 'Yamilet.Espinoza@etu.edu.tr', '05327284312'),
(20020104, 'Devyn', 'Simon', '2002/11/9', 0, '2020/5/10', 2.63, 'Devyn.Simon@etu.edu.tr', '05344350426'),
(20020306, 'Charles', 'Wagner', '1999/12/20', 0, '2020/7/3', 3.07, 'Charles.Wagner@etu.edu.tr', '05494932676'),
(21020302, 'Isis', 'Potter', '2003/11/2', 1, '2021/1/17', 0.64, 'Isis.Potter@etu.edu.tr', '05430277487'),
(18030207, 'Kailee', 'Benjamin', '2000/7/1', 1, '2018/5/20', 0.90, 'Kailee.Benjamin@etu.edu.tr', '05984182845'),
(18020102, 'Blake', 'Choi', '1999/8/9', 0, '2018/9/11', 1.64, 'Blake.Choi@etu.edu.tr', '05330861764'),
(19030107, 'Mike', 'Bennett', '1998/5/25', 0, '2019/6/25', 2.13, 'Mike.Bennett@etu.edu.tr', '05384440018'),
(21020204, 'Zaiden', 'Santiago', '2003/1/27', 0, '2021/4/27', 2.06, 'Zaiden.Santiago@etu.edu.tr', '05507350264'),
(18030208, 'Neveah', 'Rice', '1996/2/12', 1, '2018/6/12', 3.72, 'Neveah.Rice@etu.edu.tr', '05422148177'),
(18020205, 'Ean', 'Walls', '1997/9/17', 0, '2018/8/2', 1.52, 'Ean.Walls@etu.edu.tr', '05887962002'),
(21010109, 'Breanna', 'Nash', '2001/8/8', 1, '2021/7/9', 0.14, 'Breanna.Nash@etu.edu.tr', '05017546078'),
(20020105, 'Maeve', 'Alvarado', '1998/7/16', 1, '2020/4/7', 3.08, 'Maeve.Alvarado@etu.edu.tr', '05706128862'),
(22010204, 'Antwan', 'Zhang', '2004/11/17', 0, '2022/2/15', 3.36, 'Antwan.Zhang@etu.edu.tr', '05540714777'),
(21030306, 'Kadyn', 'Shea', '2002/7/11', 0, '2021/6/19', 2.29, 'Kadyn.Shea@etu.edu.tr', '05613924120'),
(19010105, 'Maleah', 'Pittman', '1998/5/15', 1, '2019/4/11', 3.64, 'Maleah.Pittman@etu.edu.tr', '05336159853'),
(21010203, 'Alani', 'Meyers', '1999/6/21', 1, '2021/7/20', 3.36, 'Alani.Meyers@etu.edu.tr', '05160969465'),
(18020308, 'Cherish', 'Ellis', '1998/9/12', 1, '2018/5/4', 0.16, 'Cherish.Ellis@etu.edu.tr', '05717484180'),
(21030204, 'Gunner', 'Orr', '1999/9/15', 0, '2021/9/9', 0.29, 'Gunner.Orr@etu.edu.tr', '05654859528'),
(22010102, 'Jamari', 'Ayers', '2001/4/9', 0, '2022/3/24', 0.39, 'Jamari.Ayers@etu.edu.tr', '05707393719'),
(18010307, 'Jeramiah', 'Meyer', '1999/8/18', 0, '2018/4/15', 2.57, 'Jeramiah.Meyer@etu.edu.tr', '05679658800'),
(20020208, 'Moises', 'Livingston', '1998/6/21', 0, '2020/8/6', 0.87, 'Moises.Livingston@etu.edu.tr', '05485529592'),
(19020107, 'Rosemary', 'Boone', '1998/2/12', 1, '2019/7/7', 3.82, 'Rosemary.Boone@etu.edu.tr', '05331498638'),
(22030306, 'Humberto', 'Zavala', '2002/3/2', 0, '2022/6/3', 1.33, 'Humberto.Zavala@etu.edu.tr', '05477206854'),
(19010106, 'Cassidy', 'Schwartz', '1997/3/14', 1, '2019/4/27', 1.80, 'Cassidy.Schwartz@etu.edu.tr', '05916311352'),
(21030205, 'Kennedi', 'Calhoun', '2000/9/1', 1, '2021/1/19', 0.49, 'Kennedi.Calhoun@etu.edu.tr', '05550545976'),
(18030107, 'Aspen', 'Mcintosh', '1996/5/24', 1, '2018/4/19', 3.14, 'Aspen.Mcintosh@etu.edu.tr', '05173209025'),
(21030307, 'Arnav', 'Cole', '2002/4/26', 0, '2021/3/19', 1.62, 'Arnav.Cole@etu.edu.tr', '05208354664'),
(20020209, 'Larissa', 'Farmer', '2002/2/26', 1, '2020/5/22', 0.31, 'Larissa.Farmer@etu.edu.tr', '05488754607'),
(19010302, 'Barrett', 'Sparks', '1997/8/3', 0, '2019/8/23', 1.04, 'Barrett.Sparks@etu.edu.tr', '05788974913'),
(20030304, 'Edgar', 'Savage', '1998/6/21', 0, '2020/1/15', 1.65, 'Edgar.Savage@etu.edu.tr', '05125530918'),
(18020103, 'Darien', 'Holland', '1998/5/16', 0, '2018/4/4', 2.91, 'Darien.Holland@etu.edu.tr', '05550181577'),
(18020309, 'Tiana', 'Roy', '1996/6/5', 1, '2018/5/15', 1.60, 'Tiana.Roy@etu.edu.tr', '05486155814'),
(20030305, 'Luke', 'Hatfield', '1998/2/9', 0, '2020/4/12', 2.46, 'Luke.Hatfield@etu.edu.tr', '05653281085'),
(20030306, 'Harrison', 'Richmond', '1999/9/19', 0, '2020/8/9', 0.96, 'Harrison.Richmond@etu.edu.tr', '05713152303'),
(20010206, 'Antonio', 'Goodman', '1999/12/10', 0, '2020/4/2', 2.05, 'Antonio.Goodman@etu.edu.tr', '05338168250'),
(19020311, 'Hailey', 'Charles', '2000/11/13', 1, '2019/7/15', 0.46, 'Hailey.Charles@etu.edu.tr', '05014125868'),
(22020107, 'Jacquelyn', 'Allen', '2000/12/8', 1, '2022/6/2', 2.73, 'Jacquelyn.Allen@etu.edu.tr', '05031148604'),
(19020108, 'Holden', 'Ferguson', '1997/4/16', 0, '2019/8/27', 2.09, 'Holden.Ferguson@etu.edu.tr', '05396765608'),
(22030104, 'Mariah', 'Daniels', '2004/2/2', 1, '2022/9/28', 3.22, 'Mariah.Daniels@etu.edu.tr', '05899799933'),
(22010205, 'Noe', 'Blanchard', '2002/8/28', 0, '2022/3/18', 2.26, 'Noe.Blanchard@etu.edu.tr', '05253987050'),
(21010110, 'Teagan', 'Ware', '1999/12/4', 0, '2021/3/7', 3.73, 'Teagan.Ware@etu.edu.tr', '05263631048'),
(22020304, 'Karley', 'Huber', '2001/3/14', 1, '2022/1/9', 0.55, 'Karley.Huber@etu.edu.tr', '05573723780'),
(20020106, 'Giovanni', 'French', '2001/6/9', 0, '2020/1/5', 3.63, 'Giovanni.French@etu.edu.tr', '05039583588'),
(18030209, 'Athena', 'Kaufman', '2000/5/25', 1, '2018/6/21', 0.70, 'Athena.Kaufman@etu.edu.tr', '05634926144'),
(20030307, 'Alyssa', 'Jacobson', '1998/9/11', 1, '2020/8/3', 0.46, 'Alyssa.Jacobson@etu.edu.tr', '05246981371'),
(19010107, 'Landon', 'Lane', '1997/1/2', 0, '2019/2/23', 0.63, 'Landon.Lane@etu.edu.tr', '05099138872'),
(20030205, 'Steven', 'Dodson', '1999/5/13', 0, '2020/7/13', 1.05, 'Steven.Dodson@etu.edu.tr', '05791603972'),
(20020210, 'Cecilia', 'Ibarra', '1999/9/26', 1, '2020/1/9', 0.82, 'Cecilia.Ibarra@etu.edu.tr', '05572029063'),
(18030305, 'Courtney', 'Galloway', '1998/10/11', 1, '2018/2/16', 3.62, 'Courtney.Galloway@etu.edu.tr', '05044582026'),
(18010105, 'Yael', 'Mcmahon', '2000/1/4', 0, '2018/6/15', 1.88, 'Yael.Mcmahon@etu.edu.tr', '05348798884'),
(19030304, 'Brenda', 'Raymond', '2001/12/14', 1, '2019/4/11', 2.40, 'Brenda.Raymond@etu.edu.tr', '05983458055'),
(20010308, 'Skyler', 'Whitehead', '2002/10/22', 1, '2020/5/6', 2.82, 'Skyler.Whitehead@etu.edu.tr', '05180213864'),
(18030108, 'Freddy', 'Davis', '1997/5/24', 0, '2018/1/5', 1.50, 'Freddy.Davis@etu.edu.tr', '05961613854'),
(19020312, 'Nora', 'Ayala', '1997/9/25', 1, '2019/1/6', 1.48, 'Nora.Ayala@etu.edu.tr', '05952927659'),
(20030308, 'Claudia', 'Fields', '2002/8/22', 1, '2020/3/26', 1.49, 'Claudia.Fields@etu.edu.tr', '05438663599'),
(19030108, 'Alessandro', 'Bender', '1997/6/25', 0, '2019/9/15', 3.08, 'Alessandro.Bender@etu.edu.tr', '05676329969'),
(19030305, 'Braydon', 'Norton', '1999/11/7', 0, '2019/1/23', 2.52, 'Braydon.Norton@etu.edu.tr', '05712989397'),
(22020108, 'Bailee', 'Stevenson', '2002/6/13', 1, '2022/3/16', 0.88, 'Bailee.Stevenson@etu.edu.tr', '05891773862'),
(19020313, 'Lewis', 'Whitney', '2001/11/26', 0, '2019/2/21', 2.21, 'Lewis.Whitney@etu.edu.tr', '05385207995'),
(19010203, 'Eddie', 'Michael', '1997/8/15', 0, '2019/1/25', 1.47, 'Eddie.Michael@etu.edu.tr', '05615891296'),
(19020109, 'Lena', 'Gardner', '2001/2/23', 1, '2019/2/3', 1.55, 'Lena.Gardner@etu.edu.tr', '05206117166'),
(18010208, 'Emmy', 'Johns', '2000/12/24', 1, '2018/1/9', 0.22, 'Emmy.Johns@etu.edu.tr', '05606897941'),
(18020104, 'Ashton', 'Valenzuela', '1999/2/22', 0, '2018/7/21', 1.91, 'Ashton.Valenzuela@etu.edu.tr', '05178737554'),
(19020110, 'Maia', 'Garrett', '1999/12/11', 1, '2019/7/21', 1.81, 'Maia.Garrett@etu.edu.tr', '05527771116'),
(19010204, 'Zion', 'Gillespie', '1997/9/11', 0, '2019/2/26', 3.79, 'Zion.Gillespie@etu.edu.tr', '05155114144'),
(20030105, 'Kailey', 'Harrington', '2002/10/21', 1, '2020/9/21', 2.61, 'Kailey.Harrington@etu.edu.tr', '05075415763'),
(22030203, 'Molly', 'Wu', '2002/7/15', 1, '2022/5/12', 0.49, 'Molly.Wu@etu.edu.tr', '05033673499'),
(21030104, 'Skylar', 'Hardin', '2002/1/9', 0, '2021/9/19', 2.49, 'Skylar.Hardin@etu.edu.tr', '05032709250'),
(19010205, 'Valery', 'Barr', '2000/7/20', 1, '2019/4/22', 3.72, 'Valery.Barr@etu.edu.tr', '05834128179'),
(20010207, 'Madilynn', 'Townsend', '1999/3/26', 1, '2020/1/26', 1.28, 'Madilynn.Townsend@etu.edu.tr', '05108747832'),
(22010103, 'Alaina', 'Barnes', '2004/12/7', 1, '2022/1/25', 1.68, 'Alaina.Barnes@etu.edu.tr', '05279248635'),
(20030309, 'Brock', 'Calderon', '1999/3/7', 0, '2020/2/7', 0.62, 'Brock.Calderon@etu.edu.tr', '05549298288'),
(20030310, 'Jakobe', 'Knox', '2001/8/9', 0, '2020/9/26', 2.61, 'Jakobe.Knox@etu.edu.tr', '05494869413'),
(22010206, 'Annabella', 'Reese', '2001/3/4', 1, '2022/5/10', 1.75, 'Annabella.Reese@etu.edu.tr', '05663304830'),
(18030306, 'Cael', 'Finley', '1999/10/11', 0, '2018/6/18', 3.29, 'Cael.Finley@etu.edu.tr', '05422783656'),
(22020109, 'Deon', 'Gallegos', '2002/1/17', 0, '2022/8/25', 0.13, 'Deon.Gallegos@etu.edu.tr', '05546481195'),
(18020310, 'Yesenia', 'Villarreal', '2000/10/22', 1, '2018/2/26', 1.94, 'Yesenia.Villarreal@etu.edu.tr', '05002243319'),
(21020107, 'Jaydon', 'Love', '2001/2/16', 0, '2021/9/20', 3.55, 'Jaydon.Love@etu.edu.tr', '05001365656'),
(19020314, 'Sonny', 'Pearson', '1997/9/6', 0, '2019/1/2', 3.60, 'Sonny.Pearson@etu.edu.tr', '05192873996'),
(21030206, 'Eliezer', 'Ford', '2002/8/9', 0, '2021/5/23', 3.93, 'Eliezer.Ford@etu.edu.tr', '05297328404'),
(20030311, 'Jonas', 'Richards', '2002/6/25', 0, '2020/2/7', 3.89, 'Jonas.Richards@etu.edu.tr', '05879424203'),
(20030312, 'Anna', 'Mckinney', '1999/11/1', 1, '2020/1/7', 1.69, 'Anna.Mckinney@etu.edu.tr', '05653989144'),
(18010209, 'Johnny', 'Mathews', '1999/12/3', 0, '2018/1/10', 2.15, 'Johnny.Mathews@etu.edu.tr', '05708029416'),
(21020108, 'Nathalie', 'Adkins', '2003/5/23', 1, '2021/8/19', 2.32, 'Nathalie.Adkins@etu.edu.tr', '05283803419'),
(19010206, 'Solomon', 'Kramer', '2000/12/12', 0, '2019/2/8', 1.91, 'Solomon.Kramer@etu.edu.tr', '05279440273'),
(18030210, 'Raquel', 'Fuller', '1999/10/8', 1, '2018/1/26', 2.23, 'Raquel.Fuller@etu.edu.tr', '05253052973'),
(20010309, 'Josephine', 'Hayes', '1999/1/16', 1, '2020/7/1', 2.93, 'Josephine.Hayes@etu.edu.tr', '05188245140'),
(20010310, 'Eric', 'Carr', '2002/5/28', 0, '2020/5/16', 0.69, 'Eric.Carr@etu.edu.tr', '05121967980'),
(20020307, 'Amina', 'Nguyen', '1999/11/21', 1, '2020/7/4', 3.93, 'Amina.Nguyen@etu.edu.tr', '05234472129'),
(18020206, 'Alena', 'Jarvis', '1997/11/21', 1, '2018/3/1', 0.82, 'Alena.Jarvis@etu.edu.tr', '05251855933'),
(22030307, 'Harley', 'Padilla', '2001/8/19', 0, '2022/5/22', 3.21, 'Harley.Padilla@etu.edu.tr', '05525942770'),
(19030306, 'Gabriela', 'Benitez', '1999/3/10', 1, '2019/2/12', 0.38, 'Gabriela.Benitez@etu.edu.tr', '05714558865'),
(22020208, 'Alicia', 'Ortiz', '2000/7/27', 1, '2022/3/14', 3.94, 'Alicia.Ortiz@etu.edu.tr', '05764169893'),
(20030313, 'Hadassah', 'Carrillo', '2000/10/15', 1, '2020/6/27', 3.83, 'Hadassah.Carrillo@etu.edu.tr', '05304471097'),
(18020207, 'America', 'Cooper', '1999/9/22', 1, '2018/1/5', 0.66, 'America.Cooper@etu.edu.tr', '05114013070'),
(21030105, 'Spencer', 'Bullock', '2001/6/17', 0, '2021/9/13', 2.95, 'Spencer.Bullock@etu.edu.tr', '05342151514'),
(18030109, 'Ariel', 'Hernandez', '1996/6/11', 0, '2018/2/17', 0.45, 'Ariel.Hernandez@etu.edu.tr', '05372546066'),
(19010207, 'Charity', 'Lynn', '2000/7/2', 1, '2019/1/14', 3.23, 'Charity.Lynn@etu.edu.tr', '05685768002'),
(20010311, 'Mark', 'Barber', '2000/2/5', 0, '2020/1/24', 0.59, 'Mark.Barber@etu.edu.tr', '05773050877'),
(18030211, 'Tanner', 'Marquez', '1999/4/7', 0, '2018/8/8', 0.98, 'Tanner.Marquez@etu.edu.tr', '05907610350'),
(21030106, 'Irene', 'West', '1999/6/2', 1, '2021/6/7', 2.65, 'Irene.West@etu.edu.tr', '05953294392'),
(22010305, 'Esmeralda', 'Rogers', '2002/2/22', 1, '2022/3/14', 3.17, 'Esmeralda.Rogers@etu.edu.tr', '05672294657'),
(18030110, 'Alec', 'Chan', '2000/2/8', 0, '2018/5/20', 1.68, 'Alec.Chan@etu.edu.tr', '05622327210'),
(18030111, 'Mohamed', 'Murphy', '1999/5/13', 0, '2018/5/11', 0.16, 'Mohamed.Murphy@etu.edu.tr', '05754985748'),
(22030308, 'Aniya', 'Reilly', '2000/11/20', 1, '2022/5/17', 3.07, 'Aniya.Reilly@etu.edu.tr', '05107490716'),
(22030105, 'Caden', 'Russell', '2000/5/12', 0, '2022/3/3', 1.75, 'Caden.Russell@etu.edu.tr', '05832204801'),
(18030307, 'Nola', 'Riley', '1997/8/19', 1, '2018/3/19', 1.40, 'Nola.Riley@etu.edu.tr', '05094942612'),
(18010106, 'Micah', 'Fitzgerald', '1999/9/10', 0, '2018/8/15', 0.65, 'Micah.Fitzgerald@etu.edu.tr', '05494428427'),
(22010104, 'Leandro', 'Haney', '2000/6/7', 0, '2022/8/28', 1.83, 'Leandro.Haney@etu.edu.tr', '05352163579'),
(22010306, 'Kaelyn', 'Braun', '2000/8/11', 1, '2022/1/18', 3.08, 'Kaelyn.Braun@etu.edu.tr', '05979613329'),
(18010210, 'Azaria', 'Rivera', '1997/6/22', 1, '2018/5/28', 1.01, 'Azaria.Rivera@etu.edu.tr', '05808352853'),
(22020305, 'Reina', 'Ellison', '2004/2/2', 1, '2022/6/5', 1.92, 'Reina.Ellison@etu.edu.tr', '05824854319'),
(18010308, 'Jaylee', 'Day', '1997/10/5', 1, '2018/3/4', 1.43, 'Jaylee.Day@etu.edu.tr', '05865342536'),
(20030314, 'Deangelo', 'Grimes', '2001/4/17', 0, '2020/2/23', 3.15, 'Deangelo.Grimes@etu.edu.tr', '05941456949'),
(18030308, 'Mitchell', 'Haley', '1998/9/18', 0, '2018/6/27', 1.67, 'Mitchell.Haley@etu.edu.tr', '05653205216'),
(22020209, 'German', 'Glenn', '2003/9/25', 0, '2022/6/12', 2.91, 'German.Glenn@etu.edu.tr', '05404305958'),
(20030206, 'Arthur', 'Stevens', '2002/6/3', 0, '2020/7/25', 0.09, 'Arthur.Stevens@etu.edu.tr', '05253174626'),
(19010208, 'Araceli', 'Logan', '1997/4/20', 1, '2019/2/15', 1.90, 'Araceli.Logan@etu.edu.tr', '05407917059'),
(19010209, 'Lukas', 'Graves', '2001/5/3', 0, '2019/7/13', 1.54, 'Lukas.Graves@etu.edu.tr', '05412014760'),
(19030109, 'Phoenix', 'Farley', '2000/3/17', 0, '2019/1/8', 0.03, 'Phoenix.Farley@etu.edu.tr', '05623390591'),
(20020107, 'Makaila', 'Brady', '1998/1/7', 1, '2020/3/2', 1.76, 'Makaila.Brady@etu.edu.tr', '05767358290'),
(18010107, 'Evie', 'Vance', '1996/2/21', 1, '2018/3/21', 1.17, 'Evie.Vance@etu.edu.tr', '05781185089'),
(18010211, 'Dayanara', 'Benton', '1996/3/24', 1, '2018/1/6', 1.38, 'Dayanara.Benton@etu.edu.tr', '05082425399'),
(21020109, 'Devan', 'Meza', '2001/4/9', 0, '2021/2/8', 2.19, 'Devan.Meza@etu.edu.tr', '05581210723'),
(20030106, 'Deanna', 'Booker', '2000/4/19', 1, '2020/9/20', 1.51, 'Deanna.Booker@etu.edu.tr', '05529457317'),
(22010105, 'Monserrat', 'Snow', '2002/1/21', 1, '2022/9/6', 0.81, 'Monserrat.Snow@etu.edu.tr', '05877106450'),
(19020111, 'Tyrese', 'Mccann', '1998/1/15', 0, '2019/2/20', 1.88, 'Tyrese.Mccann@etu.edu.tr', '05057253566'),
(20030107, 'Amari', 'Burgess', '2002/6/8', 1, '2020/7/16', 3.79, 'Amari.Burgess@etu.edu.tr', '05619537842'),
(19020112, 'Edwin', 'Callahan', '1999/12/26', 0, '2019/6/20', 3.20, 'Edwin.Callahan@etu.edu.tr', '05162343266'),
(21010307, 'Caitlyn', 'Lang', '2003/1/4', 1, '2021/9/6', 3.34, 'Caitlyn.Lang@etu.edu.tr', '05663042915'),
(19030110, 'Kenyon', 'Proctor', '1999/1/20', 0, '2019/7/23', 2.93, 'Kenyon.Proctor@etu.edu.tr', '05391851708'),
(22030309, 'Cassie', 'Elliott', '2004/3/22', 1, '2022/1/18', 1.71, 'Cassie.Elliott@etu.edu.tr', '05185555851'),
(22020306, 'Dakota', 'Wilkinson', '2001/12/5', 1, '2022/6/25', 0.72, 'Dakota.Wilkinson@etu.edu.tr', '05827584892'),
(21010308, 'Nevaeh', 'Cox', '2001/10/18', 1, '2021/9/21', 1.36, 'Nevaeh.Cox@etu.edu.tr', '05370367565'),
(19020315, 'Alexzander', 'Mcdaniel', '2001/8/9', 0, '2019/8/2', 0.26, 'Alexzander.Mcdaniel@etu.edu.tr', '05405635624'),
(18030112, 'Maya', 'Carpenter', '1997/2/23', 1, '2018/4/8', 0.49, 'Maya.Carpenter@etu.edu.tr', '05972223749'),
(20020108, 'Jovanni', 'Hunter', '2002/3/1', 0, '2020/5/8', 3.16, 'Jovanni.Hunter@etu.edu.tr', '05807808522'),
(18010212, 'Dana', 'Anderson', '1996/10/19', 1, '2018/5/4', 3.61, 'Dana.Anderson@etu.edu.tr', '05915153267'),
(22010207, 'Danika', 'Morales', '2000/6/5', 1, '2022/3/27', 3.14, 'Danika.Morales@etu.edu.tr', '05188520824'),
(18020311, 'Jaron', 'Romero', '1997/12/9', 0, '2018/4/3', 3.97, 'Jaron.Romero@etu.edu.tr', '05941333013'),
(20030315, 'Lamont', 'Cameron', '2001/11/15', 0, '2020/8/5', 3.10, 'Lamont.Cameron@etu.edu.tr', '05062658094'),
(22020210, 'Alayna', 'Underwood', '2001/2/8', 1, '2022/6/23', 3.63, 'Alayna.Underwood@etu.edu.tr', '05986718336'),
(22020110, 'Fatima', 'Hayden', '2000/1/3', 1, '2022/3/21', 0.57, 'Fatima.Hayden@etu.edu.tr', '05949814213'),
(18020105, 'Sage', 'Wilkerson', '1998/3/5', 1, '2018/9/12', 3.69, 'Sage.Wilkerson@etu.edu.tr', '05277824018'),
(18030309, 'Elvis', 'Reyes', '1996/9/19', 0, '2018/4/8', 0.41, 'Elvis.Reyes@etu.edu.tr', '05942695415'),
(20030316, 'Bianca', 'Mccoy', '2000/5/5', 1, '2020/5/23', 3.26, 'Bianca.Mccoy@etu.edu.tr', '05455585055'),
(21020303, 'Malaki', 'Martin', '2002/4/23', 0, '2021/6/19', 3.28, 'Malaki.Martin@etu.edu.tr', '05554789791'),
(18010108, 'Laney', 'Vasquez', '2000/2/8', 1, '2018/2/25', 1.51, 'Laney.Vasquez@etu.edu.tr', '05671470698'),
(18010213, 'Coby', 'Melton', '1996/6/5', 0, '2018/2/16', 2.66, 'Coby.Melton@etu.edu.tr', '05692280423'),
(18010109, 'Carter', 'Pace', '1997/10/4', 0, '2018/6/15', 0.69, 'Carter.Pace@etu.edu.tr', '05106223995'),
(20030207, 'Ivan', 'Dyer', '2002/8/26', 0, '2020/4/26', 2.81, 'Ivan.Dyer@etu.edu.tr', '05769245534'),
(19020113, 'Gia', 'Lucas', '2001/4/23', 1, '2019/3/6', 1.93, 'Gia.Lucas@etu.edu.tr', '05990486103'),
(21030308, 'Braelyn', 'King', '2000/1/13', 1, '2021/5/19', 1.62, 'Braelyn.King@etu.edu.tr', '05281711433'),
(18030212, 'Remington', 'Garza', '1998/1/10', 0, '2018/6/7', 3.93, 'Remington.Garza@etu.edu.tr', '05861248438'),
(20010312, 'Elsa', 'Suarez', '2002/11/24', 1, '2020/5/18', 3.70, 'Elsa.Suarez@etu.edu.tr', '05235199960'),
(20020109, 'Abraham', 'Murillo', '2001/7/23', 0, '2020/3/23', 2.46, 'Abraham.Murillo@etu.edu.tr', '05778423118'),
(18010309, 'Brennan', 'Odonnell', '1997/11/26', 0, '2018/8/17', 2.92, 'Brennan.Odonnell@etu.edu.tr', '05631809081'),
(19030111, 'Warren', 'Henson', '1997/5/12', 0, '2019/3/20', 2.83, 'Warren.Henson@etu.edu.tr', '05912594329'),
(19030206, 'Ronald', 'Roman', '2001/9/23', 0, '2019/6/25', 1.60, 'Ronald.Roman@etu.edu.tr', '05826491072'),
(21020304, 'Demarcus', 'Jones', '2003/8/25', 0, '2021/2/7', 3.33, 'Demarcus.Jones@etu.edu.tr', '05451101311'),
(18030310, 'Michelle', 'Cisneros', '1998/12/6', 1, '2018/5/23', 2.50, 'Michelle.Cisneros@etu.edu.tr', '05327577763'),
(19010108, 'Marley', 'Sherman', '1997/2/11', 1, '2019/3/3', 2.56, 'Marley.Sherman@etu.edu.tr', '05888013414'),
(18030113, 'Paul', 'Clements', '1997/8/11', 0, '2018/8/3', 3.02, 'Paul.Clements@etu.edu.tr', '05361298720'),
(22010307, 'Taryn', 'Bush', '2000/11/22', 1, '2022/1/4', 1.26, 'Taryn.Bush@etu.edu.tr', '05309964723'),
(22010106, 'Todd', 'Lindsey', '2003/11/8', 0, '2022/3/3', 0.14, 'Todd.Lindsey@etu.edu.tr', '05844997002'),
(21010111, 'Bryson', 'Good', '2000/4/4', 0, '2021/2/5', 3.47, 'Bryson.Good@etu.edu.tr', '05120977419'),
(18020208, 'Jermaine', 'Haas', '1998/9/1', 0, '2018/4/28', 0.71, 'Jermaine.Haas@etu.edu.tr', '05455284333'),
(20030317, 'Harper', 'Bryan', '1999/12/23', 0, '2020/2/4', 2.88, 'Harper.Bryan@etu.edu.tr', '05872863185'),
(22030310, 'Esteban', 'Whitaker', '2003/2/12', 0, '2022/8/15', 3.39, 'Esteban.Whitaker@etu.edu.tr', '05242547353'),
(18030114, 'Abram', 'Cordova', '2000/3/1', 0, '2018/1/11', 1.63, 'Abram.Cordova@etu.edu.tr', '05184286151'),
(18030213, 'Sierra', 'Bauer', '1999/12/27', 1, '2018/5/25', 0.22, 'Sierra.Bauer@etu.edu.tr', '05085745122'),
(19010109, 'Walter', 'Russo', '1998/11/4', 0, '2019/8/19', 1.36, 'Walter.Russo@etu.edu.tr', '05380994054'),
(18020209, 'Karissa', 'Shields', '1996/4/27', 1, '2018/8/4', 1.62, 'Karissa.Shields@etu.edu.tr', '05668403402'),
(21020205, 'Chandler', 'Greene', '2000/1/11', 0, '2021/5/27', 3.88, 'Chandler.Greene@etu.edu.tr', '05351260234'),
(21030207, 'Nathanael', 'Reed', '2001/12/18', 0, '2021/6/10', 1.42, 'Nathanael.Reed@etu.edu.tr', '05945781627'),
(22010208, 'Sienna', 'Patrick', '2003/5/14', 1, '2022/1/11', 2.78, 'Sienna.Patrick@etu.edu.tr', '05921852550'),
(20020211, 'Scarlett', 'Herrera', '1998/1/26', 1, '2020/4/23', 0.88, 'Scarlett.Herrera@etu.edu.tr', '05783032807'),
(22020307, 'Joshua', 'Holloway', '2004/3/19', 0, '2022/5/24', 2.08, 'Joshua.Holloway@etu.edu.tr', '05584720391'),
(20010106, 'Adan', 'Diaz', '2002/10/3', 0, '2020/1/21', 2.49, 'Adan.Diaz@etu.edu.tr', '05561617173'),
(19010110, 'Briley', 'Holt', '2000/2/15', 1, '2019/5/13', 0.30, 'Briley.Holt@etu.edu.tr', '05038055021'),
(19030207, 'Jaiden', 'White', '2000/6/10', 0, '2019/7/16', 3.50, 'Jaiden.White@etu.edu.tr', '05852413139'),
(20020212, 'Marina', 'Yoder', '2002/4/14', 1, '2020/8/1', 3.43, 'Marina.Yoder@etu.edu.tr', '05773075984'),
(18030214, 'Clayton', 'Archer', '2000/11/6', 0, '2018/8/18', 2.42, 'Clayton.Archer@etu.edu.tr', '05130853858'),
(18010214, 'Enrique', 'Cherry', '1999/10/23', 0, '2018/2/5', 0.88, 'Enrique.Cherry@etu.edu.tr', '05524795409'),
(21010112, 'Regina', 'Rojas', '1999/9/14', 1, '2021/7/6', 1.93, 'Regina.Rojas@etu.edu.tr', '05011387112'),
(21010204, 'Joseph', 'Bird', '1999/10/7', 0, '2021/4/13', 0.10, 'Joseph.Bird@etu.edu.tr', '05611088085'),
(19020114, 'Julius', 'Bass', '2000/6/20', 0, '2019/3/7', 1.41, 'Julius.Bass@etu.edu.tr', '05832037479'),
(22030204, 'Kian', 'Powers', '2002/6/3', 0, '2022/5/23', 1.79, 'Kian.Powers@etu.edu.tr', '05966395928'),
(19010303, 'Natalya', 'Richardson', '1998/2/14', 1, '2019/1/23', 1.93, 'Natalya.Richardson@etu.edu.tr', '05942840960'),
(21030309, 'Terrell', 'Flynn', '2001/4/25', 0, '2021/4/15', 2.07, 'Terrell.Flynn@etu.edu.tr', '05760195942'),
(21020305, 'Kylie', 'Mcdowell', '1999/11/11', 1, '2021/2/13', 1.58, 'Kylie.Mcdowell@etu.edu.tr', '05801621423'),
(22010209, 'Kaylee', 'Daugherty', '2004/8/26', 1, '2022/2/1', 3.55, 'Kaylee.Daugherty@etu.edu.tr', '05184318990'),
(19020115, 'Ahmad', 'Kaiser', '1999/4/3', 0, '2019/4/6', 0.36, 'Ahmad.Kaiser@etu.edu.tr', '05401699279'),
(22010210, 'Immanuel', 'Delgado', '2004/3/10', 0, '2022/4/18', 3.80, 'Immanuel.Delgado@etu.edu.tr', '05628540500'),
(21020306, 'Andrew', 'Mccarthy', '2002/1/23', 0, '2021/6/15', 1.44, 'Andrew.Mccarthy@etu.edu.tr', '05733238773'),
(22020211, 'Frankie', 'Mcintyre', '2000/7/16', 0, '2022/7/19', 1.82, 'Frankie.Mcintyre@etu.edu.tr', '05823747718'),
(18020106, 'Laila', 'Vargas', '1998/7/16', 1, '2018/6/24', 1.56, 'Laila.Vargas@etu.edu.tr', '05411333552'),
(19020316, 'Audrey', 'Campos', '1999/2/22', 1, '2019/3/2', 2.69, 'Audrey.Campos@etu.edu.tr', '05898625705'),
(18020312, 'Adonis', 'Hampton', '1999/4/8', 0, '2018/3/2', 2.22, 'Adonis.Hampton@etu.edu.tr', '05048035978'),
(20030318, 'Isaac', 'Rangel', '1998/11/8', 0, '2020/7/3', 0.89, 'Isaac.Rangel@etu.edu.tr', '05268009074'),
(18020107, 'Patience', 'Durham', '1996/12/20', 1, '2018/2/17', 0.10, 'Patience.Durham@etu.edu.tr', '05116043869'),
(19020205, 'Derrick', 'Cooke', '1998/10/25', 0, '2019/1/11', 1.11, 'Derrick.Cooke@etu.edu.tr', '05453620408'),
(18020108, 'Kendra', 'Schneider', '2000/3/27', 1, '2018/7/24', 1.90, 'Kendra.Schneider@etu.edu.tr', '05690435941'),
(19010111, 'Sergio', 'Rasmussen', '2001/6/11', 0, '2019/2/16', 1.93, 'Sergio.Rasmussen@etu.edu.tr', '05530626177'),
(22030205, 'Abby', 'Gibson', '2000/5/3', 1, '2022/2/26', 1.21, 'Abby.Gibson@etu.edu.tr', '05839622950'),
(22020308, 'Perla', 'Villa', '2004/6/21', 1, '2022/9/4', 1.71, 'Perla.Villa@etu.edu.tr', '05481349403'),
(18030215, 'Chase', 'Holder', '1996/4/24', 0, '2018/4/16', 2.90, 'Chase.Holder@etu.edu.tr', '05610642192'),
(21020206, 'Maverick', 'House', '2003/4/15', 0, '2021/9/10', 0.34, 'Maverick.House@etu.edu.tr', '05873264153'),
(20020308, 'Emma', 'Krause', '2002/1/18', 1, '2020/7/9', 1.96, 'Emma.Krause@etu.edu.tr', '05187422770'),
(22030106, 'Kaleigh', 'Perkins', '2001/12/9', 1, '2022/8/22', 1.13, 'Kaleigh.Perkins@etu.edu.tr', '05462271810'),
(21020110, 'Jocelynn', 'Pena', '2001/3/19', 1, '2021/4/6', 1.53, 'Jocelynn.Pena@etu.edu.tr', '05734378675'),
(20020309, 'Kevin', 'Todd', '2000/7/23', 0, '2020/1/26', 2.91, 'Kevin.Todd@etu.edu.tr', '05129836668'),
(19010112, 'Mekhi', 'Bowers', '1997/7/25', 0, '2019/9/1', 1.82, 'Mekhi.Bowers@etu.edu.tr', '05196568644'),
(20010313, 'Jaylen', 'Medina', '2001/6/4', 1, '2020/8/3', 3.78, 'Jaylen.Medina@etu.edu.tr', '05283380821'),
(20010208, 'Marlene', 'Kidd', '2000/11/19', 1, '2020/7/25', 0.85, 'Marlene.Kidd@etu.edu.tr', '05116926145'),
(19020206, 'Jaydin', 'Levy', '1999/6/7', 0, '2019/1/1', 0.48, 'Jaydin.Levy@etu.edu.tr', '05516203365'),
(20020110, 'Kayden', 'Flores', '1999/10/14', 0, '2020/4/14', 0.91, 'Kayden.Flores@etu.edu.tr', '05169517781'),
(21030208, 'Finley', 'Boyer', '2002/11/19', 1, '2021/8/24', 3.24, 'Finley.Boyer@etu.edu.tr', '05801163693'),
(18030115, 'Mackenzie', 'Cantrell', '2000/12/4', 1, '2018/7/9', 3.34, 'Mackenzie.Cantrell@etu.edu.tr', '05873639640'),
(19020207, 'Emiliano', 'Li', '1997/4/6', 0, '2019/8/4', 3.60, 'Emiliano.Li@etu.edu.tr', '05859008173'),
(20020213, 'Mireya', 'Hanson', '2001/8/18', 1, '2020/8/13', 2.91, 'Mireya.Hanson@etu.edu.tr', '05813959236'),
(22030311, 'Lorena', 'Kline', '2001/2/27', 1, '2022/5/1', 2.12, 'Lorena.Kline@etu.edu.tr', '05056348369'),
(20020214, 'Asa', 'Mcpherson', '2000/11/21', 0, '2020/3/24', 0.42, 'Asa.Mcpherson@etu.edu.tr', '05199511534'),
(21020207, 'Deborah', 'Ramsey', '2001/12/24', 1, '2021/8/22', 3.68, 'Deborah.Ramsey@etu.edu.tr', '05594461599'),
(21020111, 'Emilie', 'Dunlap', '2001/7/1', 1, '2021/3/26', 0.34, 'Emilie.Dunlap@etu.edu.tr', '05000790292'),
(21030310, 'Roman', 'Ward', '2001/7/24', 0, '2021/4/19', 3.46, 'Roman.Ward@etu.edu.tr', '05676863385'),
(22010308, 'Lilia', 'Miles', '2002/3/2', 1, '2022/9/9', 0.47, 'Lilia.Miles@etu.edu.tr', '05317227872'),
(18010110, 'Leon', 'Thornton', '2000/11/2', 0, '2018/2/19', 2.56, 'Leon.Thornton@etu.edu.tr', '05033395784'),
(19030112, 'Valentina', 'Valencia', '2001/5/11', 1, '2019/7/1', 1.44, 'Valentina.Valencia@etu.edu.tr', '05764435868'),
(18010215, 'Juliet', 'Jacobs', '1996/2/16', 1, '2018/3/2', 0.72, 'Juliet.Jacobs@etu.edu.tr', '05784281049'),
(18020313, 'Jocelyn', 'Stephens', '1997/1/14', 1, '2018/1/16', 0.19, 'Jocelyn.Stephens@etu.edu.tr', '05973315191'),
(20030208, 'Tania', 'Larsen', '2001/9/22', 1, '2020/2/5', 2.93, 'Tania.Larsen@etu.edu.tr', '05633512267'),
(22020212, 'Ezequiel', 'Glass', '2004/11/18', 0, '2022/1/18', 1.50, 'Ezequiel.Glass@etu.edu.tr', '05534793126'),
(19030307, 'Jovan', 'Tran', '2001/3/9', 0, '2019/1/25', 0.38, 'Jovan.Tran@etu.edu.tr', '05275790249'),
(22020213, 'Quincy', 'Payne', '2000/12/26', 0, '2022/2/11', 1.58, 'Quincy.Payne@etu.edu.tr', '05367177133'),
(20030319, 'Alison', 'Osborne', '1999/6/26', 1, '2020/7/15', 0.41, 'Alison.Osborne@etu.edu.tr', '05510225288'),
(19010113, 'Lainey', 'Joseph', '1998/9/23', 1, '2019/9/18', 0.59, 'Lainey.Joseph@etu.edu.tr', '05059390609'),
(20010314, 'Hanna', 'Walters', '2001/2/8', 1, '2020/3/9', 1.60, 'Hanna.Walters@etu.edu.tr', '05592349069'),
(20010315, 'Harry', 'Beck', '1999/11/15', 0, '2020/4/20', 2.70, 'Harry.Beck@etu.edu.tr', '05428755082'),
(20020310, 'Maxwell', 'Wilkins', '2001/9/16', 0, '2020/1/21', 1.29, 'Maxwell.Wilkins@etu.edu.tr', '05489298710'),
(19010304, 'Amya', 'Spencer', '1997/2/8', 1, '2019/6/21', 3.58, 'Amya.Spencer@etu.edu.tr', '05304450449'),
(20010316, 'Amirah', 'Kirk', '2002/8/16', 1, '2020/5/5', 2.50, 'Amirah.Kirk@etu.edu.tr', '05912540377'),
(19020317, 'Levi', 'Singleton', '2001/3/23', 0, '2019/8/20', 3.10, 'Levi.Singleton@etu.edu.tr', '05895612235'),
(22010309, 'Nehemiah', 'Hooper', '2000/2/12', 0, '2022/9/8', 3.21, 'Nehemiah.Hooper@etu.edu.tr', '05086528244'),
(19010305, 'James', 'Williamson', '1997/1/13', 0, '2019/7/8', 1.17, 'James.Williamson@etu.edu.tr', '05238690588'),
(19010114, 'Alexus', 'Sloan', '2000/12/14', 1, '2019/7/2', 2.27, 'Alexus.Sloan@etu.edu.tr', '05915391938'),
(20020215, 'Judah', 'Pope', '2002/12/14', 0, '2020/5/8', 2.95, 'Judah.Pope@etu.edu.tr', '05530738823'),
(22030206, 'Zack', 'Moses', '2000/11/4', 0, '2022/2/19', 0.49, 'Zack.Moses@etu.edu.tr', '05577739388'),
(21030209, 'Adriana', 'Irwin', '2003/10/25', 1, '2021/1/3', 0.86, 'Adriana.Irwin@etu.edu.tr', '05897720079'),
(20020311, 'Joselyn', 'Taylor', '1999/12/17', 1, '2020/2/6', 2.88, 'Joselyn.Taylor@etu.edu.tr', '05189635897'),
(21010309, 'Angelique', 'Bonilla', '2001/9/26', 1, '2021/5/27', 1.80, 'Angelique.Bonilla@etu.edu.tr', '05091810808'),
(19020318, 'Colt', 'Terry', '1998/1/25', 0, '2019/7/25', 3.62, 'Colt.Terry@etu.edu.tr', '05323045826'),
(22030107, 'June', 'Gonzales', '2000/7/12', 1, '2022/9/12', 3.20, 'June.Gonzales@etu.edu.tr', '05488482384'),
(20010107, 'Roland', 'Sosa', '2000/12/5', 0, '2020/2/23', 2.47, 'Roland.Sosa@etu.edu.tr', '05339788288'),
(22030108, 'Daisy', 'Alexander', '2004/12/13', 1, '2022/3/21', 1.92, 'Daisy.Alexander@etu.edu.tr', '05792952454'),
(18030216, 'Camille', 'Ramirez', '1998/8/8', 1, '2018/5/4', 1.74, 'Camille.Ramirez@etu.edu.tr', '05540546426'),
(21010310, 'Jordyn', 'Woods', '1999/4/12', 1, '2021/1/14', 3.27, 'Jordyn.Woods@etu.edu.tr', '05612174613'),
(22010211, 'Frances', 'Donaldson', '2001/5/2', 1, '2022/2/25', 0.25, 'Frances.Donaldson@etu.edu.tr', '05014746277'),
(21030107, 'Alina', 'Manning', '2002/12/18', 1, '2021/8/10', 3.46, 'Alina.Manning@etu.edu.tr', '05895867362'),
(19020208, 'Elaina', 'Estes', '2000/8/16', 1, '2019/5/4', 3.07, 'Elaina.Estes@etu.edu.tr', '05767331354'),
(18010310, 'Francisco', 'Olson', '1999/2/2', 0, '2018/1/19', 2.50, 'Francisco.Olson@etu.edu.tr', '05745897308'),
(21020307, 'Brenden', 'Page', '1999/10/16', 0, '2021/4/4', 0.92, 'Brenden.Page@etu.edu.tr', '05862935386'),
(22010212, 'Lina', 'Doyle', '2001/12/17', 1, '2022/1/21', 1.65, 'Lina.Doyle@etu.edu.tr', '05552494204'),
(21030210, 'Destiney', 'Mcmillan', '1999/11/27', 1, '2021/4/1', 3.68, 'Destiney.Mcmillan@etu.edu.tr', '05640763135'),
(18020210, 'Dulce', 'Mora', '2000/4/16', 1, '2018/4/25', 0.24, 'Dulce.Mora@etu.edu.tr', '05884267579'),
(21010205, 'Thomas', 'Baxter', '2003/2/27', 0, '2021/7/20', 0.02, 'Thomas.Baxter@etu.edu.tr', '05397369146'),
(20010209, 'Fisher', 'Bridges', '1999/9/2', 0, '2020/1/3', 2.66, 'Fisher.Bridges@etu.edu.tr', '05471141549'),
(20030209, 'Dominick', 'Dunn', '1999/3/18', 0, '2020/9/17', 2.48, 'Dominick.Dunn@etu.edu.tr', '05041028030'),
(20020111, 'Caylee', 'Murray', '2000/2/15', 1, '2020/2/12', 2.21, 'Caylee.Murray@etu.edu.tr', '05024041844'),
(18010111, 'Dangelo', 'Horne', '1998/10/3', 0, '2018/3/8', 2.61, 'Dangelo.Horne@etu.edu.tr', '05635818815'),
(18020314, 'Easton', 'Roach', '1996/10/23', 0, '2018/4/26', 0.74, 'Easton.Roach@etu.edu.tr', '05983293321'),
(19010210, 'Pamela', 'Fuentes', '2001/6/18', 1, '2019/1/19', 1.47, 'Pamela.Fuentes@etu.edu.tr', '05126594494'),
(22020111, 'Dale', 'Gilbert', '2001/12/6', 0, '2022/3/7', 1.31, 'Dale.Gilbert@etu.edu.tr', '05722254027'),
(20030320, 'Amara', 'Phillips', '2000/12/17', 1, '2020/4/5', 2.73, 'Amara.Phillips@etu.edu.tr', '05576095678'),
(18030311, 'Yahir', 'Neal', '2000/11/9', 0, '2018/8/27', 2.35, 'Yahir.Neal@etu.edu.tr', '05246651342'),
(21030311, 'Kameron', 'Liu', '2001/6/15', 0, '2021/4/11', 3.53, 'Kameron.Liu@etu.edu.tr', '05536506008'),
(18010311, 'Marco', 'Buck', '1998/12/18', 0, '2018/5/19', 3.60, 'Marco.Buck@etu.edu.tr', '05546234812'),
(18030217, 'Cesar', 'Downs', '1999/4/3', 0, '2018/3/28', 1.83, 'Cesar.Downs@etu.edu.tr', '05410336949'),
(18010312, 'Madisyn', 'Bradshaw', '2000/4/6', 1, '2018/1/16', 3.58, 'Madisyn.Bradshaw@etu.edu.tr', '05825407577'),
(22030207, 'Carlos', 'Sutton', '2002/10/17', 0, '2022/7/28', 3.98, 'Carlos.Sutton@etu.edu.tr', '05370058297'),
(20020112, 'Kobe', 'Davies', '1998/8/6', 0, '2020/1/22', 1.53, 'Kobe.Davies@etu.edu.tr', '05335520141'),
(18010112, 'Maximo', 'Banks', '1998/5/7', 0, '2018/8/16', 0.33, 'Maximo.Banks@etu.edu.tr', '05735622983'),
(21010113, 'Saul', 'Vazquez', '2002/8/14', 0, '2021/3/3', 1.47, 'Saul.Vazquez@etu.edu.tr', '05506732098'),
(22010213, 'Elliot', 'Ho', '2002/6/22', 0, '2022/5/10', 2.95, 'Elliot.Ho@etu.edu.tr', '05709117783'),
(21020308, 'Campbell', 'Shelton', '2000/3/9', 1, '2021/8/3', 0.96, 'Campbell.Shelton@etu.edu.tr', '05364522377'),
(20020216, 'Adrien', 'Weber', '1998/10/6', 0, '2020/2/19', 0.13, 'Adrien.Weber@etu.edu.tr', '05461454299'),
(19030308, 'Ryan', 'Zamora', '1999/12/20', 0, '2019/7/8', 2.52, 'Ryan.Zamora@etu.edu.tr', '05604066699'),
(20030210, 'Jeremy', 'Moreno', '1998/1/23', 0, '2020/9/27', 2.89, 'Jeremy.Moreno@etu.edu.tr', '05705746243'),
(18030218, 'Carolyn', 'Kim', '1998/6/6', 1, '2018/8/24', 0.98, 'Carolyn.Kim@etu.edu.tr', '05609329373'),
(19030113, 'Lawrence', 'Stewart', '2000/10/5', 0, '2019/1/2', 2.03, 'Lawrence.Stewart@etu.edu.tr', '05892741880'),
(18010216, 'Kaleb', 'Mcconnell', '1998/2/25', 0, '2018/7/18', 1.16, 'Kaleb.Mcconnell@etu.edu.tr', '05805426394'),
(20020312, 'Ricardo', 'Barajas', '2000/1/3', 0, '2020/4/24', 0.48, 'Ricardo.Barajas@etu.edu.tr', '05601584273'),
(18020109, 'Samara', 'Blake', '1997/6/11', 1, '2018/9/16', 2.79, 'Samara.Blake@etu.edu.tr', '05832301607'),
(22030312, 'Zion', 'Castro', '2001/6/21', 1, '2022/2/6', 1.13, 'Zion.Castro@etu.edu.tr', '05688152974'),
(21020112, 'Orlando', 'Stafford', '2000/3/9', 0, '2021/2/1', 3.25, 'Orlando.Stafford@etu.edu.tr', '05435588678'),
(20030321, 'Ayla', 'Conway', '2002/8/3', 1, '2020/5/5', 0.34, 'Ayla.Conway@etu.edu.tr', '05286375719'),
(21030108, 'Simone', 'Howard', '2001/9/8', 1, '2021/4/5', 1.16, 'Simone.Howard@etu.edu.tr', '05952167183'),
(19010306, 'Aleah', 'Nixon', '1999/5/1', 1, '2019/2/11', 0.12, 'Aleah.Nixon@etu.edu.tr', '05334024291'),
(18030219, 'Miranda', 'English', '2000/6/1', 1, '2018/2/19', 1.37, 'Miranda.English@etu.edu.tr', '05736249413'),
(19030309, 'Evangeline', 'Dillon', '2001/7/5', 1, '2019/5/27', 0.19, 'Evangeline.Dillon@etu.edu.tr', '05102998918'),
(18030220, 'Gideon', 'George', '1996/7/15', 0, '2018/9/5', 3.25, 'Gideon.George@etu.edu.tr', '05903665485')
;

INSERT INTO ACTIVE(stud_id) VALUES 
(21010301),
(20020201),
(19020301),
(18010201),
(21020101),
(18020101),
(18030201),
(18010301),
(22030101),
(18020201),
(20010301),
(19020302),
(19010101),
(20030201),
(19020303),
(18010202),
(18010302),
(19020101),
(20020301),
(20020101),
(19010301),
(20010302),
(19030101),
(18010203),
(21020102),
(20010101),
(19030102),
(22030301),
(18020301),
(21010302),
(19020201),
(19010201),
(22020301),
(22020201),
(21010101),
(20020202),
(21010102),
(21030101),
(18010101),
(20010303),
(21030102),
(19030301),
(18020302),
(21010303),
(18010303),
(19020304),
(22020101),
(18020303),
(19020305),
(21030201),
(22020102),
(19030302),
(18020202),
(22020103),
(20020102),
(19030201),
(21030301),
(22020104),
(21010103),
(18030301),
(19020202),
(22030302),
(18030101),
(18030202),
(21020103),
(22010201),
(18030102),
(21010104),
(19030202),
(18030103),
(21020104),
(19020306),
(20010201),
(19010102),
(19020102),
(18010304),
(20030301),
(22020202),
(18030302),
(22030102),
(19020307),
(18030104),
(20010304),
(22010202),
(20010202),
(21010304),
(21010305),
(20030101),
(20020302),
(19030303),
(20010102),
(22020203),
(19020103),
(18010305),
(20010305),
(20020303),
(20010306),
(19030103),
(20020304),
(21030302),
(21020201),
(22020204),
(20030102),
(20030202),
(20020203),
(18020304),
(19020203),
(22010301),
(21020105),
(18010102),
(21030303),
(20010103),
(21020301),
(20020103),
(20030103),
(18010306),
(20020305),
(18030105),
(21030103),
(21030202),
(19030203),
(19020104),
(22020302),
(22030201),
(19030204),
(22010302),
(22030103),
(18030303),
(18020203),
(22030303),
(19010103),
(20020204),
(19030104),
(22020205),
(22010303),
(18030304),
(19030105),
(22020105),
(21010105),
(19010104),
(22030304),
(19020105),
(22030305),
(21010306),
(18030203),
(19010202),
(22020206),
(20020205),
(20030203),
(18020305),
(22030202),
(21020202),
(18010204),
(18010205),
(21010106),
(19020106),
(22010304),
(19030205),
(21010107),
(18010206),
(21010201),
(19020308),
(18020306),
(20010307),
(22010101),
(19020309),
(18030106),
(20010203),
(18020204),
(20020206),
(19020310),
(21020106),
(22010203),
(18020307),
(18010103),
(21030304),
(18010104),
(20010104),
(19020204),
(22020207),
(21030305),
(20010105),
(20010204),
(22020106),
(21030203),
(21010108),
(21020203),
(20030104),
(20020207),
(20030302),
(18030204),
(20010205),
(20030204),
(22020303),
(18010207),
(20030303),
(18030205),
(19030106),
(21010202),
(18030206),
(20020104),
(20020306),
(21020302),
(18030207),
(18020102),
(19030107),
(21020204),
(18030208),
(18020205),
(21010109),
(20020105),
(22010204),
(21030306),
(19010105),
(21010203),
(18020308),
(21030204),
(22010102),
(18010307),
(20020208),
(19020107),
(22030306),
(19010106),
(21030205),
(18030107),
(21030307),
(20020209),
(19010302),
(20030304),
(18020103),
(18020309),
(20030305),
(20030306),
(20010206),
(19020311),
(22020107),
(19020108),
(22030104),
(22010205),
(21010110),
(22020304),
(20020106),
(18030209),
(20030307),
(19010107),
(20030205),
(20020210),
(18030305),
(18010105),
(19030304),
(20010308),
(18030108),
(19020312),
(20030308),
(19030108),
(19030305),
(22020108),
(19020313),
(19010203),
(19020109),
(18010208),
(18020104),
(19020110),
(19010204),
(20030105),
(22030203),
(21030104),
(19010205),
(20010207),
(22010103),
(20030309),
(20030310),
(22010206),
(18030306),
(22020109),
(18020310),
(21020107),
(19020314),
(21030206),
(20030311),
(20030312),
(18010209),
(21020108),
(19010206),
(18030210),
(20010309),
(20010310),
(20020307),
(18020206),
(22030307),
(19030306),
(22020208),
(20030313),
(18020207),
(21030105),
(18030109),
(19010207),
(20010311),
(18030211),
(21030106),
(22010305),
(18030110),
(18030111),
(22030308),
(22030105),
(18030307),
(18010106),
(22010104),
(22010306),
(18010210),
(22020305),
(18010308),
(20030314),
(18030308),
(22020209),
(20030206),
(19010208),
(19010209),
(19030109),
(20020107),
(18010107),
(18010211),
(21020109),
(20030106),
(22010105),
(19020111),
(20030107),
(19020112),
(21010307),
(19030110),
(22030309),
(22020306),
(21010308),
(19020315),
(18030112),
(20020108),
(18010212),
(22010207),
(18020311),
(20030315),
(22020210),
(22020110),
(18020105),
(18030309),
(20030316),
(21020303),
(18010108),
(18010213),
(18010109),
(20030207),
(19020113),
(21030308),
(18030212),
(20010312),
(20020109),
(18010309),
(19030111),
(19030206),
(21020304),
(18030310),
(19010108),
(18030113),
(22010307),
(22010106),
(21010111),
(18020208),
(20030317),
(22030310),
(18030114),
(18030213),
(19010109),
(18020209),
(21020205),
(21030207),
(22010208),
(20020211),
(22020307),
(20010106),
(19010110),
(19030207),
(20020212),
(18030214),
(18010214),
(21010112),
(21010204),
(19020114),
(22030204),
(19010303),
(21030309),
(21020305),
(22010209),
(19020115),
(22010210),
(21020306),
(22020211),
(18020106),
(19020316),
(18020312),
(20030318),
(18020107),
(19020205),
(18020108),
(19010111),
(22030205),
(22020308),
(18030215),
(21020206),
(20020308),
(22030106),
(21020110),
(20020309),
(19010112),
(20010313),
(20010208),
(19020206),
(20020110),
(21030208),
(18030115),
(19020207),
(20020213),
(22030311),
(20020214),
(21020207),
(21020111),
(21030310),
(22010308),
(18010110),
(19030112),
(18010215),
(18020313),
(20030208),
(22020212),
(19030307),
(22020213),
(20030319),
(19010113),
(20010314),
(20010315),
(20020310),
(19010304),
(20010316),
(19020317),
(22010309),
(19010305),
(19010114),
(20020215),
(22030206),
(21030209),
(20020311),
(21010309),
(19020318),
(22030107),
(20010107),
(22030108),
(18030216),
(21010310),
(22010211),
(21030107),
(19020208),
(18010310),
(21020307),
(22010212),
(21030210),
(18020210),
(21010205),
(20010209),
(20030209),
(20020111),
(18010111),
(18020314),
(19010210),
(22020111),
(20030320),
(18030311),
(21030311),
(18010311),
(18030217),
(18010312),
(22030207),
(20020112),
(18010112),
(21010113),
(22010213),
(21020308),
(20020216),
(19030308),
(20030210),
(18030218),
(19030113),
(18010216),
(20020312),
(18020109),
(22030312),
(21020112),
(20030321),
(21030108),
(19010306),
(18030219),
(19030309),
(18030220)
;

INSERT INTO STUDENT(stud_id, stud_fname, stud_lname, stud_birth_year, stud_reg_date, stud_gpa, stud_email, stud_number) VALUES 
(14020101, 'Charlie', 'Shepherd', '1994/10/12', 0, '2014/1/17', 3.93, 'Charlie.Shepherd@etu.edu.tr', '05219319791'),
(13010101, 'Gianni', 'Hobbs', '1991/9/5', 0, '2013/8/17', 3.57, 'Gianni.Hobbs@etu.edu.tr', '05355075224'),
(13030301, 'Lilian', 'Lynch', '1993/7/16', 1, '2013/5/9', 1.54, 'Lilian.Lynch@etu.edu.tr', '05176873495'),
(15010301, 'Parker', 'Spence', '1995/8/3', 1, '2015/1/3', 3.08, 'Parker.Spence@etu.edu.tr', '05322282346'),
(13030201, 'Kaitlin', 'Hogan', '1995/6/5', 1, '2013/5/9', 1.48, 'Kaitlin.Hogan@etu.edu.tr', '05660522936'),
(14010201, 'Landin', 'Cervantes', '1993/8/16', 0, '2014/7/2', 1.80, 'Landin.Cervantes@etu.edu.tr', '05989257096'),
(15030101, 'Atticus', 'Mendoza', '1993/10/22', 0, '2015/8/24', 3.23, 'Atticus.Mendoza@etu.edu.tr', '05011578257'),
(16030301, 'Akira', 'Leblanc', '1996/6/2', 1, '2016/5/21', 0.09, 'Akira.Leblanc@etu.edu.tr', '05270266795'),
(13030101, 'Brianna', 'Fischer', '1991/12/8', 1, '2013/1/17', 2.05, 'Brianna.Fischer@etu.edu.tr', '05045755378'),
(13030302, 'Lexie', 'Snyder', '1992/9/26', 1, '2013/8/13', 0.08, 'Lexie.Snyder@etu.edu.tr', '05456815400'),
(17010101, 'Aedan', 'Briggs', '1999/1/16', 0, '2017/1/14', 3.10, 'Aedan.Briggs@etu.edu.tr', '05599319152'),
(14010301, 'Carla', 'Malone', '1995/9/15', 1, '2014/7/10', 2.47, 'Carla.Malone@etu.edu.tr', '05476156215'),
(13010102, 'Messiah', 'Sanders', '1994/12/6', 0, '2013/1/1', 0.08, 'Messiah.Sanders@etu.edu.tr', '05100762073'),
(15010101, 'Avery', 'Hawkins', '1993/2/14', 1, '2015/3/11', 3.94, 'Avery.Hawkins@etu.edu.tr', '05212419602'),
(13020101, 'Pedro', 'Clark', '1995/9/7', 0, '2013/8/19', 0.14, 'Pedro.Clark@etu.edu.tr', '05679273650'),
(13020201, 'Isabela', 'Davidson', '1995/5/21', 1, '2013/7/20', 0.33, 'Isabela.Davidson@etu.edu.tr', '05457440762'),
(13020102, 'Danny', 'Cantu', '1993/5/27', 0, '2013/1/8', 1.39, 'Danny.Cantu@etu.edu.tr', '05314507747'),
(14020102, 'Jada', 'Melendez', '1994/6/7', 1, '2014/9/7', 3.03, 'Jada.Melendez@etu.edu.tr', '05757920086'),
(16030101, 'Keon', 'Gill', '1994/3/24', 0, '2016/4/17', 3.04, 'Keon.Gill@etu.edu.tr', '05821769202'),
(16030201, 'Gabrielle', 'Ryan', '1995/6/8', 1, '2016/8/8', 3.21, 'Gabrielle.Ryan@etu.edu.tr', '05593628887'),
(15020301, 'Trystan', 'Mills', '1993/6/5', 0, '2015/4/23', 2.56, 'Trystan.Mills@etu.edu.tr', '05505047360'),
(16020301, 'Payten', 'Walter', '1994/12/16', 1, '2016/4/4', 3.97, 'Payten.Walter@etu.edu.tr', '05162845633'),
(14020201, 'Andy', 'Porter', '1995/11/16', 0, '2014/4/1', 2.01, 'Andy.Porter@etu.edu.tr', '05433698590'),
(16030202, 'Jair', 'Thomas', '1995/10/9', 0, '2016/6/26', 3.86, 'Jair.Thomas@etu.edu.tr', '05420500931'),
(15020201, 'Chaya', 'Conrad', '1996/6/3', 1, '2015/9/27', 2.59, 'Chaya.Conrad@etu.edu.tr', '05297199801'),
(17010201, 'Carlo', 'Donovan', '1995/8/25', 0, '2017/7/28', 1.20, 'Carlo.Donovan@etu.edu.tr', '05849705917'),
(15010201, 'Ayanna', 'Hudson', '1997/4/16', 1, '2015/6/5', 2.05, 'Ayanna.Hudson@etu.edu.tr', '05372277578'),
(13020103, 'Angel', 'Carney', '1991/2/15', 1, '2013/3/4', 1.47, 'Angel.Carney@etu.edu.tr', '05661935993'),
(15020202, 'Kiley', 'Brooks', '1996/3/23', 1, '2015/9/12', 2.10, 'Kiley.Brooks@etu.edu.tr', '05108127647'),
(15010102, 'Hugh', 'Torres', '1994/1/26', 0, '2015/6/18', 0.64, 'Hugh.Torres@etu.edu.tr', '05572488918'),
(15030201, 'Kamila', 'Hopkins', '1994/3/17', 1, '2015/5/9', 2.82, 'Kamila.Hopkins@etu.edu.tr', '05499759949'),
(13020202, 'Jase', 'Stone', '1991/9/14', 0, '2013/7/9', 2.12, 'Jase.Stone@etu.edu.tr', '05920576114'),
(14020202, 'Nigel', 'Pineda', '1993/1/26', 0, '2014/9/26', 0.40, 'Nigel.Pineda@etu.edu.tr', '05514627466'),
(16030102, 'Jagger', 'Pratt', '1998/1/14', 0, '2016/9/9', 2.83, 'Jagger.Pratt@etu.edu.tr', '05194612919'),
(15020203, 'Cristal', 'Villanueva', '1996/10/14', 1, '2015/5/3', 3.97, 'Cristal.Villanueva@etu.edu.tr', '05556691060'),
(15030202, 'Samantha', 'Mcfarland', '1993/5/27', 1, '2015/7/12', 3.03, 'Samantha.Mcfarland@etu.edu.tr', '05325784189'),
(13030202, 'Nathen', 'Mendez', '1993/5/23', 0, '2013/9/3', 1.10, 'Nathen.Mendez@etu.edu.tr', '05037282394'),
(13010103, 'Charlotte', 'Novak', '1993/8/18', 1, '2013/1/9', 0.32, 'Charlotte.Novak@etu.edu.tr', '05339365769'),
(16010101, 'Essence', 'Bradford', '1997/2/15', 1, '2016/4/20', 2.87, 'Essence.Bradford@etu.edu.tr', '05848246712'),
(15030102, 'Brett', 'Schultz', '1994/4/5', 0, '2015/9/6', 2.18, 'Brett.Schultz@etu.edu.tr', '05193059307'),
(16030203, 'Rowan', 'Larson', '1998/11/15', 1, '2016/5/3', 0.67, 'Rowan.Larson@etu.edu.tr', '05317926847'),
(13010104, 'Franco', 'Peters', '1991/4/10', 0, '2013/7/11', 0.24, 'Franco.Peters@etu.edu.tr', '05437643241'),
(17020101, 'Sullivan', 'Chung', '1998/1/19', 0, '2017/5/23', 1.41, 'Sullivan.Chung@etu.edu.tr', '05306795366'),
(13020203, 'Mara', 'Hutchinson', '1995/6/2', 1, '2013/8/10', 1.95, 'Mara.Hutchinson@etu.edu.tr', '05665946297'),
(13030303, 'Kamron', 'Shaw', '1993/3/12', 0, '2013/1/8', 1.14, 'Kamron.Shaw@etu.edu.tr', '05003232859'),
(17020102, 'Rubi', 'Burnett', '1999/7/26', 1, '2017/1/13', 2.22, 'Rubi.Burnett@etu.edu.tr', '05191307880'),
(16010201, 'Amare', 'Preston', '1996/7/7', 0, '2016/1/18', 1.76, 'Amare.Preston@etu.edu.tr', '05385363140'),
(16030103, 'Aaden', 'Mayer', '1997/4/6', 0, '2016/6/8', 1.99, 'Aaden.Mayer@etu.edu.tr', '05513808346'),
(14020203, 'Jayce', 'May', '1996/2/10', 0, '2014/1/7', 3.15, 'Jayce.May@etu.edu.tr', '05157763482'),
(14020301, 'Walker', 'Ramos', '1993/10/2', 0, '2014/8/26', 2.94, 'Walker.Ramos@etu.edu.tr', '05701857878'),
(15020302, 'Viviana', 'Copeland', '1995/4/18', 1, '2015/2/20', 2.54, 'Viviana.Copeland@etu.edu.tr', '05367316363'),
(14020103, 'Shaun', 'Craig', '1996/7/25', 0, '2014/2/18', 0.93, 'Shaun.Craig@etu.edu.tr', '05932174084'),
(13010105, 'Charlize', 'Wyatt', '1993/10/19', 1, '2013/2/1', 2.74, 'Charlize.Wyatt@etu.edu.tr', '05095241707'),
(15030301, 'Lacey', 'Hicks', '1997/6/2', 1, '2015/2/13', 3.22, 'Lacey.Hicks@etu.edu.tr', '05768189263'),
(13010201, 'Ellie', 'Watts', '1992/12/7', 1, '2013/8/3', 3.25, 'Ellie.Watts@etu.edu.tr', '05925763745'),
(15010202, 'Elisha', 'Hall', '1993/12/11', 0, '2015/9/26', 2.78, 'Elisha.Hall@etu.edu.tr', '05237575985'),
(16010301, 'Melvin', 'Parsons', '1995/7/12', 0, '2016/6/11', 1.75, 'Melvin.Parsons@etu.edu.tr', '05103200770'),
(16030302, 'Ashtyn', 'Clarke', '1998/4/19', 1, '2016/7/9', 0.26, 'Ashtyn.Clarke@etu.edu.tr', '05830382199'),
(13020301, 'Demarion', 'Berry', '1991/4/22', 0, '2013/2/27', 1.95, 'Demarion.Berry@etu.edu.tr', '05657472484'),
(17020103, 'Rachael', 'Bishop', '1997/11/10', 1, '2017/1/3', 2.30, 'Rachael.Bishop@etu.edu.tr', '05011684331'),
(15020101, 'Tia', 'Lee', '1994/5/9', 1, '2015/3/4', 3.17, 'Tia.Lee@etu.edu.tr', '05125809088'),
(14030101, 'Ace', 'Mercer', '1996/8/18', 0, '2014/5/28', 2.40, 'Ace.Mercer@etu.edu.tr', '05716577101'),
(16020101, 'Susan', 'Douglas', '1996/12/25', 1, '2016/7/26', 3.10, 'Susan.Douglas@etu.edu.tr', '05196129478'),
(16030104, 'Adelaide', 'Harrell', '1996/7/7', 1, '2016/3/8', 1.36, 'Adelaide.Harrell@etu.edu.tr', '05687521726'),
(16020302, 'Kolby', 'Green', '1994/11/4', 0, '2016/8/6', 2.90, 'Kolby.Green@etu.edu.tr', '05508235137'),
(17010301, 'Rolando', 'Roberson', '1998/3/10', 0, '2017/2/6', 3.01, 'Rolando.Roberson@etu.edu.tr', '05870202818'),
(14020104, 'Quinn', 'Arnold', '1993/8/10', 1, '2014/9/5', 0.33, 'Quinn.Arnold@etu.edu.tr', '05408636719'),
(16030105, 'Adam', 'Rollins', '1995/10/19', 0, '2016/2/21', 2.34, 'Adam.Rollins@etu.edu.tr', '05620223608'),
(15030203, 'Abigayle', 'Robertson', '1997/4/1', 1, '2015/8/12', 1.66, 'Abigayle.Robertson@etu.edu.tr', '05271582018'),
(13010106, 'Cheyenne', 'Duarte', '1995/2/10', 1, '2013/9/20', 2.49, 'Cheyenne.Duarte@etu.edu.tr', '05381073653'),
(15020204, 'Belen', 'Strickland', '1994/9/16', 1, '2015/5/3', 2.46, 'Belen.Strickland@etu.edu.tr', '05064717955'),
(17020301, 'Fabian', 'Fitzpatrick', '1999/1/13', 0, '2017/8/18', 3.44, 'Fabian.Fitzpatrick@etu.edu.tr', '05095507636'),
(14030301, 'Grace', 'Robles', '1992/2/3', 1, '2014/9/3', 3.28, 'Grace.Robles@etu.edu.tr', '05433143654'),
(14020105, 'Ray', 'Chambers', '1994/10/19', 0, '2014/2/16', 3.17, 'Ray.Chambers@etu.edu.tr', '05751621239'),
(14030102, 'Leland', 'Yang', '1993/2/20', 0, '2014/4/20', 2.25, 'Leland.Yang@etu.edu.tr', '05897220420'),
(15010203, 'Rebekah', 'Golden', '1996/3/12', 1, '2015/6/7', 0.29, 'Rebekah.Golden@etu.edu.tr', '05511897916'),
(15030302, 'Luz', 'Houston', '1995/5/26', 1, '2015/2/5', 2.71, 'Luz.Houston@etu.edu.tr', '05241317192'),
(16020303, 'Corey', 'Sanchez', '1998/2/6', 0, '2016/7/6', 1.90, 'Corey.Sanchez@etu.edu.tr', '05463116023'),
(13020204, 'Nick', 'Case', '1994/6/11', 0, '2013/2/7', 1.15, 'Nick.Case@etu.edu.tr', '05287408819'),
(14020106, 'Kaliyah', 'Aguilar', '1993/3/12', 1, '2014/5/10', 0.52, 'Kaliyah.Aguilar@etu.edu.tr', '05761316595'),
(16010302, 'Reed', 'Tate', '1994/11/1', 0, '2016/6/7', 3.16, 'Reed.Tate@etu.edu.tr', '05575091230'),
(17020201, 'Sara', 'Obrien', '1998/8/7', 1, '2017/1/3', 2.79, 'Sara.Obrien@etu.edu.tr', '05661273750'),
(14030103, 'Giselle', 'Frey', '1994/9/26', 1, '2014/6/10', 2.53, 'Giselle.Frey@etu.edu.tr', '05438263680'),
(13010107, 'Noah', 'Peterson', '1991/9/2', 0, '2013/1/18', 3.20, 'Noah.Peterson@etu.edu.tr', '05826275576'),
(14030104, 'Josue', 'Stephenson', '1996/12/9', 0, '2014/2/14', 0.11, 'Josue.Stephenson@etu.edu.tr', '05139112887'),
(16020304, 'Ernesto', 'Travis', '1998/5/2', 0, '2016/6/10', 0.65, 'Ernesto.Travis@etu.edu.tr', '05118310816'),
(16030204, 'Yosef', 'Stout', '1998/8/6', 0, '2016/1/5', 1.93, 'Yosef.Stout@etu.edu.tr', '05111454959'),
(14020302, 'Lesly', 'Mcneil', '1994/6/26', 1, '2014/8/22', 3.32, 'Lesly.Mcneil@etu.edu.tr', '05210916034'),
(16030205, 'Rudy', 'Griffith', '1997/7/10', 0, '2016/4/26', 0.69, 'Rudy.Griffith@etu.edu.tr', '05305539356'),
(15030103, 'Malakai', 'Gay', '1994/11/13', 0, '2015/3/20', 0.09, 'Malakai.Gay@etu.edu.tr', '05751690763'),
(17030101, 'Deandre', 'Wilcox', '1999/2/12', 0, '2017/9/20', 1.31, 'Deandre.Wilcox@etu.edu.tr', '05672408554'),
(13020104, 'Ingrid', 'Rivers', '1993/11/16', 1, '2013/8/15', 0.46, 'Ingrid.Rivers@etu.edu.tr', '05207856581'),
(16020201, 'Kenzie', 'Christensen', '1994/8/4', 1, '2016/7/8', 1.64, 'Kenzie.Christensen@etu.edu.tr', '05709436814'),
(17020302, 'Malachi', 'Valentine', '1997/2/24', 0, '2017/6/14', 3.52, 'Malachi.Valentine@etu.edu.tr', '05563698559'),
(15020303, 'Emmanuel', 'Moyer', '1993/3/23', 0, '2015/4/22', 0.56, 'Emmanuel.Moyer@etu.edu.tr', '05509598455'),
(14010302, 'Dylan', 'Morgan', '1994/6/26', 0, '2014/6/12', 1.26, 'Dylan.Morgan@etu.edu.tr', '05889965067'),
(15020102, 'Lucian', 'Wiggins', '1993/12/4', 0, '2015/3/1', 0.69, 'Lucian.Wiggins@etu.edu.tr', '05867774349'),
(16030206, 'Baylee', 'Coleman', '1996/6/22', 1, '2016/5/17', 3.36, 'Baylee.Coleman@etu.edu.tr', '05566983594'),
(13020205, 'Ronin', 'Wang', '1992/8/6', 0, '2013/6/27', 2.04, 'Ronin.Wang@etu.edu.tr', '05950248255'),
(14020107, 'Kasey', 'Carlson', '1994/3/28', 0, '2014/4/11', 0.78, 'Kasey.Carlson@etu.edu.tr', '05752754352')
;

INSERT INTO GRADUATE(stud_id, grad_grad_date) VALUES 
(14020101, '2018/6/22'),
(13010101, '2017/6/1'),
(13030301, '2017/9/24'),
(15010301, '2019/1/5'),
(13030201, '2017/3/23'),
(14010201, '2018/6/5'),
(15030101, '2019/2/3'),
(16030301, '2020/5/26'),
(13030101, '2018/9/19'),
(13030302, '2018/6/10'),
(17010101, '2022/8/9'),
(14010301, '2018/4/5'),
(13010102, '2018/5/19'),
(15010101, '2019/6/23'),
(13020101, '2018/7/11'),
(13020201, '2018/1/2'),
(13020102, '2018/2/20'),
(14020102, '2019/1/2'),
(16030101, '2020/8/13'),
(16030201, '2020/1/13'),
(15020301, '2019/7/18'),
(16020301, '2020/1/20'),
(14020201, '2018/8/11'),
(16030202, '2021/7/18'),
(15020201, '2019/4/15'),
(17010201, '2021/7/21'),
(15010201, '2020/9/16'),
(13020103, '2017/3/19'),
(15020202, '2019/5/5'),
(15010102, '2020/1/25'),
(15030201, '2019/5/2'),
(13020202, '2017/1/20'),
(14020202, '2019/7/16'),
(16030102, '2021/6/21'),
(15020203, '2019/7/11'),
(15030202, '2019/6/22'),
(13030202, '2017/6/17'),
(13010103, '2017/6/11'),
(16010101, '2021/3/25'),
(15030102, '2019/4/11'),
(16030203, '2020/2/5'),
(13010104, '2018/5/27'),
(17020101, '2022/7/10'),
(13020203, '2017/8/16'),
(13030303, '2017/4/6'),
(17020102, '2022/2/20'),
(16010201, '2021/9/15'),
(16030103, '2021/6/25'),
(14020203, '2018/3/20'),
(14020301, '2018/2/24'),
(15020302, '2019/2/10'),
(14020103, '2019/4/23'),
(13010105, '2018/6/23'),
(15030301, '2019/3/7'),
(13010201, '2018/1/18'),
(15010202, '2019/3/13'),
(16010301, '2021/5/24'),
(16030302, '2021/5/27'),
(13020301, '2017/7/24'),
(17020103, '2022/9/2'),
(15020101, '2019/8/14'),
(14030101, '2019/2/1'),
(16020101, '2020/4/26'),
(16030104, '2021/7/4'),
(16020302, '2021/6/11'),
(17010301, '2022/8/25'),
(14020104, '2018/9/12'),
(16030105, '2021/5/4'),
(15030203, '2019/9/22'),
(13010106, '2017/4/3'),
(15020204, '2020/4/17'),
(17020301, '2021/1/24'),
(14030301, '2018/4/6'),
(14020105, '2019/3/2'),
(14030102, '2019/1/25'),
(15010203, '2019/1/22'),
(15030302, '2020/6/24'),
(16020303, '2020/3/5'),
(13020204, '2018/5/13'),
(14020106, '2019/5/27'),
(16010302, '2020/9/11'),
(17020201, '2021/2/5'),
(14030103, '2018/5/13'),
(13010107, '2018/9/17'),
(14030104, '2019/2/18'),
(16020304, '2021/4/7'),
(16030204, '2021/1/18'),
(14020302, '2019/4/8'),
(16030205, '2020/1/15'),
(15030103, '2019/1/6'),
(17030101, '2021/7/10'),
(13020104, '2017/6/24'),
(16020201, '2021/9/4'),
(17020302, '2021/8/19'),
(15020303, '2020/9/24'),
(14010302, '2019/9/5'),
(15020102, '2020/9/23'),
(16030206, '2020/5/20'),
(13020205, '2018/2/13'),
(14020107, '2019/3/5')
;

INSERT INTO PARENT(pare_id, pare_fname, pare_lname, pare_sex, pare_email, pare_number) VALUES 
(1, 'Luca', 'Wang', 0, 'Luca.Wang@gmail.com', '05965157071'),
(2, 'Ryan', 'Coleman', 1, 'Ryan.Coleman@gmail.com', '05803432991'),
(3, 'Adrienne', 'Wiggins', 1, 'Adrienne.Wiggins@gmail.com', '05124721742'),
(4, 'Averi', 'Morgan', 1, 'Averi.Morgan@gmail.com', '05706625915'),
(5, 'Valentino', 'Valentine', 0, 'Valentino.Valentine@gmail.com', '05147558662'),
(6, 'Krista', 'Rivers', 1, 'Krista.Rivers@gmail.com', '05972066259'),
(7, 'Mallory', 'Wilcox', 1, 'Mallory.Wilcox@gmail.com', '05700293997'),
(8, 'Garrett', 'Griffith', 0, 'Garrett.Griffith@gmail.com', '05660648969'),
(9, 'Ruben', 'Stephenson', 0, 'Ruben.Stephenson@gmail.com', '05301229136'),
(10, 'Ismael', 'Frey', 0, 'Ismael.Frey@gmail.com', '05605296122'),
(11, 'Justus', 'Obrien', 0, 'Justus.Obrien@gmail.com', '05466352257'),
(12, 'Precious', 'Tate', 1, 'Precious.Tate@gmail.com', '05177003688'),
(13, 'Stephanie', 'Aguilar', 1, 'Stephanie.Aguilar@gmail.com', '05570202604'),
(14, 'Amari', 'Case', 0, 'Amari.Case@gmail.com', '05052370055'),
(15, 'Amani', 'Sanchez', 1, 'Amani.Sanchez@gmail.com', '05337805876'),
(16, 'Keegan', 'Houston', 0, 'Keegan.Houston@gmail.com', '05886247666'),
(17, 'Phillip', 'Golden', 0, 'Phillip.Golden@gmail.com', '05891028635'),
(18, 'Zoie', 'Chambers', 1, 'Zoie.Chambers@gmail.com', '05299978534'),
(19, 'Katherine', 'Robles', 1, 'Katherine.Robles@gmail.com', '05257934506'),
(20, 'Slade', 'Fitzpatrick', 0, 'Slade.Fitzpatrick@gmail.com', '05961847556'),
(21, 'Paula', 'Strickland', 1, 'Paula.Strickland@gmail.com', '05764549191'),
(22, 'Hadley', 'Duarte', 1, 'Hadley.Duarte@gmail.com', '05850400282'),
(23, 'Roderick', 'Robertson', 0, 'Roderick.Robertson@gmail.com', '05321277063'),
(24, 'Sanaa', 'Rollins', 1, 'Sanaa.Rollins@gmail.com', '05968978235'),
(25, 'Hector', 'Arnold', 0, 'Hector.Arnold@gmail.com', '05550679818'),
(26, 'Victoria', 'Douglas', 1, 'Victoria.Douglas@gmail.com', '05180008401'),
(27, 'Kassandra', 'Bishop', 1, 'Kassandra.Bishop@gmail.com', '05146969497'),
(28, 'Tristen', 'Berry', 0, 'Tristen.Berry@gmail.com', '05783885830'),
(29, 'Marcus', 'Clarke', 0, 'Marcus.Clarke@gmail.com', '05304164422'),
(30, 'Gerardo', 'Parsons', 0, 'Gerardo.Parsons@gmail.com', '05855726642'),
(31, 'Zane', 'Watts', 0, 'Zane.Watts@gmail.com', '05544257351'),
(32, 'Rhett', 'Hicks', 0, 'Rhett.Hicks@gmail.com', '05594148306'),
(33, 'Douglas', 'Craig', 0, 'Douglas.Craig@gmail.com', '05311987143'),
(34, 'Kathryn', 'May', 1, 'Kathryn.May@gmail.com', '05717764022'),
(35, 'Jayden', 'Mayer', 1, 'Jayden.Mayer@gmail.com', '05888618257'),
(36, 'Max', 'Preston', 0, 'Max.Preston@gmail.com', '05177893205'),
(37, 'Adrianna', 'Shaw', 1, 'Adrianna.Shaw@gmail.com', '05308702976'),
(38, 'Audrina', 'Hutchinson', 1, 'Audrina.Hutchinson@gmail.com', '05457404281'),
(39, 'Sharon', 'Chung', 1, 'Sharon.Chung@gmail.com', '05836376998'),
(40, 'Brayan', 'Stevenson', 0, 'Brayan.Stevenson@gmail.com', '05894011709'),
(41, 'Sarah', 'Mccormick', 1, 'Sarah.Mccormick@gmail.com', '05866204431'),
(42, 'Salvador', 'Holt', 0, 'Salvador.Holt@gmail.com', '05886695418'),
(43, 'Trevon', 'Miranda', 0, 'Trevon.Miranda@gmail.com', '05253446574'),
(44, 'Whitney', 'Yang', 1, 'Whitney.Yang@gmail.com', '05075610989'),
(45, 'Estrella', 'Gallegos', 1, 'Estrella.Gallegos@gmail.com', '05547200052'),
(46, 'Clarissa', 'Ayala', 1, 'Clarissa.Ayala@gmail.com', '05898465891'),
(47, 'Tripp', 'Ferguson', 0, 'Tripp.Ferguson@gmail.com', '05680770670'),
(48, 'Kassidy', 'Charles', 1, 'Kassidy.Charles@gmail.com', '05953970304'),
(49, 'Jaslene', 'Mcintosh', 1, 'Jaslene.Mcintosh@gmail.com', '05277078175'),
(50, 'Bria', 'Calhoun', 1, 'Bria.Calhoun@gmail.com', '05765944977'),
(51, 'Reynaldo', 'Abbott', 0, 'Reynaldo.Abbott@gmail.com', '05290542986'),
(52, 'Marcos', 'Livingston', 0, 'Marcos.Livingston@gmail.com', '05545474162'),
(53, 'Jerimiah', 'Meyer', 0, 'Jerimiah.Meyer@gmail.com', '05997385089'),
(54, 'Casey', 'Thomas', 0, 'Casey.Thomas@gmail.com', '05193613251'),
(55, 'Jessie', 'Meyers', 1, 'Jessie.Meyers@gmail.com', '05630066461'),
(56, 'Amiya', 'Pittman', 1, 'Amiya.Pittman@gmail.com', '05985605554'),
(57, 'Madalyn', 'Leach', 1, 'Madalyn.Leach@gmail.com', '05057392465'),
(58, 'Xavier', 'Shea', 0, 'Xavier.Shea@gmail.com', '05738495552'),
(59, 'Ali', 'Walls', 0, 'Ali.Walls@gmail.com', '05826303019'),
(60, 'Jasper', 'Santiago', 0, 'Jasper.Santiago@gmail.com', '05735183907'),
(61, 'Salvatore', 'Shannon', 0, 'Salvatore.Shannon@gmail.com', '05625382567'),
(62, 'Catalina', 'Clark', 1, 'Catalina.Clark@gmail.com', '05311812030'),
(63, 'Frida', 'Benjamin', 1, 'Frida.Benjamin@gmail.com', '05506019886'),
(64, 'Mohammad', 'Wong', 0, 'Mohammad.Wong@gmail.com', '05190367128'),
(65, 'Julian', 'Gibson', 0, 'Julian.Gibson@gmail.com', '05976379367'),
(66, 'Cohen', 'Baxter', 0, 'Cohen.Baxter@gmail.com', '05608708360'),
(67, 'Cameron', 'Potter', 1, 'Cameron.Potter@gmail.com', '05102036821'),
(68, 'Ainsley', 'Good', 1, 'Ainsley.Good@gmail.com', '05728874772'),
(69, 'Joanna', 'Wagner', 1, 'Joanna.Wagner@gmail.com', '05220088356'),
(70, 'Austin', 'Bonilla', 0, 'Austin.Bonilla@gmail.com', '05061645756'),
(71, 'Luciano', 'Stone', 0, 'Luciano.Stone@gmail.com', '05446813074'),
(72, 'Lucy', 'Long', 1, 'Lucy.Long@gmail.com', '05659586344'),
(73, 'Riya', 'Lane', 1, 'Riya.Lane@gmail.com', '05796283842'),
(74, 'Royce', 'Sheppard', 0, 'Royce.Sheppard@gmail.com', '05823342874'),
(75, 'Manuel', 'Armstrong', 0, 'Manuel.Armstrong@gmail.com', '05533260812'),
(76, 'Melany', 'Schwartz', 1, 'Melany.Schwartz@gmail.com', '05190496736'),
(77, 'Margaret', 'Orr', 1, 'Margaret.Orr@gmail.com', '05019219874'),
(78, 'Russell', 'Fleming', 0, 'Russell.Fleming@gmail.com', '05981163635'),
(79, 'Jamiya', 'Moyer', 1, 'Jamiya.Moyer@gmail.com', '05631224921'),
(80, 'Jade', 'Zhang', 1, 'Jade.Zhang@gmail.com', '05256345908'),
(81, 'Madalynn', 'Rasmussen', 1, 'Madalynn.Rasmussen@gmail.com', '05028301895'),
(82, 'Jax', 'Bennett', 0, 'Jax.Bennett@gmail.com', '05699201514'),
(83, 'Kinley', 'Heath', 1, 'Kinley.Heath@gmail.com', '05212824636'),
(84, 'Keaton', 'Sanford', 0, 'Keaton.Sanford@gmail.com', '05438728203'),
(85, 'Killian', 'Vaughn', 0, 'Killian.Vaughn@gmail.com', '05229472071'),
(86, 'Rylee', 'Marks', 1, 'Rylee.Marks@gmail.com', '05512096804'),
(87, 'Ana', 'Hobbs', 1, 'Ana.Hobbs@gmail.com', '05227278579'),
(88, 'Cristian', 'Weiss', 0, 'Cristian.Weiss@gmail.com', '05949368690'),
(89, 'Julio', 'Key', 0, 'Julio.Key@gmail.com', '05344124777'),
(90, 'Lauren', 'Braun', 1, 'Lauren.Braun@gmail.com', '05747516416'),
(91, 'Alexia', 'Bradley', 1, 'Alexia.Bradley@gmail.com', '05894873998'),
(92, 'Devon', 'Mcdaniel', 0, 'Devon.Mcdaniel@gmail.com', '05276865575'),
(93, 'Oliver', 'Hooper', 0, 'Oliver.Hooper@gmail.com', '05495148916'),
(94, 'Laylah', 'Hopkins', 1, 'Laylah.Hopkins@gmail.com', '05000599553'),
(95, 'Gwendolyn', 'Cline', 1, 'Gwendolyn.Cline@gmail.com', '05170637473'),
(96, 'Myles', 'Whitney', 0, 'Myles.Whitney@gmail.com', '05013834647'),
(97, 'Erick', 'Lindsey', 0, 'Erick.Lindsey@gmail.com', '05743810112'),
(98, 'Francis', 'Wilkins', 0, 'Francis.Wilkins@gmail.com', '05213253750'),
(99, 'Michaela', 'Farrell', 1, 'Michaela.Farrell@gmail.com', '05572146841'),
(100, 'Lara', 'Swanson', 1, 'Lara.Swanson@gmail.com', '05662793143'),
(101, 'Eugene', 'Higgins', 0, 'Eugene.Higgins@gmail.com', '05702077266'),
(102, 'Giovanna', 'Kelly', 1, 'Giovanna.Kelly@gmail.com', '05001996286'),
(103, 'Kadin', 'Cowan', 0, 'Kadin.Cowan@gmail.com', '05896310797'),
(104, 'Howard', 'Rowland', 0, 'Howard.Rowland@gmail.com', '05960886773'),
(105, 'Lucille', 'Schneider', 1, 'Lucille.Schneider@gmail.com', '05508129735'),
(106, 'Leo', 'Nelson', 0, 'Leo.Nelson@gmail.com', '05317586229'),
(107, 'Yareli', 'Goodman', 1, 'Yareli.Goodman@gmail.com', '05940737127'),
(108, 'Rodney', 'Gordon', 0, 'Rodney.Gordon@gmail.com', '05797862647'),
(109, 'Emmalee', 'Woods', 1, 'Emmalee.Woods@gmail.com', '05456379231'),
(110, 'Shane', 'Hays', 0, 'Shane.Hays@gmail.com', '05212144029'),
(111, 'Kael', 'Kelley', 0, 'Kael.Kelley@gmail.com', '05780146844'),
(112, 'Paulina', 'Wright', 1, 'Paulina.Wright@gmail.com', '05188023362'),
(113, 'Mckayla', 'Pierce', 1, 'Mckayla.Pierce@gmail.com', '05476179070'),
(114, 'Melody', 'Hanna', 1, 'Melody.Hanna@gmail.com', '05212918369'),
(115, 'Ricky', 'Dyer', 0, 'Ricky.Dyer@gmail.com', '05061509879'),
(116, 'Dean', 'Garcia', 0, 'Dean.Garcia@gmail.com', '05654581771'),
(117, 'Reece', 'Sanders', 0, 'Reece.Sanders@gmail.com', '05612660637'),
(118, 'Oscar', 'Ibarra', 0, 'Oscar.Ibarra@gmail.com', '05831739985'),
(119, 'Gloria', 'Kaufman', 1, 'Gloria.Kaufman@gmail.com', '05943333453'),
(120, 'Bernard', 'Choi', 0, 'Bernard.Choi@gmail.com', '05775058959'),
(121, 'Isla', 'Solomon', 1, 'Isla.Solomon@gmail.com', '05384472967'),
(122, 'Kate', 'Morse', 1, 'Kate.Morse@gmail.com', '05344601130'),
(123, 'Mira', 'Berg', 1, 'Mira.Berg@gmail.com', '05717724814'),
(124, 'Elisa', 'Irwin', 1, 'Elisa.Irwin@gmail.com', '05059475286'),
(125, 'Ariel', 'Holland', 1, 'Ariel.Holland@gmail.com', '05232365377'),
(126, 'David', 'Farmer', 0, 'David.Farmer@gmail.com', '05672263795'),
(127, 'Nancy', 'Rogers', 1, 'Nancy.Rogers@gmail.com', '05424962534'),
(128, 'Kaylen', 'Blair', 1, 'Kaylen.Blair@gmail.com', '05834664594'),
(129, 'Marc', 'Henson', 0, 'Marc.Henson@gmail.com', '05946438935'),
(130, 'Anabelle', 'Salas', 1, 'Anabelle.Salas@gmail.com', '05933108706'),
(131, 'Kali', 'Kennedy', 1, 'Kali.Kennedy@gmail.com', '05211692313'),
(132, 'Jayson', 'Gaines', 0, 'Jayson.Gaines@gmail.com', '05963766211'),
(133, 'Penelope', 'Ware', 1, 'Penelope.Ware@gmail.com', '05647419294'),
(134, 'Cassius', 'Reese', 0, 'Cassius.Reese@gmail.com', '05731264502'),
(135, 'Vance', 'Brock', 0, 'Vance.Brock@gmail.com', '05566108444'),
(136, 'Oswaldo', 'Joseph', 0, 'Oswaldo.Joseph@gmail.com', '05362281823'),
(137, 'Rowan', 'Newman', 0, 'Rowan.Newman@gmail.com', '05503973332'),
(138, 'Jovanny', 'Owens', 0, 'Jovanny.Owens@gmail.com', '05832876394'),
(139, 'Cullen', 'Copeland', 0, 'Cullen.Copeland@gmail.com', '05613996373'),
(140, 'Jaydan', 'Tran', 0, 'Jaydan.Tran@gmail.com', '05716252671'),
(141, 'Jacqueline', 'Goodwin', 1, 'Jacqueline.Goodwin@gmail.com', '05530180857'),
(142, 'Winston', 'Gibbs', 0, 'Winston.Gibbs@gmail.com', '05167997216'),
(143, 'Tamia', 'Barry', 1, 'Tamia.Barry@gmail.com', '05549709070'),
(144, 'Reid', 'Fields', 0, 'Reid.Fields@gmail.com', '05071258026'),
(145, 'Clara', 'Mcmillan', 1, 'Clara.Mcmillan@gmail.com', '05629362106'),
(146, 'Aditya', 'Woodward', 0, 'Aditya.Woodward@gmail.com', '05656566729'),
(147, 'Mercedes', 'Mendoza', 1, 'Mercedes.Mendoza@gmail.com', '05229341971'),
(148, 'Tanya', 'Chang', 1, 'Tanya.Chang@gmail.com', '05209629205'),
(149, 'Uriah', 'Proctor', 0, 'Uriah.Proctor@gmail.com', '05452046147'),
(150, 'Jaylene', 'Levy', 1, 'Jaylene.Levy@gmail.com', '05682901274'),
(151, 'Roy', 'Roy', 0, 'Roy.Roy@gmail.com', '05322374070'),
(152, 'Karson', 'Moss', 0, 'Karson.Moss@gmail.com', '05467273251'),
(153, 'Carson', 'Espinoza', 0, 'Carson.Espinoza@gmail.com', '05505843213'),
(154, 'Henry', 'Davenport', 0, 'Henry.Davenport@gmail.com', '05712110485'),
(155, 'Kai', 'Moore', 0, 'Kai.Moore@gmail.com', '05432859152'),
(156, 'Hayden', 'Dean', 1, 'Hayden.Dean@gmail.com', '05052383860'),
(157, 'Lizeth', 'Odonnell', 1, 'Lizeth.Odonnell@gmail.com', '05362520035'),
(158, 'Markus', 'Peterson', 0, 'Markus.Peterson@gmail.com', '05943868256'),
(159, 'Angelo', 'Kidd', 0, 'Angelo.Kidd@gmail.com', '05070578527'),
(160, 'Bradley', 'Guerrero', 0, 'Bradley.Guerrero@gmail.com', '05073278746'),
(161, 'Maurice', 'Rodgers', 0, 'Maurice.Rodgers@gmail.com', '05968013856'),
(162, 'Justin', 'Rose', 0, 'Justin.Rose@gmail.com', '05632705418'),
(163, 'Izaiah', 'Reyes', 0, 'Izaiah.Reyes@gmail.com', '05398484074'),
(164, 'River', 'Acosta', 0, 'River.Acosta@gmail.com', '05328824429'),
(165, 'Macy', 'Walsh', 1, 'Macy.Walsh@gmail.com', '05105868839'),
(166, 'Cole', 'Mcneil', 0, 'Cole.Mcneil@gmail.com', '05764383909'),
(167, 'Franklin', 'Burnett', 0, 'Franklin.Burnett@gmail.com', '05738370205'),
(168, 'Tucker', 'Kent', 0, 'Tucker.Kent@gmail.com', '05369354298'),
(169, 'Savannah', 'Cole', 1, 'Savannah.Cole@gmail.com', '05465868902'),
(170, 'Brian', 'Foley', 0, 'Brian.Foley@gmail.com', '05103145928'),
(171, 'Anderson', 'Trujillo', 0, 'Anderson.Trujillo@gmail.com', '05774125132'),
(172, 'Dayana', 'Horne', 1, 'Dayana.Horne@gmail.com', '05958768034'),
(173, 'Leia', 'Huff', 1, 'Leia.Huff@gmail.com', '05961674413'),
(174, 'Laci', 'Curry', 1, 'Laci.Curry@gmail.com', '05961696878'),
(175, 'Makayla', 'Lopez', 1, 'Makayla.Lopez@gmail.com', '05671796323'),
(176, 'Brodie', 'Bray', 0, 'Brodie.Bray@gmail.com', '05408079500'),
(177, 'Mathew', 'Park', 0, 'Mathew.Park@gmail.com', '05320227024'),
(178, 'Mila', 'Davidson', 1, 'Mila.Davidson@gmail.com', '05748392812'),
(179, 'Ignacio', 'Henderson', 0, 'Ignacio.Henderson@gmail.com', '05250423692'),
(180, 'Marlon', 'Warren', 0, 'Marlon.Warren@gmail.com', '05244248837'),
(181, 'Daniella', 'Hatfield', 1, 'Daniella.Hatfield@gmail.com', '05508781145'),
(182, 'Cedric', 'Wells', 0, 'Cedric.Wells@gmail.com', '05504865086'),
(183, 'Taylor', 'Zavala', 1, 'Taylor.Zavala@gmail.com', '05297072922'),
(184, 'Stephen', 'Graves', 0, 'Stephen.Graves@gmail.com', '05234478930'),
(185, 'Layton', 'Lucero', 0, 'Layton.Lucero@gmail.com', '05651170922'),
(186, 'Braden', 'Lee', 0, 'Braden.Lee@gmail.com', '05160664828'),
(187, 'Coleman', 'Porter', 0, 'Coleman.Porter@gmail.com', '05265378543'),
(188, 'Maren', 'Baldwin', 1, 'Maren.Baldwin@gmail.com', '05648633196'),
(189, 'Kyan', 'Vazquez', 0, 'Kyan.Vazquez@gmail.com', '05902306434'),
(190, 'Maxim', 'Stout', 0, 'Maxim.Stout@gmail.com', '05911965498'),
(191, 'Christine', 'Dougherty', 1, 'Christine.Dougherty@gmail.com', '05679108054'),
(192, 'Lindsay', 'Tapia', 1, 'Lindsay.Tapia@gmail.com', '05846589972'),
(193, 'Azul', 'Durham', 1, 'Azul.Durham@gmail.com', '05327076882'),
(194, 'Aracely', 'Howell', 1, 'Aracely.Howell@gmail.com', '05188185890'),
(195, 'Peyton', 'Palmer', 0, 'Peyton.Palmer@gmail.com', '05832951260'),
(196, 'Shelby', 'Marsh', 1, 'Shelby.Marsh@gmail.com', '05967547937'),
(197, 'Lorenzo', 'Garza', 0, 'Lorenzo.Garza@gmail.com', '05742224208'),
(198, 'Reagan', 'Peters', 1, 'Reagan.Peters@gmail.com', '05209447607'),
(199, 'Makenzie', 'Knox', 1, 'Makenzie.Knox@gmail.com', '05524428142'),
(200, 'Camron', 'Fowler', 0, 'Camron.Fowler@gmail.com', '05402855889'),
(201, 'Jazlynn', 'Fisher', 1, 'Jazlynn.Fisher@gmail.com', '05075935605'),
(202, 'Hailie', 'Callahan', 1, 'Hailie.Callahan@gmail.com', '05986993183'),
(203, 'Roberto', 'Williams', 0, 'Roberto.Williams@gmail.com', '05865373404'),
(204, 'Ronnie', 'Lawrence', 0, 'Ronnie.Lawrence@gmail.com', '05932612156'),
(205, 'Aryan', 'Rubio', 0, 'Aryan.Rubio@gmail.com', '05324834315'),
(206, 'Emily', 'Boone', 1, 'Emily.Boone@gmail.com', '05267607266'),
(207, 'Myla', 'Branch', 1, 'Myla.Branch@gmail.com', '05893220045'),
(208, 'Ariella', 'Arroyo', 1, 'Ariella.Arroyo@gmail.com', '05134677309'),
(209, 'Amira', 'Hensley', 1, 'Amira.Hensley@gmail.com', '05637556167'),
(210, 'Siena', 'Simpson', 1, 'Siena.Simpson@gmail.com', '05259266934'),
(211, 'Jaelynn', 'Bowers', 1, 'Jaelynn.Bowers@gmail.com', '05094846713'),
(212, 'Jairo', 'Fox', 0, 'Jairo.Fox@gmail.com', '05310959886'),
(213, 'Jaelyn', 'Pollard', 1, 'Jaelyn.Pollard@gmail.com', '05854457884'),
(214, 'Edith', 'Morton', 1, 'Edith.Morton@gmail.com', '05095786241'),
(215, 'Madelynn', 'Huber', 1, 'Madelynn.Huber@gmail.com', '05465553161'),
(216, 'Heaven', 'Oneill', 1, 'Heaven.Oneill@gmail.com', '05558546157'),
(217, 'Tyrone', 'Potts', 0, 'Tyrone.Potts@gmail.com', '05214959219'),
(218, 'Bruce', 'Burgess', 0, 'Bruce.Burgess@gmail.com', '05414952164'),
(219, 'Aarav', 'Turner', 0, 'Aarav.Turner@gmail.com', '05438155091'),
(220, 'Rose', 'Jordan', 1, 'Rose.Jordan@gmail.com', '05725848738'),
(221, 'Callie', 'Flowers', 1, 'Callie.Flowers@gmail.com', '05411740324'),
(222, 'Selena', 'Sparks', 1, 'Selena.Sparks@gmail.com', '05201910242'),
(223, 'Charlie', 'Owen', 1, 'Charlie.Owen@gmail.com', '05904079016'),
(224, 'Savion', 'Carr', 0, 'Savion.Carr@gmail.com', '05918940546'),
(225, 'Shyanne', 'David', 1, 'Shyanne.David@gmail.com', '05987121321'),
(226, 'Naomi', 'French', 1, 'Naomi.French@gmail.com', '05851752396'),
(227, 'Ally', 'Gilbert', 1, 'Ally.Gilbert@gmail.com', '05447501318'),
(228, 'Celeste', 'Morales', 1, 'Celeste.Morales@gmail.com', '05562906070'),
(229, 'Pierre', 'Cooper', 0, 'Pierre.Cooper@gmail.com', '05289610363'),
(230, 'Paige', 'Erickson', 1, 'Paige.Erickson@gmail.com', '05363606456'),
(231, 'Marshall', 'Howard', 0, 'Marshall.Howard@gmail.com', '05113930044'),
(232, 'Maddox', 'Lloyd', 0, 'Maddox.Lloyd@gmail.com', '05505652977'),
(233, 'Osvaldo', 'Galloway', 0, 'Osvaldo.Galloway@gmail.com', '05095652576'),
(234, 'Bailey', 'Alvarez', 0, 'Bailey.Alvarez@gmail.com', '05174470834'),
(235, 'Izayah', 'Villarreal', 0, 'Izayah.Villarreal@gmail.com', '05903310066'),
(236, 'Lamar', 'Norton', 0, 'Lamar.Norton@gmail.com', '05112682462'),
(237, 'Janiyah', 'Lutz', 1, 'Janiyah.Lutz@gmail.com', '05893008444'),
(238, 'Damari', 'Larsen', 0, 'Damari.Larsen@gmail.com', '05819045682'),
(239, 'Zackary', 'Costa', 0, 'Zackary.Costa@gmail.com', '05769907373'),
(240, 'Jerry', 'Paul', 0, 'Jerry.Paul@gmail.com', '05647413191'),
(241, 'Mary', 'Krueger', 1, 'Mary.Krueger@gmail.com', '05296885286'),
(242, 'Savanna', 'Blanchard', 1, 'Savanna.Blanchard@gmail.com', '05808565824'),
(243, 'Travis', 'Ellis', 0, 'Travis.Ellis@gmail.com', '05339840953'),
(244, 'Sidney', 'Norman', 0, 'Sidney.Norman@gmail.com', '05124642560'),
(245, 'Adelyn', 'Peck', 1, 'Adelyn.Peck@gmail.com', '05806618079'),
(246, 'Dominik', 'Johnston', 0, 'Dominik.Johnston@gmail.com', '05846143680'),
(247, 'Jaylyn', 'Nielsen', 1, 'Jaylyn.Nielsen@gmail.com', '05466934185'),
(248, 'Connor', 'Dixon', 0, 'Connor.Dixon@gmail.com', '05381409363'),
(249, 'Gabriella', 'Gay', 1, 'Gabriella.Gay@gmail.com', '05247505707'),
(250, 'Keyon', 'Adams', 0, 'Keyon.Adams@gmail.com', '05539267987'),
(251, 'Sebastian', 'Haney', 0, 'Sebastian.Haney@gmail.com', '05967013354'),
(252, 'Sanai', 'Butler', 1, 'Sanai.Butler@gmail.com', '05112802740'),
(253, 'Sonia', 'Villanueva', 1, 'Sonia.Villanueva@gmail.com', '05976864501'),
(254, 'Brooks', 'Bond', 0, 'Brooks.Bond@gmail.com', '05040385057'),
(255, 'Kenna', 'Valenzuela', 1, 'Kenna.Valenzuela@gmail.com', '05149513563'),
(256, 'Cash', 'Daugherty', 0, 'Cash.Daugherty@gmail.com', '05941594663'),
(257, 'Nicolas', 'Bowman', 0, 'Nicolas.Bowman@gmail.com', '05320146094'),
(258, 'Keira', 'Chase', 1, 'Keira.Chase@gmail.com', '05385933219'),
(259, 'Lucia', 'Hall', 1, 'Lucia.Hall@gmail.com', '05084670953'),
(260, 'Isabella', 'Ortega', 1, 'Isabella.Ortega@gmail.com', '05365165898'),
(261, 'Theresa', 'Lyons', 1, 'Theresa.Lyons@gmail.com', '05522963818'),
(262, 'Davis', 'Barnes', 0, 'Davis.Barnes@gmail.com', '05479786238'),
(263, 'Angeline', 'Fritz', 1, 'Angeline.Fritz@gmail.com', '05397878925'),
(264, 'Semaj', 'Ball', 0, 'Semaj.Ball@gmail.com', '05733215047'),
(265, 'Yuliana', 'Mccall', 1, 'Yuliana.Mccall@gmail.com', '05849483456'),
(266, 'Riley', 'Terrell', 0, 'Riley.Terrell@gmail.com', '05483496243'),
(267, 'Haylee', 'Giles', 1, 'Haylee.Giles@gmail.com', '05641165838'),
(268, 'Turner', 'Doyle', 0, 'Turner.Doyle@gmail.com', '05937493199'),
(269, 'Angelica', 'Cooley', 1, 'Angelica.Cooley@gmail.com', '05317133453'),
(270, 'Rohan', 'Burns', 0, 'Rohan.Burns@gmail.com', '05445121110'),
(271, 'Camryn', 'Flores', 0, 'Camryn.Flores@gmail.com', '05055565435'),
(272, 'Shea', 'Mann', 1, 'Shea.Mann@gmail.com', '05400065396'),
(273, 'Zoey', 'Sellers', 1, 'Zoey.Sellers@gmail.com', '05327430736'),
(274, 'Natalie', 'Moses', 1, 'Natalie.Moses@gmail.com', '05428161860'),
(275, 'Santos', 'Molina', 0, 'Santos.Molina@gmail.com', '05045774369'),
(276, 'Frank', 'Ferrell', 0, 'Frank.Ferrell@gmail.com', '05633709579'),
(277, 'Hana', 'Mcfarland', 1, 'Hana.Mcfarland@gmail.com', '05027305356'),
(278, 'Priscilla', 'Poole', 1, 'Priscilla.Poole@gmail.com', '05309957848'),
(279, 'Darion', 'Dudley', 0, 'Darion.Dudley@gmail.com', '05137096207'),
(280, 'Jeffrey', 'Knapp', 0, 'Jeffrey.Knapp@gmail.com', '05457294846'),
(281, 'Anabel', 'Cabrera', 1, 'Anabel.Cabrera@gmail.com', '05524208265'),
(282, 'Billy', 'Barr', 0, 'Billy.Barr@gmail.com', '05463005940'),
(283, 'Brennen', 'Thompson', 0, 'Brennen.Thompson@gmail.com', '05881287814'),
(284, 'Adalyn', 'Tucker', 1, 'Adalyn.Tucker@gmail.com', '05905723585'),
(285, 'Addisyn', 'Raymond', 1, 'Addisyn.Raymond@gmail.com', '05847432694'),
(286, 'Chaim', 'Bates', 0, 'Chaim.Bates@gmail.com', '05597490973'),
(287, 'Cody', 'Frank', 0, 'Cody.Frank@gmail.com', '05091460987'),
(288, 'Isaias', 'Mcmahon', 0, 'Isaias.Mcmahon@gmail.com', '05447807276'),
(289, 'Jazlene', 'Galvan', 1, 'Jazlene.Galvan@gmail.com', '05647656253'),
(290, 'Case', 'Rivas', 0, 'Case.Rivas@gmail.com', '05583703407'),
(291, 'Nicholas', 'Padilla', 0, 'Nicholas.Padilla@gmail.com', '05418337255'),
(292, 'Reagan', 'Drake', 0, 'Reagan.Drake@gmail.com', '05566183739'),
(293, 'Johnathan', 'Leon', 0, 'Johnathan.Leon@gmail.com', '05413773491'),
(294, 'Aubrey', 'Dunlap', 1, 'Aubrey.Dunlap@gmail.com', '05066781384'),
(295, 'Troy', 'Mcconnell', 0, 'Troy.Mcconnell@gmail.com', '05213588620'),
(296, 'Raelynn', 'Ayers', 1, 'Raelynn.Ayers@gmail.com', '05302972084'),
(297, 'Eduardo', 'Wolfe', 0, 'Eduardo.Wolfe@gmail.com', '05005353750'),
(298, 'Isabell', 'Malone', 1, 'Isabell.Malone@gmail.com', '05669453689'),
(299, 'Ulises', 'Walters', 0, 'Ulises.Walters@gmail.com', '05117535062'),
(300, 'Luka', 'Alvarado', 0, 'Luka.Alvarado@gmail.com', '05983450570'),
(301, 'Iris', 'George', 1, 'Iris.George@gmail.com', '05972340461'),
(302, 'Kathy', 'Reed', 1, 'Kathy.Reed@gmail.com', '05832650098'),
(303, 'Kaitlyn', 'Kirby', 1, 'Kaitlyn.Kirby@gmail.com', '05135384411'),
(304, 'Veronica', 'Stanley', 1, 'Veronica.Stanley@gmail.com', '05405643724'),
(305, 'Joel', 'Lang', 0, 'Joel.Lang@gmail.com', '05644943753'),
(306, 'Giada', 'Kim', 1, 'Giada.Kim@gmail.com', '05847400561'),
(307, 'Dominique', 'Gill', 1, 'Dominique.Gill@gmail.com', '05861155734'),
(308, 'Rodrigo', 'Weaver', 0, 'Rodrigo.Weaver@gmail.com', '05855320839'),
(309, 'Raphael', 'Richards', 0, 'Raphael.Richards@gmail.com', '05820088497'),
(310, 'Junior', 'Andrade', 0, 'Junior.Andrade@gmail.com', '05065538190'),
(311, 'Leslie', 'Mccarty', 1, 'Leslie.Mccarty@gmail.com', '05749032134'),
(312, 'Kyra', 'Frazier', 1, 'Kyra.Frazier@gmail.com', '05716555405'),
(313, 'Preston', 'Kaiser', 0, 'Preston.Kaiser@gmail.com', '05091021237'),
(314, 'Asher', 'Wyatt', 0, 'Asher.Wyatt@gmail.com', '05603916524'),
(315, 'Milo', 'Mason', 0, 'Milo.Mason@gmail.com', '05001843399'),
(316, 'Kathleen', 'Prince', 1, 'Kathleen.Prince@gmail.com', '05053386186'),
(317, 'Brielle', 'Valencia', 1, 'Brielle.Valencia@gmail.com', '05181045482'),
(318, 'Brylee', 'Estes', 1, 'Brylee.Estes@gmail.com', '05555806758'),
(319, 'Zain', 'Ruiz', 0, 'Zain.Ruiz@gmail.com', '05338248828'),
(320, 'Tomas', 'Nunez', 0, 'Tomas.Nunez@gmail.com', '05126885157'),
(321, 'Kendall', 'Schmitt', 0, 'Kendall.Schmitt@gmail.com', '05252047948'),
(322, 'Finn', 'Pearson', 0, 'Finn.Pearson@gmail.com', '05862756799'),
(323, 'Alma', 'Travis', 1, 'Alma.Travis@gmail.com', '05591207099'),
(324, 'Damon', 'Bullock', 0, 'Damon.Bullock@gmail.com', '05258165103'),
(325, 'Simeon', 'Montes', 0, 'Simeon.Montes@gmail.com', '05794483396'),
(326, 'Gordon', 'Kirk', 0, 'Gordon.Kirk@gmail.com', '05759458614'),
(327, 'Dashawn', 'Nash', 0, 'Dashawn.Nash@gmail.com', '05514057556'),
(328, 'Owen', 'Carlson', 0, 'Owen.Carlson@gmail.com', '05084514343'),
(329, 'Nikhil', 'Mosley', 0, 'Nikhil.Mosley@gmail.com', '05476557156'),
(330, 'Felix', 'Horn', 0, 'Felix.Horn@gmail.com', '05283930786'),
(331, 'Danica', 'Salinas', 1, 'Danica.Salinas@gmail.com', '05340774205'),
(332, 'Landen', 'Jones', 0, 'Landen.Jones@gmail.com', '05132079657'),
(333, 'Mariyah', 'Forbes', 1, 'Mariyah.Forbes@gmail.com', '05129107094'),
(334, 'Kallie', 'Holder', 1, 'Kallie.Holder@gmail.com', '05625245724'),
(335, 'Makai', 'Mcclain', 0, 'Makai.Mcclain@gmail.com', '05807792706'),
(336, 'Kellen', 'Waters', 0, 'Kellen.Waters@gmail.com', '05614534160'),
(337, 'Julianna', 'Madden', 1, 'Julianna.Madden@gmail.com', '05794389987'),
(338, 'Kash', 'Jacobson', 0, 'Kash.Jacobson@gmail.com', '05670862766'),
(339, 'Rosa', 'Ramos', 1, 'Rosa.Ramos@gmail.com', '05103720990'),
(340, 'Santino', 'Lowe', 0, 'Santino.Lowe@gmail.com', '05519410311'),
(341, 'Izabella', 'Ellison', 1, 'Izabella.Ellison@gmail.com', '05377543393'),
(342, 'John', 'Cannon', 0, 'John.Cannon@gmail.com', '05934943116'),
(343, 'Damien', 'Carroll', 0, 'Damien.Carroll@gmail.com', '05625856967'),
(344, 'Dakota', 'Simmons', 0, 'Dakota.Simmons@gmail.com', '05610942514'),
(345, 'Sterling', 'Christian', 0, 'Sterling.Christian@gmail.com', '05851362236'),
(346, 'Pablo', 'Shelton', 0, 'Pablo.Shelton@gmail.com', '05483299135'),
(347, 'Miracle', 'Andrews', 1, 'Miracle.Andrews@gmail.com', '05878221688'),
(348, 'Seamus', 'Harmon', 0, 'Seamus.Harmon@gmail.com', '05919334132'),
(349, 'Mollie', 'Alexander', 1, 'Mollie.Alexander@gmail.com', '05780695479'),
(350, 'Devin', 'Barker', 0, 'Devin.Barker@gmail.com', '05040128983'),
(351, 'Kylan', 'Fitzgerald', 0, 'Kylan.Fitzgerald@gmail.com', '05235958322'),
(352, 'Brent', 'Bauer', 0, 'Brent.Bauer@gmail.com', '05282821967'),
(353, 'Alexis', 'Greer', 1, 'Alexis.Greer@gmail.com', '05914724036'),
(354, 'Isaiah', 'Price', 0, 'Isaiah.Price@gmail.com', '05153188300'),
(355, 'Jabari', 'Gonzalez', 0, 'Jabari.Gonzalez@gmail.com', '05283570274'),
(356, 'Denise', 'Whitehead', 1, 'Denise.Whitehead@gmail.com', '05902527196'),
(357, 'Mario', 'Herring', 0, 'Mario.Herring@gmail.com', '05165917096'),
(358, 'Jeffery', 'Walker', 0, 'Jeffery.Walker@gmail.com', '05207446886'),
(359, 'Kailyn', 'Sherman', 1, 'Kailyn.Sherman@gmail.com', '05055084650'),
(360, 'Alissa', 'Finley', 1, 'Alissa.Finley@gmail.com', '05794514373'),
(361, 'Ali', 'Herman', 1, 'Ali.Herman@gmail.com', '05094884674'),
(362, 'Cadence', 'Montoya', 1, 'Cadence.Montoya@gmail.com', '05193558841'),
(363, 'Micaela', 'Richmond', 1, 'Micaela.Richmond@gmail.com', '05506164511'),
(364, 'Shyann', 'Stokes', 1, 'Shyann.Stokes@gmail.com', '05763322017'),
(365, 'Delilah', 'Brady', 1, 'Delilah.Brady@gmail.com', '05277272527'),
(366, 'Antoine', 'Soto', 0, 'Antoine.Soto@gmail.com', '05441814109'),
(367, 'Aniyah', 'Bryant', 1, 'Aniyah.Bryant@gmail.com', '05241744667'),
(368, 'Van', 'Wilkerson', 0, 'Van.Wilkerson@gmail.com', '05422676613'),
(369, 'Prince', 'Michael', 0, 'Prince.Michael@gmail.com', '05608119247'),
(370, 'Jadyn', 'Gardner', 1, 'Jadyn.Gardner@gmail.com', '05843521226'),
(371, 'Willie', 'Massey', 0, 'Willie.Massey@gmail.com', '05053714232'),
(372, 'Madison', 'Conway', 1, 'Madison.Conway@gmail.com', '05026141910'),
(373, 'Liliana', 'Garrett', 1, 'Liliana.Garrett@gmail.com', '05549783557'),
(374, 'Carl', 'Mcintyre', 0, 'Carl.Mcintyre@gmail.com', '05253976181'),
(375, 'Hailee', 'Gillespie', 1, 'Hailee.Gillespie@gmail.com', '05755848858'),
(376, 'Ryder', 'Harrington', 0, 'Ryder.Harrington@gmail.com', '05938385067'),
(377, 'Jamie', 'Hoffman', 1, 'Jamie.Hoffman@gmail.com', '05043851984'),
(378, 'Claire', 'Wu', 1, 'Claire.Wu@gmail.com', '05979965727'),
(379, 'Taniyah', 'Lynch', 1, 'Taniyah.Lynch@gmail.com', '05707326271'),
(380, 'Jazmine', 'Mullins', 1, 'Jazmine.Mullins@gmail.com', '05636857442'),
(381, 'Kyleigh', 'Hardin', 1, 'Kyleigh.Hardin@gmail.com', '05427121890'),
(382, 'Cloe', 'Townsend', 1, 'Cloe.Townsend@gmail.com', '05021659702'),
(383, 'Lane', 'Love', 0, 'Lane.Love@gmail.com', '05140084236'),
(384, 'Kenneth', 'Roberson', 0, 'Kenneth.Roberson@gmail.com', '05599998179'),
(385, 'Journey', 'Quinn', 1, 'Journey.Quinn@gmail.com', '05374476632'),
(386, 'Reese', 'Ford', 1, 'Reese.Ford@gmail.com', '05479922709'),
(387, 'Trevor', 'Washington', 0, 'Trevor.Washington@gmail.com', '05139958168'),
(388, 'Scott', 'Mckinney', 0, 'Scott.Mckinney@gmail.com', '05485148547'),
(389, 'Jaylynn', 'Caldwell', 1, 'Jaylynn.Caldwell@gmail.com', '05685076128'),
(390, 'Sheldon', 'Thornton', 0, 'Sheldon.Thornton@gmail.com', '05942851619'),
(391, 'Augustus', 'Mathews', 0, 'Augustus.Mathews@gmail.com', '05435489303'),
(392, 'Keyla', 'Brandt', 1, 'Keyla.Brandt@gmail.com', '05018820677'),
(393, 'Justice', 'Kramer', 0, 'Justice.Kramer@gmail.com', '05268549460'),
(394, 'Reese', 'Hayes', 0, 'Reese.Hayes@gmail.com', '05740770281'),
(395, 'Maximillian', 'Nguyen', 0, 'Maximillian.Nguyen@gmail.com', '05933110091'),
(396, 'Javon', 'Jarvis', 0, 'Javon.Jarvis@gmail.com', '05179236438'),
(397, 'Davion', 'Benitez', 0, 'Davion.Benitez@gmail.com', '05896136275'),
(398, 'Haven', 'Ward', 1, 'Haven.Ward@gmail.com', '05144143599'),
(399, 'Ari', 'Dodson', 0, 'Ari.Dodson@gmail.com', '05012857677'),
(400, 'Brooklynn', 'Ortiz', 1, 'Brooklynn.Ortiz@gmail.com', '05581401133'),
(401, 'Jorge', 'Vang', 0, 'Jorge.Vang@gmail.com', '05945394473'),
(402, 'Philip', 'Larson', 0, 'Philip.Larson@gmail.com', '05754613582'),
(403, 'Roselyn', 'Hernandez', 1, 'Roselyn.Hernandez@gmail.com', '05578883414'),
(404, 'Janiah', 'Pratt', 1, 'Janiah.Pratt@gmail.com', '05066623992'),
(405, 'Dennis', 'Lynn', 0, 'Dennis.Lynn@gmail.com', '05857108536'),
(406, 'Trinity', 'West', 1, 'Trinity.West@gmail.com', '05599030597'),
(407, 'Catherine', 'Christensen', 1, 'Catherine.Christensen@gmail.com', '05330639035'),
(408, 'Kasen', 'Reilly', 0, 'Kasen.Reilly@gmail.com', '05221076707'),
(409, 'Brenton', 'Russell', 0, 'Brenton.Russell@gmail.com', '05845014782'),
(410, 'Krish', 'Simon', 0, 'Krish.Simon@gmail.com', '05487510011'),
(411, 'Kade', 'Carrillo', 0, 'Kade.Carrillo@gmail.com', '05453245107'),
(412, 'Summer', 'Rivera', 1, 'Summer.Rivera@gmail.com', '05598186508'),
(413, 'Addyson', 'Grimes', 1, 'Addyson.Grimes@gmail.com', '05542843119'),
(414, 'Noelle', 'Day', 1, 'Noelle.Day@gmail.com', '05492912708'),
(415, 'Brayden', 'Glenn', 0, 'Brayden.Glenn@gmail.com', '05852513506'),
(416, 'Shaylee', 'Stevens', 1, 'Shaylee.Stevens@gmail.com', '05811124212'),
(417, 'Angel', 'Logan', 0, 'Angel.Logan@gmail.com', '05661054198'),
(418, 'Gina', 'Vance', 1, 'Gina.Vance@gmail.com', '05045528155'),
(419, 'Vanessa', 'Benton', 1, 'Vanessa.Benton@gmail.com', '05850373543'),
(420, 'Rodolfo', 'Meza', 0, 'Rodolfo.Meza@gmail.com', '05527158952'),
(421, 'Sophie', 'Booker', 1, 'Sophie.Booker@gmail.com', '05073888506'),
(422, 'Ann', 'Moreno', 1, 'Ann.Moreno@gmail.com', '05864148762'),
(423, 'Kaden', 'Mccann', 0, 'Kaden.Mccann@gmail.com', '05936923234'),
(424, 'Zavier', 'Wilkinson', 0, 'Zavier.Wilkinson@gmail.com', '05041093920'),
(425, 'Heidy', 'Cox', 1, 'Heidy.Cox@gmail.com', '05415583725'),
(426, 'Karlee', 'Carpenter', 1, 'Karlee.Carpenter@gmail.com', '05381626387'),
(427, 'Tara', 'Stephens', 1, 'Tara.Stephens@gmail.com', '05033326529'),
(428, 'Lillie', 'Hunter', 1, 'Lillie.Hunter@gmail.com', '05465749256'),
(429, 'Issac', 'Anderson', 0, 'Issac.Anderson@gmail.com', '05948576401'),
(430, 'Toby', 'Lewis', 0, 'Toby.Lewis@gmail.com', '05498260167'),
(431, 'Jayleen', 'Barber', 1, 'Jayleen.Barber@gmail.com', '05248195971'),
(432, 'Antony', 'Elliott', 0, 'Antony.Elliott@gmail.com', '05961703879'),
(433, 'Mia', 'Romero', 1, 'Mia.Romero@gmail.com', '05875093867'),
(434, 'Malik', 'Cameron', 0, 'Malik.Cameron@gmail.com', '05842331424'),
(435, 'Hazel', 'Underwood', 1, 'Hazel.Underwood@gmail.com', '05530937888'),
(436, 'Wayne', 'Solis', 0, 'Wayne.Solis@gmail.com', '05315893716'),
(437, 'Leyla', 'Mccoy', 1, 'Leyla.Mccoy@gmail.com', '05819173651'),
(438, 'Abigail', 'Vasquez', 1, 'Abigail.Vasquez@gmail.com', '05323132138'),
(439, 'Dawson', 'Brooks', 0, 'Dawson.Brooks@gmail.com', '05545817794'),
(440, 'Amy', 'Daniels', 1, 'Amy.Daniels@gmail.com', '05399854184'),
(441, 'Karli', 'Mooney', 1, 'Karli.Mooney@gmail.com', '05866299054'),
(442, 'Lisa', 'Pace', 1, 'Lisa.Pace@gmail.com', '05970849321'),
(443, 'Efrain', 'Dunn', 0, 'Efrain.Dunn@gmail.com', '05378986637'),
(444, 'Brendon', 'Lucas', 0, 'Brendon.Lucas@gmail.com', '05580505976'),
(445, 'Emilio', 'Fischer', 0, 'Emilio.Fischer@gmail.com', '05791823226'),
(446, 'Zaria', 'Mcdonald', 1, 'Zaria.Mcdonald@gmail.com', '05460043007'),
(447, 'Kaiya', 'Suarez', 1, 'Kaiya.Suarez@gmail.com', '05920739346'),
(448, 'Chance', 'Roman', 0, 'Chance.Roman@gmail.com', '05739271043'),
(449, 'Patrick', 'Mendez', 0, 'Patrick.Mendez@gmail.com', '05367889540'),
(450, 'Joyce', 'King', 1, 'Joyce.King@gmail.com', '05242276003'),
(451, 'Livia', 'Clements', 1, 'Livia.Clements@gmail.com', '05212516870'),
(452, 'Elaine', 'Bush', 1, 'Elaine.Bush@gmail.com', '05722998966'),
(453, 'Sariah', 'Haas', 1, 'Sariah.Haas@gmail.com', '05850652947'),
(454, 'Rihanna', 'Miles', 1, 'Rihanna.Miles@gmail.com', '05998775719'),
(455, 'Shyla', 'Bryan', 1, 'Shyla.Bryan@gmail.com', '05364171703'),
(456, 'Alijah', 'Whitaker', 0, 'Alijah.Whitaker@gmail.com', '05363788615'),
(457, 'Carissa', 'Johns', 1, 'Carissa.Johns@gmail.com', '05442943038'),
(458, 'Rebecca', 'Sexton', 1, 'Rebecca.Sexton@gmail.com', '05448540148'),
(459, 'Trace', 'Haley', 0, 'Trace.Haley@gmail.com', '05448202984'),
(460, 'Aylin', 'Cordova', 1, 'Aylin.Cordova@gmail.com', '05658151194'),
(461, 'Santiago', 'Russo', 0, 'Santiago.Russo@gmail.com', '05231545318'),
(462, 'Kasey', 'Kline', 1, 'Kasey.Kline@gmail.com', '05817217762'),
(463, 'Kira', 'Carney', 1, 'Kira.Carney@gmail.com', '05299600087'),
(464, 'Adison', 'Shields', 1, 'Adison.Shields@gmail.com', '05908659456'),
(465, 'Allie', 'Roberts', 1, 'Allie.Roberts@gmail.com', '05679368529'),
(466, 'Jimmy', 'Greene', 0, 'Jimmy.Greene@gmail.com', '05063064818'),
(467, 'Payton', 'York', 1, 'Payton.York@gmail.com', '05659624292'),
(468, 'Baron', 'Patrick', 0, 'Baron.Patrick@gmail.com', '05243017110'),
(469, 'Sammy', 'Brewer', 0, 'Sammy.Brewer@gmail.com', '05546949753'),
(470, 'Camren', 'Snow', 0, 'Camren.Snow@gmail.com', '05425864272'),
(471, 'Larry', 'Castro', 0, 'Larry.Castro@gmail.com', '05764406645'),
(472, 'Leonel', 'Herrera', 0, 'Leonel.Herrera@gmail.com', '05337532895'),
(473, 'Braedon', 'Holloway', 0, 'Braedon.Holloway@gmail.com', '05229868131'),
(474, 'Jay', 'Diaz', 0, 'Jay.Diaz@gmail.com', '05651417130'),
(475, 'Kristin', 'Bender', 1, 'Kristin.Bender@gmail.com', '05922321164'),
(476, 'Anika', 'White', 1, 'Anika.White@gmail.com', '05326459531'),
(477, 'Jenny', 'Page', 1, 'Jenny.Page@gmail.com', '05492415484'),
(478, 'Cristina', 'Oconnell', 1, 'Cristina.Oconnell@gmail.com', '05684990330'),
(479, 'Leah', 'Archer', 1, 'Leah.Archer@gmail.com', '05834809140'),
(480, 'Jamya', 'Allen', 1, 'Jamya.Allen@gmail.com', '05216976428'),
(481, 'Jamar', 'Cherry', 0, 'Jamar.Cherry@gmail.com', '05222277466'),
(482, 'Ayana', 'Rojas', 1, 'Ayana.Rojas@gmail.com', '05052068033'),
(483, 'Bo', 'Bird', 0, 'Bo.Bird@gmail.com', '05014677520'),
(484, 'Aria', 'Zamora', 1, 'Aria.Zamora@gmail.com', '05423280831'),
(485, 'Evelin', 'Ramirez', 1, 'Evelin.Ramirez@gmail.com', '05396312739'),
(486, 'Kierra', 'Ballard', 1, 'Kierra.Ballard@gmail.com', '05336208484'),
(487, 'Emery', 'Bass', 1, 'Emery.Bass@gmail.com', '05710914104'),
(488, 'Kingston', 'Powers', 0, 'Kingston.Powers@gmail.com', '05102377266'),
(489, 'Cierra', 'Hayden', 1, 'Cierra.Hayden@gmail.com', '05222262874'),
(490, 'Sarai', 'Richardson', 1, 'Sarai.Richardson@gmail.com', '05672204768'),
(491, 'Uriel', 'Taylor', 0, 'Uriel.Taylor@gmail.com', '05235273863'),
(492, 'Theodore', 'Flynn', 0, 'Theodore.Flynn@gmail.com', '05767946537'),
(493, 'Amaris', 'Martin', 1, 'Amaris.Martin@gmail.com', '05142739539'),
(494, 'Samir', 'Delgado', 0, 'Samir.Delgado@gmail.com', '05727003342'),
(495, 'Ezra', 'Mahoney', 0, 'Ezra.Mahoney@gmail.com', '05114769600'),
(496, 'Zaniyah', 'Mccarthy', 1, 'Zaniyah.Mccarthy@gmail.com', '05259324322'),
(497, 'Emerson', 'Adkins', 0, 'Emerson.Adkins@gmail.com', '05906460602'),
(498, 'Maddison', 'Cooke', 1, 'Maddison.Cooke@gmail.com', '05870850836'),
(499, 'Quinten', 'Vargas', 0, 'Quinten.Vargas@gmail.com', '05582135331'),
(500, 'Bradyn', 'Sosa', 0, 'Bradyn.Sosa@gmail.com', '05093274598'),
(501, 'Jimena', 'Campos', 1, 'Jimena.Campos@gmail.com', '05813916766'),
(502, 'Cecelia', 'Murphy', 1, 'Cecelia.Murphy@gmail.com', '05167802969'),
(503, 'Nyla', 'Hampton', 1, 'Nyla.Hampton@gmail.com', '05347996744'),
(504, 'Meghan', 'Murillo', 1, 'Meghan.Murillo@gmail.com', '05769665211'),
(505, 'Jayla', 'Mcdowell', 1, 'Jayla.Mcdowell@gmail.com', '05839256265'),
(506, 'Tianna', 'Rangel', 1, 'Tianna.Rangel@gmail.com', '05281878246'),
(507, 'Kaeden', 'Snyder', 0, 'Kaeden.Snyder@gmail.com', '05589120487'),
(508, 'Piper', 'House', 1, 'Piper.House@gmail.com', '05776515007'),
(509, 'Erika', 'Krause', 1, 'Erika.Krause@gmail.com', '05115962585'),
(510, 'Giovanny', 'Mckay', 0, 'Giovanny.Mckay@gmail.com', '05630680532'),
(511, 'Alonso', 'Donovan', 0, 'Alonso.Donovan@gmail.com', '05096506557'),
(512, 'Jeremiah', 'Farley', 0, 'Jeremiah.Farley@gmail.com', '05454602322'),
(513, 'Joy', 'Perkins', 1, 'Joy.Perkins@gmail.com', '05358313755'),
(514, 'Zayne', 'Pena', 0, 'Zayne.Pena@gmail.com', '05177022780'),
(515, 'Elliana', 'Todd', 1, 'Elliana.Todd@gmail.com', '05505930238'),
(516, 'Arielle', 'Medina', 1, 'Arielle.Medina@gmail.com', '05823121828'),
(517, 'Alfonso', 'Boyer', 0, 'Alfonso.Boyer@gmail.com', '05522912148'),
(518, 'Trevin', 'Mejia', 0, 'Trevin.Mejia@gmail.com', '05308543533'),
(519, 'Chana', 'Jacobs', 1, 'Chana.Jacobs@gmail.com', '05947039851'),
(520, 'Dalia', 'Cisneros', 1, 'Dalia.Cisneros@gmail.com', '05560794781'),
(521, 'Greta', 'Li', 1, 'Greta.Li@gmail.com', '05184447972'),
(522, 'Jaeden', 'Wise', 0, 'Jaeden.Wise@gmail.com', '05207304475'),
(523, 'Ellen', 'Hanson', 1, 'Ellen.Hanson@gmail.com', '05713383413'),
(524, 'Aliya', 'Mcpherson', 1, 'Aliya.Mcpherson@gmail.com', '05716435839'),
(525, 'Lyric', 'Ramsey', 0, 'Lyric.Ramsey@gmail.com', '05868426949'),
(526, 'Alejandro', 'Glass', 0, 'Alejandro.Glass@gmail.com', '05425767049'),
(527, 'Daphne', 'Yoder', 1, 'Daphne.Yoder@gmail.com', '05752248264'),
(528, 'Armando', 'Payne', 0, 'Armando.Payne@gmail.com', '05275081078'),
(529, 'Nathan', 'Manning', 0, 'Nathan.Manning@gmail.com', '05367283383'),
(530, 'Darian', 'Davies', 0, 'Darian.Davies@gmail.com', '05539376990'),
(531, 'Dustin', 'Osborne', 0, 'Dustin.Osborne@gmail.com', '05745864855'),
(532, 'Houston', 'Beck', 0, 'Houston.Beck@gmail.com', '05269807103'),
(533, 'Moshe', 'Melton', 0, 'Moshe.Melton@gmail.com', '05222832198'),
(534, 'Jamie', 'Weber', 0, 'Jamie.Weber@gmail.com', '05592177618'),
(535, 'Crystal', 'Spencer', 1, 'Crystal.Spencer@gmail.com', '05090702088'),
(536, 'Saniyah', 'Crosby', 1, 'Saniyah.Crosby@gmail.com', '05038267353'),
(537, 'Leonidas', 'Singleton', 0, 'Leonidas.Singleton@gmail.com', '05623587497'),
(538, 'Makhi', 'Beard', 0, 'Makhi.Beard@gmail.com', '05738969711'),
(539, 'Gavyn', 'Williamson', 0, 'Gavyn.Williamson@gmail.com', '05125950466'),
(540, 'Jaime', 'Nixon', 0, 'Jaime.Nixon@gmail.com', '05186846506'),
(541, 'Khalil', 'Sloan', 0, 'Khalil.Sloan@gmail.com', '05541634933'),
(542, 'Arianna', 'Rice', 1, 'Arianna.Rice@gmail.com', '05821067677'),
(543, 'Nicole', 'Fuller', 1, 'Nicole.Fuller@gmail.com', '05689459004'),
(544, 'Jakayla', 'Pope', 1, 'Jakayla.Pope@gmail.com', '05839233741'),
(545, 'Lorelai', 'Villa', 1, 'Lorelai.Villa@gmail.com', '05252231938'),
(546, 'Leticia', 'Cervantes', 1, 'Leticia.Cervantes@gmail.com', '05918028794'),
(547, 'Lilah', 'Terry', 1, 'Lilah.Terry@gmail.com', '05496972048'),
(548, 'Hamza', 'Gonzales', 0, 'Hamza.Gonzales@gmail.com', '05263688651'),
(549, 'Rex', 'Floyd', 0, 'Rex.Floyd@gmail.com', '05089850523'),
(550, 'Annalise', 'Donaldson', 1, 'Annalise.Donaldson@gmail.com', '05101327367'),
(551, 'Juan', 'Navarro', 0, 'Juan.Navarro@gmail.com', '05345102361'),
(552, 'Stella', 'Olson', 1, 'Stella.Olson@gmail.com', '05252305619'),
(553, 'Gaven', 'Mora', 0, 'Gaven.Mora@gmail.com', '05215954931'),
(554, 'Gilberto', 'Bridges', 0, 'Gilberto.Bridges@gmail.com', '05859006273'),
(555, 'Ben', 'Marquez', 0, 'Ben.Marquez@gmail.com', '05793265360'),
(556, 'Kaylynn', 'Murray', 1, 'Kaylynn.Murray@gmail.com', '05876481500'),
(557, 'Yaretzi', 'Roach', 1, 'Yaretzi.Roach@gmail.com', '05070897360'),
(558, 'William', 'Fuentes', 0, 'William.Fuentes@gmail.com', '05453181181'),
(559, 'Lana', 'Phillips', 1, 'Lana.Phillips@gmail.com', '05953125174'),
(560, 'Miya', 'Riley', 1, 'Miya.Riley@gmail.com', '05496424452'),
(561, 'Edward', 'Neal', 0, 'Edward.Neal@gmail.com', '05730178485'),
(562, 'Kaia', 'Liu', 1, 'Kaia.Liu@gmail.com', '05048586293'),
(563, 'Jadyn', 'Buck', 0, 'Jadyn.Buck@gmail.com', '05125690012'),
(564, 'Anne', 'Downs', 1, 'Anne.Downs@gmail.com', '05304342908'),
(565, 'Teagan', 'Harrell', 1, 'Teagan.Harrell@gmail.com', '05974514097'),
(566, 'Paisley', 'Bradshaw', 1, 'Paisley.Bradshaw@gmail.com', '05293596713'),
(567, 'Konner', 'Sutton', 0, 'Konner.Sutton@gmail.com', '05768278284'),
(568, 'Aryanna', 'Banks', 1, 'Aryanna.Banks@gmail.com', '05980580206'),
(569, 'Jerome', 'Ho', 0, 'Jerome.Ho@gmail.com', '05913714157'),
(570, 'Misael', 'Stewart', 0, 'Misael.Stewart@gmail.com', '05500531060'),
(571, 'Keely', 'Barajas', 1, 'Keely.Barajas@gmail.com', '05183305989'),
(572, 'Griffin', 'Blake', 0, 'Griffin.Blake@gmail.com', '05273688392'),
(573, 'Danna', 'Stafford', 1, 'Danna.Stafford@gmail.com', '05464783818'),
(574, 'April', 'English', 1, 'April.English@gmail.com', '05349950872'),
(575, 'Emanuel', 'Dillon', 0, 'Emanuel.Dillon@gmail.com', '05785734965'),
(576, 'Matthias', 'Shepherd', 0, 'Matthias.Shepherd@gmail.com', '05033335344'),
(577, 'Armani', 'Spence', 0, 'Armani.Spence@gmail.com', '05677874091'),
(578, 'Olivia', 'Mercer', 1, 'Olivia.Mercer@gmail.com', '05665081546'),
(579, 'Lauryn', 'Leblanc', 1, 'Lauryn.Leblanc@gmail.com', '05025779342'),
(580, 'Fiona', 'Green', 1, 'Fiona.Green@gmail.com', '05191690982'),
(581, 'Paityn', 'Briggs', 1, 'Paityn.Briggs@gmail.com', '05775841540'),
(582, 'Eva', 'Hawkins', 1, 'Eva.Hawkins@gmail.com', '05546770193'),
(583, 'Wyatt', 'Cantu', 0, 'Wyatt.Cantu@gmail.com', '05400710167'),
(584, 'Kale', 'Chan', 0, 'Kale.Chan@gmail.com', '05282556624'),
(585, 'Karlie', 'Savage', 1, 'Karlie.Savage@gmail.com', '05028259607'),
(586, 'Cameron', 'Cantrell', 0, 'Cameron.Cantrell@gmail.com', '05914042928'),
(587, 'Elijah', 'Melendez', 0, 'Elijah.Melendez@gmail.com', '05298853413'),
(588, 'Kylee', 'Ryan', 1, 'Kylee.Ryan@gmail.com', '05191051005'),
(589, 'Jewel', 'Mills', 1, 'Jewel.Mills@gmail.com', '05938232275'),
(590, 'Giovani', 'Walter', 0, 'Giovani.Walter@gmail.com', '05644185452'),
(591, 'Alexander', 'Davis', 0, 'Alexander.Davis@gmail.com', '05382604228'),
(592, 'Skye', 'Conrad', 1, 'Skye.Conrad@gmail.com', '05878297054'),
(593, 'Dominique', 'Hogan', 0, 'Dominique.Hogan@gmail.com', '05872537792'),
(594, 'Dylan', 'Hudson', 1, 'Dylan.Hudson@gmail.com', '05790134172'),
(595, 'Yasmine', 'Torres', 1, 'Yasmine.Torres@gmail.com', '05246043425'),
(596, 'Karter', 'Calderon', 0, 'Karter.Calderon@gmail.com', '05794686916'),
(597, 'Brady', 'Pineda', 0, 'Brady.Pineda@gmail.com', '05896513720'),
(598, 'Dixie', 'Novak', 1, 'Dixie.Novak@gmail.com', '05692956617'),
(599, 'Aurora', 'Bradford', 1, 'Aurora.Bradford@gmail.com', '05201014897'),
(600, 'Bridger', 'Schultz', 0, 'Bridger.Schultz@gmail.com', '05631106126')
;

INSERT INTO RELATIVE(stud_id, pare_id, rela_type) VALUES 
(13020205, 1, 'Sibling'),
(16030206, 2, 'Mother'),
(15020102, 3, 'Mother'),
(14010302, 4, 'Mother'),
(17020302, 5, 'Father'),
(13020104, 6, 'Mother'),
(17030101, 7, 'Sibling'),
(16030205, 8, 'Sibling'),
(14030104, 9, 'Sibling'),
(14030103, 10, 'Sibling'),
(17020201, 11, 'Father'),
(16010302, 12, 'Sibling'),
(14020106, 13, 'Mother'),
(13020204, 14, 'Sibling'),
(16020303, 15, 'Mother'),
(15030302, 16, 'Father'),
(15010203, 17, 'Father'),
(14020105, 18, 'Sibling'),
(14030301, 19, 'Sibling'),
(17020301, 20, 'Sibling'),
(15020204, 21, 'Mother'),
(13010106, 22, 'Sibling'),
(15030203, 23, 'Sibling'),
(16030105, 24, 'Mother'),
(14020104, 25, 'Father'),
(16020101, 26, 'Sibling'),
(17020103, 27, 'Mother'),
(13020301, 28, 'Father'),
(16030302, 29, 'Sibling'),
(16010301, 30, 'Father'),
(13010201, 31, 'Father'),
(15030301, 32, 'Sibling'),
(14020103, 33, 'Sibling'),
(14020203, 34, 'Mother'),
(16030103, 35, 'Mother'),
(16010201, 36, 'Sibling'),
(13030303, 37, 'Sibling'),
(13020203, 38, 'Sibling'),
(17020101, 39, 'Sibling'),
(22020108, 40, 'Sibling'),
(20030201, 41, 'Mother'),
(19010110, 42, 'Father'),
(18030303, 43, 'Father'),
(14030102, 44, 'Sibling'),
(22020109, 45, 'Mother'),
(19020312, 46, 'Mother'),
(19020108, 47, 'Father'),
(19020311, 48, 'Sibling'),
(18030107, 49, 'Sibling'),
(21030205, 50, 'Sibling'),
(22020201, 51, 'Father'),
(20020208, 52, 'Sibling'),
(18010307, 53, 'Sibling'),
(16030202, 54, 'Sibling'),
(21010203, 55, 'Sibling'),
(19010105, 56, 'Sibling'),
(18010102, 57, 'Mother'),
(21030306, 58, 'Father'),
(18020205, 59, 'Sibling'),
(21020204, 60, 'Father'),
(21020301, 61, 'Sibling'),
(13020101, 62, 'Sibling'),
(18030207, 63, 'Mother'),
(20020103, 64, 'Father'),
(22030205, 65, 'Sibling'),
(21010205, 66, 'Father'),
(21020302, 67, 'Sibling'),
(21010111, 68, 'Sibling'),
(20020306, 69, 'Sibling'),
(21010309, 70, 'Sibling'),
(13020202, 71, 'Sibling'),
(18030205, 72, 'Sibling'),
(19010107, 73, 'Mother'),
(20030303, 74, 'Father'),
(18010207, 75, 'Sibling'),
(19010106, 76, 'Mother'),
(21030204, 77, 'Sibling'),
(22020303, 78, 'Sibling'),
(15020303, 79, 'Mother'),
(22010204, 80, 'Sibling'),
(19010111, 81, 'Mother'),
(19030107, 82, 'Sibling'),
(21020203, 83, 'Mother'),
(21030203, 84, 'Father'),
(19020204, 85, 'Sibling'),
(20010104, 86, 'Mother'),
(13010101, 87, 'Sibling'),
(22020204, 88, 'Father'),
(21020106, 89, 'Father'),
(22010306, 90, 'Mother'),
(20010105, 91, 'Sibling'),
(19020315, 92, 'Sibling'),
(22010309, 93, 'Sibling'),
(15030201, 94, 'Mother'),
(21030101, 95, 'Mother'),
(19020313, 96, 'Sibling'),
(22010106, 97, 'Father'),
(20020310, 98, 'Father'),
(21020101, 99, 'Sibling'),
(18020306, 100, 'Mother'),
(21010201, 101, 'Sibling'),
(22010304, 102, 'Sibling'),
(20010203, 103, 'Father'),
(18030106, 104, 'Sibling'),
(18020108, 105, 'Sibling'),
(21010106, 106, 'Father'),
(20010206, 107, 'Mother'),
(21020202, 108, 'Sibling'),
(21010310, 109, 'Mother'),
(22030202, 110, 'Sibling'),
(18010104, 111, 'Sibling'),
(19020106, 112, 'Sibling'),
(22010202, 113, 'Mother'),
(19010202, 114, 'Mother'),
(20030207, 115, 'Father'),
(18030203, 116, 'Father'),
(13010102, 117, 'Father'),
(20020210, 118, 'Sibling'),
(18030209, 119, 'Sibling'),
(18020102, 120, 'Father'),
(18030102, 121, 'Mother'),
(22030304, 122, 'Mother'),
(19020203, 123, 'Mother'),
(21030209, 124, 'Sibling'),
(18020103, 125, 'Mother'),
(20020209, 126, 'Father'),
(22010305, 127, 'Sibling'),
(19030205, 128, 'Mother'),
(19030111, 129, 'Father'),
(19010102, 130, 'Sibling'),
(18020305, 131, 'Sibling'),
(19010104, 132, 'Sibling'),
(21010110, 133, 'Mother'),
(22010206, 134, 'Father'),
(21030305, 135, 'Father'),
(19010113, 136, 'Father'),
(20020204, 137, 'Sibling'),
(22030303, 138, 'Sibling'),
(15020302, 139, 'Sibling'),
(19030307, 140, 'Sibling'),
(18020203, 141, 'Sibling'),
(19020306, 142, 'Father'),
(19030201, 143, 'Mother'),
(20030308, 144, 'Sibling'),
(21030210, 145, 'Mother'),
(19030302, 146, 'Father'),
(15030101, 147, 'Sibling'),
(21030301, 148, 'Sibling'),
(19030110, 149, 'Father'),
(19020206, 150, 'Mother'),
(18020309, 151, 'Father'),
(21020103, 152, 'Sibling'),
(18030206, 153, 'Sibling'),
(18020201, 154, 'Sibling'),
(19030103, 155, 'Father'),
(22020207, 156, 'Sibling'),
(18010309, 157, 'Sibling'),
(13010107, 158, 'Father'),
(20010208, 159, 'Father'),
(20010204, 160, 'Sibling'),
(18010103, 161, 'Father'),
(19020202, 162, 'Sibling'),
(18030309, 163, 'Father'),
(22020103, 164, 'Sibling'),
(20010102, 165, 'Sibling'),
(14020302, 166, 'Father'),
(17020102, 167, 'Father'),
(21020104, 168, 'Father'),
(21030307, 169, 'Sibling'),
(18030204, 170, 'Sibling'),
(22020203, 171, 'Sibling'),
(18010111, 172, 'Mother'),
(18020302, 173, 'Sibling'),
(22030302, 174, 'Sibling'),
(22020105, 175, 'Mother'),
(20020102, 176, 'Father'),
(21010102, 177, 'Sibling'),
(13020201, 178, 'Sibling'),
(18010303, 179, 'Sibling'),
(22030102, 180, 'Sibling'),
(20030305, 181, 'Sibling'),
(20020302, 182, 'Sibling'),
(22030306, 183, 'Mother'),
(19010209, 184, 'Father'),
(22030301, 185, 'Sibling'),
(15020101, 186, 'Sibling'),
(14020201, 187, 'Father'),
(22020301, 188, 'Sibling'),
(21010113, 189, 'Father'),
(16030204, 190, 'Sibling'),
(18030304, 191, 'Sibling'),
(21010303, 192, 'Sibling'),
(18020107, 193, 'Mother'),
(21010305, 194, 'Sibling'),
(19020307, 195, 'Father'),
(20030102, 196, 'Mother'),
(18030212, 197, 'Father'),
(13010104, 198, 'Mother'),
(20030310, 199, 'Mother'),
(18030105, 200, 'Father'),
(18020202, 201, 'Mother'),
(19020112, 202, 'Mother'),
(22010303, 203, 'Father'),
(21030304, 204, 'Sibling'),
(19010101, 205, 'Sibling'),
(19020107, 206, 'Mother'),
(20020205, 207, 'Sibling'),
(18020303, 208, 'Mother'),
(19020308, 209, 'Sibling'),
(22020104, 210, 'Sibling'),
(19010112, 211, 'Sibling'),
(18020307, 212, 'Sibling'),
(20020206, 213, 'Mother'),
(21010306, 214, 'Sibling'),
(22020304, 215, 'Mother'),
(18010302, 216, 'Sibling'),
(19030104, 217, 'Father'),
(20030107, 218, 'Sibling'),
(20020202, 219, 'Father'),
(20020305, 220, 'Mother'),
(18010203, 221, 'Mother'),
(19010302, 222, 'Mother'),
(20010303, 223, 'Mother'),
(20010310, 224, 'Father'),
(22030101, 225, 'Mother'),
(20020106, 226, 'Mother'),
(22020111, 227, 'Sibling'),
(22010207, 228, 'Mother'),
(18020207, 229, 'Father'),
(20010103, 230, 'Sibling'),
(21030108, 231, 'Sibling'),
(22020102, 232, 'Father'),
(18030305, 233, 'Sibling'),
(18010206, 234, 'Father'),
(18020310, 235, 'Father'),
(19030305, 236, 'Sibling'),
(21010101, 237, 'Sibling'),
(20030208, 238, 'Father'),
(22020302, 239, 'Sibling'),
(19030106, 240, 'Sibling'),
(18010301, 241, 'Mother'),
(22010205, 242, 'Mother'),
(18020308, 243, 'Father'),
(22030305, 244, 'Father'),
(19020304, 245, 'Mother'),
(22010203, 246, 'Father'),
(19030101, 247, 'Mother'),
(19010201, 248, 'Father'),
(15030103, 249, 'Sibling'),
(18030101, 250, 'Father'),
(22010104, 251, 'Father'),
(22020206, 252, 'Sibling'),
(15020203, 253, 'Sibling'),
(18010201, 254, 'Sibling'),
(18020104, 255, 'Mother'),
(22010209, 256, 'Sibling'),
(20010205, 257, 'Father'),
(21020102, 258, 'Sibling'),
(15010202, 259, 'Sibling'),
(20010302, 260, 'Sibling'),
(22010302, 261, 'Sibling'),
(22010103, 262, 'Father'),
(19020301, 263, 'Sibling'),
(20020207, 264, 'Sibling'),
(20010307, 265, 'Sibling'),
(19030204, 266, 'Father'),
(20020201, 267, 'Sibling'),
(22010212, 268, 'Sibling'),
(18030103, 269, 'Mother'),
(20030103, 270, 'Sibling'),
(20020110, 271, 'Father'),
(20020301, 272, 'Mother'),
(18020204, 273, 'Sibling'),
(22030206, 274, 'Mother'),
(21010107, 275, 'Father'),
(19030301, 276, 'Father'),
(15030202, 277, 'Sibling'),
(18030104, 278, 'Sibling'),
(21030202, 279, 'Sibling'),
(19020303, 280, 'Sibling'),
(20030202, 281, 'Sibling'),
(19010205, 282, 'Father'),
(18030301, 283, 'Father'),
(18020301, 284, 'Sibling'),
(19030304, 285, 'Sibling'),
(22020202, 286, 'Sibling'),
(20030302, 287, 'Sibling'),
(18010105, 288, 'Father'),
(20020101, 289, 'Mother'),
(18010305, 290, 'Father'),
(22030307, 291, 'Father'),
(20020303, 292, 'Sibling'),
(18030202, 293, 'Sibling'),
(21020111, 294, 'Mother'),
(18010216, 295, 'Sibling'),
(22010102, 296, 'Sibling'),
(20010301, 297, 'Father'),
(14010301, 298, 'Mother'),
(20010314, 299, 'Father'),
(20020105, 300, 'Father'),
(18030220, 301, 'Sibling'),
(21030207, 302, 'Sibling'),
(21010104, 303, 'Sibling'),
(18010204, 304, 'Sibling'),
(21010307, 305, 'Sibling'),
(18030218, 306, 'Mother'),
(16030101, 307, 'Mother'),
(19030202, 308, 'Sibling'),
(20030311, 309, 'Father'),
(21010105, 310, 'Sibling'),
(21010304, 311, 'Mother'),
(19030203, 312, 'Mother'),
(19020115, 313, 'Father'),
(13010105, 314, 'Father'),
(21030201, 315, 'Sibling'),
(22020101, 316, 'Mother'),
(19030112, 317, 'Mother'),
(19020208, 318, 'Mother'),
(21010302, 319, 'Father'),
(22010301, 320, 'Father'),
(19020102, 321, 'Father'),
(19020314, 322, 'Father'),
(16020304, 323, 'Sibling'),
(21030105, 324, 'Father'),
(18030302, 325, 'Sibling'),
(20010316, 326, 'Sibling'),
(21010109, 327, 'Father'),
(14020107, 328, 'Father'),
(22020205, 329, 'Sibling'),
(19030303, 330, 'Father'),
(20010306, 331, 'Mother'),
(21020304, 332, 'Sibling'),
(20030301, 333, 'Mother'),
(18030215, 334, 'Mother'),
(20030101, 335, 'Father'),
(19020310, 336, 'Father'),
(19020103, 337, 'Mother'),
(20030307, 338, 'Sibling'),
(14020301, 339, 'Mother'),
(18010202, 340, 'Sibling'),
(22020305, 341, 'Mother'),
(20010305, 342, 'Father'),
(19010301, 343, 'Father'),
(22010101, 344, 'Father'),
(20020304, 345, 'Father'),
(21020308, 346, 'Sibling'),
(21030302, 347, 'Mother'),
(21010103, 348, 'Sibling'),
(22030108, 349, 'Sibling'),
(19020101, 350, 'Father'),
(18010106, 351, 'Sibling'),
(18030213, 352, 'Father'),
(21020201, 353, 'Mother'),
(20020203, 354, 'Father'),
(18020304, 355, 'Sibling'),
(20010308, 356, 'Mother'),
(20010304, 357, 'Father'),
(21020105, 358, 'Sibling'),
(19010108, 359, 'Mother'),
(18030306, 360, 'Sibling'),
(21030303, 361, 'Sibling'),
(19020201, 362, 'Mother'),
(20030306, 363, 'Sibling'),
(18010306, 364, 'Sibling'),
(20020107, 365, 'Mother'),
(18020101, 366, 'Sibling'),
(22030103, 367, 'Mother'),
(18020105, 368, 'Sibling'),
(19010203, 369, 'Sibling'),
(19020109, 370, 'Sibling'),
(20030104, 371, 'Father'),
(20030321, 372, 'Sibling'),
(19020110, 373, 'Sibling'),
(22020211, 374, 'Father'),
(19010204, 375, 'Mother'),
(20030105, 376, 'Father'),
(18010205, 377, 'Sibling'),
(22030203, 378, 'Sibling'),
(13030301, 379, 'Sibling'),
(19020305, 380, 'Sibling'),
(21030104, 381, 'Sibling'),
(20010207, 382, 'Sibling'),
(21020107, 383, 'Sibling'),
(17010301, 384, 'Sibling'),
(21010108, 385, 'Sibling'),
(21030206, 386, 'Sibling'),
(18030201, 387, 'Father'),
(20030312, 388, 'Father'),
(18010101, 389, 'Sibling'),
(18010110, 390, 'Sibling'),
(18010209, 391, 'Sibling'),
(19030105, 392, 'Mother'),
(19010206, 393, 'Sibling'),
(20010309, 394, 'Father'),
(20020307, 395, 'Sibling'),
(18020206, 396, 'Sibling'),
(19030306, 397, 'Sibling'),
(21030310, 398, 'Mother'),
(20030205, 399, 'Father'),
(22020208, 400, 'Mother'),
(22020106, 401, 'Sibling'),
(16030203, 402, 'Father'),
(18030109, 403, 'Mother'),
(16030102, 404, 'Sibling'),
(19010207, 405, 'Father'),
(21030106, 406, 'Mother'),
(16020201, 407, 'Sibling'),
(22030308, 408, 'Father'),
(22030105, 409, 'Father'),
(20020104, 410, 'Father'),
(20030313, 411, 'Sibling'),
(18010210, 412, 'Mother'),
(20030314, 413, 'Sibling'),
(18010308, 414, 'Mother'),
(22020209, 415, 'Father'),
(20030206, 416, 'Sibling'),
(19010208, 417, 'Father'),
(18010107, 418, 'Mother'),
(18010211, 419, 'Mother'),
(21020109, 420, 'Father'),
(20030106, 421, 'Sibling'),
(20030210, 422, 'Sibling'),
(19020111, 423, 'Father'),
(22020306, 424, 'Father'),
(21010308, 425, 'Sibling'),
(18030112, 426, 'Sibling'),
(18020313, 427, 'Mother'),
(20020108, 428, 'Sibling'),
(18010212, 429, 'Sibling'),
(21010301, 430, 'Father'),
(20010311, 431, 'Mother'),
(22030309, 432, 'Sibling'),
(18020311, 433, 'Mother'),
(20030315, 434, 'Sibling'),
(22020210, 435, 'Mother'),
(20010202, 436, 'Father'),
(20030316, 437, 'Sibling'),
(18010108, 438, 'Mother'),
(15020202, 439, 'Father'),
(22030104, 440, 'Mother'),
(19020302, 441, 'Sibling'),
(18010109, 442, 'Sibling'),
(20030209, 443, 'Sibling'),
(19020113, 444, 'Sibling'),
(13030101, 445, 'Father'),
(19020105, 446, 'Sibling'),
(20010312, 447, 'Mother'),
(19030206, 448, 'Sibling'),
(13030202, 449, 'Father'),
(21030308, 450, 'Mother'),
(18030113, 451, 'Sibling'),
(22010307, 452, 'Sibling'),
(18020208, 453, 'Mother'),
(22010308, 454, 'Sibling'),
(20030317, 455, 'Sibling'),
(22030310, 456, 'Father'),
(18010208, 457, 'Mother'),
(21030102, 458, 'Sibling'),
(18030308, 459, 'Father'),
(18030114, 460, 'Mother'),
(19010109, 461, 'Sibling'),
(22030311, 462, 'Sibling'),
(13020103, 463, 'Sibling'),
(18020209, 464, 'Mother'),
(21010202, 465, 'Mother'),
(21020205, 466, 'Sibling'),
(20030204, 467, 'Sibling'),
(22010208, 468, 'Father'),
(21030103, 469, 'Sibling'),
(22010105, 470, 'Sibling'),
(22030312, 471, 'Sibling'),
(20020211, 472, 'Father'),
(22020307, 473, 'Sibling'),
(20010106, 474, 'Sibling'),
(19030108, 475, 'Sibling'),
(19030207, 476, 'Mother'),
(21020307, 477, 'Mother'),
(19010103, 478, 'Mother'),
(18030214, 479, 'Sibling'),
(22020107, 480, 'Sibling'),
(18010214, 481, 'Sibling'),
(21010112, 482, 'Sibling'),
(21010204, 483, 'Sibling'),
(19030308, 484, 'Mother'),
(18030216, 485, 'Mother'),
(22010201, 486, 'Mother'),
(19020114, 487, 'Mother'),
(22030204, 488, 'Sibling'),
(22020110, 489, 'Sibling'),
(19010303, 490, 'Mother'),
(20020311, 491, 'Father'),
(21030309, 492, 'Father'),
(21020303, 493, 'Mother'),
(22010210, 494, 'Father'),
(18010304, 495, 'Father'),
(21020306, 496, 'Mother'),
(21020108, 497, 'Father'),
(19020205, 498, 'Mother'),
(18020106, 499, 'Father'),
(20010107, 500, 'Sibling'),
(19020316, 501, 'Mother'),
(18030111, 502, 'Mother'),
(18020312, 503, 'Sibling'),
(20020109, 504, 'Mother'),
(21020305, 505, 'Sibling'),
(20030318, 506, 'Mother'),
(13030302, 507, 'Sibling'),
(21020206, 508, 'Sibling'),
(20020308, 509, 'Mother'),
(19020309, 510, 'Father'),
(17010201, 511, 'Father'),
(19030109, 512, 'Father'),
(22030106, 513, 'Mother'),
(21020110, 514, 'Sibling'),
(20020309, 515, 'Sibling'),
(20010313, 516, 'Mother'),
(21030208, 517, 'Sibling'),
(22030201, 518, 'Father'),
(18010215, 519, 'Sibling'),
(18030310, 520, 'Sibling'),
(19020207, 521, 'Mother'),
(20010201, 522, 'Father'),
(20020213, 523, 'Sibling'),
(20020214, 524, 'Mother'),
(21020207, 525, 'Father'),
(22020212, 526, 'Sibling'),
(20020212, 527, 'Sibling'),
(22020213, 528, 'Father'),
(21030107, 529, 'Sibling'),
(20020112, 530, 'Sibling'),
(20030319, 531, 'Father'),
(20010315, 532, 'Sibling'),
(18010213, 533, 'Sibling'),
(20020216, 534, 'Father'),
(19010304, 535, 'Mother'),
(20030203, 536, 'Mother'),
(19020317, 537, 'Father'),
(19030102, 538, 'Father'),
(19010305, 539, 'Father'),
(19010306, 540, 'Father'),
(19010114, 541, 'Sibling'),
(18030208, 542, 'Mother'),
(18030210, 543, 'Sibling'),
(20020215, 544, 'Mother'),
(22020308, 545, 'Mother'),
(14010201, 546, 'Sibling'),
(19020318, 547, 'Sibling'),
(22030107, 548, 'Father'),
(19020104, 549, 'Sibling'),
(22010211, 550, 'Mother'),
(20010101, 551, 'Sibling'),
(18010310, 552, 'Sibling'),
(18020210, 553, 'Sibling'),
(20010209, 554, 'Sibling'),
(18030211, 555, 'Sibling'),
(20020111, 556, 'Sibling'),
(18020314, 557, 'Sibling'),
(19010210, 558, 'Sibling'),
(20030320, 559, 'Sibling'),
(18030307, 560, 'Sibling'),
(18030311, 561, 'Father'),
(21030311, 562, 'Mother'),
(18010311, 563, 'Sibling'),
(18030217, 564, 'Sibling'),
(16030104, 565, 'Mother'),
(18010312, 566, 'Mother'),
(22030207, 567, 'Sibling'),
(18010112, 568, 'Sibling'),
(22010213, 569, 'Sibling'),
(19030113, 570, 'Sibling'),
(20020312, 571, 'Sibling'),
(18020109, 572, 'Father'),
(21020112, 573, 'Sibling'),
(18030219, 574, 'Sibling'),
(19030309, 575, 'Father'),
(14020101, 576, 'Sibling'),
(15010301, 577, 'Father'),
(14030101, 578, 'Sibling'),
(16030301, 579, 'Sibling'),
(16020302, 580, 'Sibling'),
(17010101, 581, 'Sibling'),
(15010101, 582, 'Mother'),
(13020102, 583, 'Father'),
(18030110, 584, 'Sibling'),
(20030304, 585, 'Mother'),
(18030115, 586, 'Father'),
(14020102, 587, 'Sibling'),
(16030201, 588, 'Sibling'),
(15020301, 589, 'Sibling'),
(16020301, 590, 'Father'),
(18030108, 591, 'Sibling'),
(15020201, 592, 'Sibling'),
(13030201, 593, 'Sibling'),
(15010201, 594, 'Mother'),
(15010102, 595, 'Mother'),
(20030309, 596, 'Sibling'),
(14020202, 597, 'Sibling'),
(13010103, 598, 'Mother'),
(16010101, 599, 'Mother'),
(15030102, 600, 'Father')
;

INSERT INTO EXPENSE(exps_id, exps_name, exps_date, exps_cost, exps_type) VALUES 
(0, 'Electricity', '2020/9/16', 129, 1),
(1, 'Electricity', '2021/7/8', 439, 1),
(2, 'Electricity', '2022/8/4', 815, 1),
(3, 'Electricity', '2023/5/16', 343, 0),
(4, 'Water', '2020/5/4', 892, 1),
(5, 'Water', '2021/1/17', 665, 1),
(6, 'Water', '2022/7/22', 579, 1),
(7, 'Water', '2023/5/24', 893, 1),
(8, 'Internet', '2020/6/26', 627, 0),
(9, 'Internet', '2021/2/17', 1082, 1),
(10, 'Internet', '2022/7/15', 804, 1),
(11, 'Internet', '2023/4/22', 303, 1),
(12, 'Gas', '2020/4/21', 528, 0),
(13, 'Gas', '2021/9/11', 455, 0),
(14, 'Gas', '2022/6/22', 449, 0),
(15, 'Gas', '2023/9/2', 271, 1),
(16, 'Cleaning', '2020/6/9', 1043, 0),
(17, 'Cleaning', '2021/2/11', 735, 1),
(18, 'Cleaning', '2022/3/3', 496, 0),
(19, 'Cleaning', '2023/9/9', 105, 1),
(20, 'Security', '2020/8/4', 1051, 0),
(21, 'Security', '2021/4/22', 404, 1),
(22, 'Security', '2022/8/17', 225, 1),
(23, 'Security', '2023/9/4', 348, 1),
(24, 'Food', '2020/4/2', 1011, 0),
(25, 'Food', '2021/6/23', 629, 1),
(26, 'Food', '2022/3/10', 684, 1),
(27, 'Food', '2023/8/8', 328, 1),
(28, 'Salary', '2020/1/8', 993, 0),
(29, 'Salary', '2021/9/20', 299, 0),
(30, 'Salary', '2022/9/19', 935, 1),
(31, 'Salary', '2023/1/20', 324, 1)
;

INSERT INTO EMPLOYEE(empl_id, empl_type, empl_fname, empl_lname, empl_sex, empl_salary, empl_reg_date) VALUES 
(1, 0, 'Allen', 'Parrish', 0, 10600, '2018/7/17'),
(2, 1, 'Alanna', 'Gould', 1, 6400, '2017/8/21'),
(3, 1, 'Clinton', 'Saunders', 0, 10400, '2017/7/19'),
(4, 0, 'Amaya', 'Barton', 1, 9600, '2019/8/21'),
(5, 1, 'Kelly', 'Wiley', 1, 19200, '2019/7/27'),
(6, 1, 'Gustavo', 'Monroe', 0, 10500, '2020/5/25'),
(7, 0, 'Layne', 'Graham', 0, 6400, '2018/2/16'),
(8, 0, 'Cara', 'Odom', 1, 1300, '2021/8/3'),
(9, 0, 'Caleb', 'Gilmore', 0, 10400, '2015/3/25'),
(10, 1, 'Nolan', 'Hodge', 0, 13500, '2017/1/7'),
(11, 1, 'Tony', 'Brennan', 0, 10500, '2017/3/26'),
(12, 0, 'Will', 'Jimenez', 0, 6200, '2019/1/21'),
(13, 0, 'Hassan', 'Patel', 0, 17700, '2020/7/2'),
(14, 1, 'Hannah', 'Randolph', 1, 6300, '2020/6/17'),
(15, 1, 'Tabitha', 'Barrett', 1, 6900, '2021/4/7'),
(16, 1, 'Shania', 'Burch', 1, 17200, '2015/1/20'),
(17, 0, 'Brooklyn', 'Rosales', 1, 16100, '2017/2/24'),
(18, 0, 'Calvin', 'Duncan', 0, 5500, '2018/6/10'),
(19, 1, 'Terrence', 'Mcknight', 0, 14800, '2022/9/23'),
(20, 0, 'Samuel', 'Ray', 0, 8800, '2021/5/4'),
(21, 1, 'Gracie', 'Burton', 1, 10500, '2019/9/7'),
(22, 0, 'Monique', 'Boyd', 1, 2600, '2020/9/12'),
(23, 0, 'Jean', 'Pitts', 0, 17800, '2021/6/9'),
(24, 0, 'Valentin', 'Lin', 0, 6500, '2017/4/21'),
(25, 1, 'Soren', 'Cruz', 0, 13800, '2020/7/8'),
(26, 1, 'Erica', 'Jensen', 1, 17700, '2016/8/8'),
(27, 1, 'Kristian', 'Anthony', 0, 6900, '2016/8/9'),
(28, 0, 'Nico', 'Foster', 0, 10700, '2020/6/23'),
(29, 1, 'Allisson', 'Dominguez', 1, 5100, '2019/4/20'),
(30, 1, 'Chaz', 'Jennings', 0, 2000, '2022/3/17'),
(31, 0, 'Leonardo', 'Harding', 0, 4700, '2015/7/28'),
(32, 0, 'Ashlee', 'Waller', 1, 7500, '2022/2/9'),
(33, 1, 'Parker', 'Harvey', 0, 17400, '2022/5/11'),
(34, 1, 'Marely', 'Hinton', 1, 7000, '2021/9/9'),
(35, 1, 'Gretchen', 'Blackwell', 1, 15000, '2018/1/12'),
(36, 0, 'Donald', 'Le', 0, 10900, '2016/7/5'),
(37, 0, 'Cason', 'Casey', 0, 10900, '2018/5/24'),
(38, 0, 'Kendal', 'Strong', 1, 5400, '2016/3/28'),
(39, 1, 'Porter', 'Cain', 0, 7600, '2016/6/13'),
(40, 0, 'Mina', 'Norris', 1, 17000, '2016/4/5'),
(41, 0, 'Jasmine', 'James', 1, 19600, '2020/2/19'),
(42, 0, 'Harper', 'Hendricks', 1, 1000, '2016/3/23'),
(43, 1, 'Cornelius', 'Harrison', 0, 13000, '2015/6/28'),
(44, 0, 'Rayne', 'Lara', 1, 2100, '2020/1/3'),
(45, 1, 'Leonard', 'Bautista', 0, 10900, '2016/4/24'),
(46, 1, 'Duncan', 'Sampson', 0, 13300, '2016/9/12'),
(47, 0, 'Kason', 'Dickson', 0, 14600, '2015/1/15'),
(48, 0, 'Janiya', 'Booth', 1, 2800, '2016/3/13'),
(49, 0, 'Jace', 'Ewing', 0, 15500, '2015/1/26'),
(50, 0, 'Caroline', 'Kane', 1, 7400, '2016/6/24'),
(51, 1, 'Leila', 'Lester', 1, 9600, '2016/4/11'),
(52, 0, 'Nickolas', 'Middleton', 0, 1100, '2018/2/18'),
(53, 0, 'Nylah', 'Henry', 1, 13300, '2020/6/27'),
(54, 1, 'Geovanni', 'Boyle', 0, 8300, '2016/9/8'),
(55, 0, 'Johnathon', 'Humphrey', 0, 3800, '2017/7/4'),
(56, 1, 'Brooke', 'Mclaughlin', 1, 10400, '2022/3/28'),
(57, 0, 'Emmett', 'Bailey', 0, 11400, '2015/2/5'),
(58, 0, 'Serena', 'Holmes', 1, 8000, '2018/1/2'),
(59, 1, 'Adriel', 'Scott', 0, 15200, '2015/7/22'),
(60, 0, 'Izabelle', 'Parks', 1, 12400, '2018/7/20'),
(61, 1, 'Arjun', 'Hughes', 0, 14400, '2021/2/28'),
(62, 1, 'Jackson', 'Hammond', 0, 12100, '2022/9/19'),
(63, 0, 'Lia', 'Zuniga', 1, 11400, '2021/4/15'),
(64, 0, 'Elena', 'Riggs', 1, 15500, '2022/9/23'),
(65, 1, 'Kaylyn', 'Combs', 1, 10300, '2022/7/27'),
(66, 0, 'Shayla', 'Keith', 1, 10500, '2019/8/24'),
(67, 1, 'Kendall', 'Lambert', 1, 9800, '2017/1/28'),
(68, 0, 'Asia', 'Salazar', 1, 14900, '2019/3/20'),
(69, 0, 'Cheyanne', 'Aguirre', 1, 2700, '2019/8/28'),
(70, 1, 'Ashleigh', 'Orozco', 1, 5700, '2021/8/6'),
(71, 1, 'Xzavier', 'Yu', 0, 15600, '2015/1/7'),
(72, 1, 'Guadalupe', 'Cortez', 1, 1700, '2019/3/15'),
(73, 1, 'Rachel', 'Collier', 1, 14000, '2020/4/10'),
(74, 1, 'Abel', 'Rush', 0, 18100, '2015/7/19'),
(75, 0, 'Jaiden', 'Deleon', 1, 12400, '2015/3/10'),
(76, 1, 'Arabella', 'Huffman', 1, 18600, '2016/4/12'),
(77, 1, 'Maryjane', 'Colon', 1, 1800, '2015/4/9'),
(78, 1, 'Nikolas', 'Eaton', 0, 6200, '2021/1/14'),
(79, 1, 'Tiffany', 'Duffy', 1, 11200, '2019/5/18'),
(80, 0, 'Josie', 'Vega', 1, 16700, '2016/7/5'),
(81, 1, 'Lexi', 'Hill', 1, 13100, '2018/9/17'),
(82, 1, 'Elian', 'Camacho', 0, 10800, '2017/2/25'),
(83, 1, 'Leilani', 'Smith', 1, 14500, '2020/2/17'),
(84, 1, 'Matilda', 'Baird', 1, 10600, '2022/7/26'),
(85, 0, 'Jasmin', 'Meadows', 1, 18700, '2021/2/10'),
(86, 1, 'Cassandra', 'Mcclure', 1, 16800, '2017/1/11'),
(87, 1, 'Sandra', 'Campbell', 1, 8200, '2020/9/21'),
(88, 1, 'Kolton', 'Frye', 0, 11300, '2020/1/9'),
(89, 0, 'Harley', 'Noble', 1, 11400, '2020/6/7'),
(90, 0, 'Celia', 'Sims', 1, 15500, '2019/1/16'),
(91, 1, 'Cayden', 'Singh', 0, 11000, '2021/5/22'),
(92, 1, 'Jaida', 'Esparza', 1, 1100, '2018/4/25'),
(93, 1, 'Deshawn', 'Austin', 0, 16400, '2021/8/2'),
(94, 0, 'Cruz', 'Rocha', 0, 15200, '2015/8/23'),
(95, 0, 'Mariela', 'Randall', 1, 18400, '2017/8/19'),
(96, 1, 'Jessica', 'Friedman', 1, 19600, '2017/7/13'),
(97, 1, 'Rishi', 'Mcgrath', 0, 6400, '2017/7/3'),
(98, 1, 'Kyle', 'Curtis', 0, 9100, '2021/2/26'),
(99, 0, 'Macie', 'Landry', 1, 11500, '2022/1/21'),
(100, 1, 'Dallas', 'Schaefer', 0, 8200, '2019/6/21')
;

INSERT INTO STAFF(empl_id) VALUES 
(1),
(2),
(4),
(6),
(7),
(8),
(11),
(12),
(14),
(15),
(18),
(20),
(21),
(22),
(24),
(27),
(28),
(29),
(30),
(31),
(32),
(34),
(36),
(38),
(39),
(42),
(44),
(48),
(50),
(51),
(52),
(54),
(55),
(56),
(58),
(66),
(67),
(69),
(70),
(72),
(77),
(78),
(82),
(84),
(87),
(92),
(97),
(98),
(100)
;

INSERT INTO ADMIN_STAFF(empl_id) VALUES 
(3),
(5),
(9),
(10),
(13),
(16),
(17),
(19),
(23),
(25),
(26),
(33),
(35),
(37),
(40),
(41),
(43),
(45),
(46),
(47),
(49),
(53),
(57),
(59),
(60),
(61),
(62),
(63),
(64),
(65),
(68),
(71),
(73),
(74),
(75),
(76),
(79),
(80),
(81),
(83),
(85),
(86),
(88),
(89),
(90),
(91),
(93),
(94),
(95),
(96),
(99),
;

INSERT INTO COURSE(cour_id, cour_name, cour_credit, cour_type, cour_faculty, cour_department) VALUES 
("BIL113",	30),
("BIL121",	40),
("BIL132",	30),
("BIL141",	40),
("BIL142",	50),
("BIL191",	30),
("BIL211",	30),
("ELE101",	30),
("FIZ101",	50),
("FIZ102",	50),
("HUK115",	20),
("IDE100",	20),
("IDE103",	20),
("IDE104",	20),
("IDE105",	20),
("IDE108",	20),
("IDE110",	20),
("IKT105",	50),
("IKT110",	20),
("ING001",	50),
("ING002",	50),
("ISL113",	20),
("MAK104",	30),
("MAK112",	30),
("MAT101",	50),
("MAT102",	50),
("MAT103",	50),
("MAT104",	20),
("OEG101",	50),
("SUI101",	20),
("SUI102",	20),
("SUI105",	20),
("SUI106",	20),
("SUI108",	20),
("SUI114",	20),
("TAR113",	20),
("TAR131",	20),
("TAR141",	20),
("TAR146",	20),
("TAR191",	20),
("TAR192",	20),
("TDE111",	20),
("TDE121",	20),
("TDE131",	20),
("TDE143",	20),
("TUR101",	50),
("TUR102",	50);

INSERT INTO EMPLOYEE(empl_id, empl_type, empl_fname, empl_lname, empl_sex, empl_salary, empl_reg_date) VALUES 
(10101, 0, 'Ross', 'Buckley', 0, 29400, '2018/4/21'),
(10102, 0, 'Sofia', 'Avery', 1, 21900, '2018/6/27'),
(10103, 0, 'Halle', 'Merritt', 1, 20500, '2018/1/15'),
(10104, 0, 'Jolie', 'Bolton', 1, 27700, '2021/1/13'),
(10201, 1, 'Micheal', 'Reynolds', 0, 25700, '2016/7/21'),
(10202, 0, 'Urijah', 'Clayton', 0, 29600, '2017/5/20'),
(10301, 0, 'Paola', 'Dennis', 1, 21700, '2018/1/23'),
(10302, 1, 'Felicity', 'Gentry', 1, 28000, '2020/3/6'),
(20101, 0, 'Briana', 'Johnson', 1, 23400, '2018/1/4'),
(20102, 1, 'Colin', 'Coffey', 0, 25700, '2022/6/12'),
(20103, 1, 'Annabel', 'Velez', 1, 20800, '2021/5/4'),
(20201, 0, 'Kara', 'Carter', 1, 25400, '2022/8/26'),
(20202, 1, 'Casey', 'Morris', 1, 24700, '2019/2/1'),
(20203, 1, 'Liberty', 'Acevedo', 1, 26000, '2022/2/5'),
(20204, 1, 'Matthew', 'Gross', 0, 28700, '2018/3/20'),
(30101, 0, 'Nikolai', 'Martinez', 0, 29000, '2017/8/8'),
(30201, 1, 'Vivian', 'Skinner', 1, 29300, '2021/4/15'),
(30202, 1, 'Tess', 'Grant', 1, 22100, '2015/8/11'),
(30301, 0, 'Damarion', 'Pennington', 0, 21400, '2018/4/6'),
(30302, 1, 'Hillary', 'Bell', 1, 23500, '2019/5/16'),
(30303, 1, 'Xander', 'Beltran', 0, 26900, '2019/7/22'),
(30304, 0, 'Melanie', 'Huang', 1, 28500, '2019/9/19')
;
INSERT INTO INSTRUCTOR(empl_id) VALUES
(10101),
(10102),
(10103),
(10104),
(10201),
(10202),
(10301),
(10302),
(20101),
(20102),
(20103),
(20201),
(20202),
(20203),
(20204),
(30101),
(30201),
(30202),
(30301),
(30302),
(30303),
(30304)
;