INSERT INTO STUDENT(stud_id, stud_fname, stud_lname, stud_birth_date, stud_sex, stud_reg_date, stud_gpa, stud_email, stud_number) VALUES 
(21030101, 'Tatiana', 'Lewis', '2003/12/9', 1, '2021/8/4', 0.84, 'Tatiana.Lewis@etu.edu.tr', '05794786151'),
(21030201, 'Landyn', 'Giles', '2001/4/3', 0, '2021/9/5', 0.46, 'Landyn.Giles@etu.edu.tr', '05400007139'),
(19010201, 'Lizbeth', 'Fritz', '1999/4/22', 1, '2019/1/22', 0.02, 'Lizbeth.Fritz@etu.edu.tr', '05259761933'),
(19030201, 'Andre', 'Bond', '1997/12/5', 0, '2019/5/8', 3.07, 'Andre.Bond@etu.edu.tr', '05779661530'),
(22020101, 'Carolina', 'Farrell', '2002/11/21', 1, '2022/8/23', 1.74, 'Carolina.Farrell@etu.edu.tr', '05103285580'),
(22030301, 'Eli', 'Soto', '2003/8/27', 0, '2022/5/8', 1.88, 'Eli.Soto@etu.edu.tr', '05684423651'),
(20010101, 'Cristopher', 'Washington', '2001/8/12', 0, '2020/5/16', 0.91, 'Cristopher.Washington@etu.edu.tr', '05019897362'),
(19030202, 'Malia', 'Krueger', '2000/7/21', 1, '2019/6/9', 2.84, 'Malia.Krueger@etu.edu.tr', '05370580835'),
(20030101, 'Litzy', 'David', '1998/7/25', 1, '2020/3/8', 3.67, 'Litzy.David@etu.edu.tr', '05613255952'),
(20010102, 'Alvaro', 'Davenport', '2001/8/27', 0, '2020/4/18', 0.89, 'Alvaro.Davenport@etu.edu.tr', '05472136828'),
(22020201, 'Alessandra', 'Wolfe', '2000/6/5', 1, '2022/2/1', 1.16, 'Alessandra.Wolfe@etu.edu.tr', '05308671783'),
(19010301, 'Dominic', 'Mooney', '1997/8/25', 0, '2019/3/7', 3.35, 'Dominic.Mooney@etu.edu.tr', '05453339639'),
(21030301, 'Ishaan', 'Rubio', '2002/3/8', 0, '2021/1/8', 3.20, 'Ishaan.Rubio@etu.edu.tr', '05031094888'),
(18010101, 'Armani', 'Mccormick', '1997/8/12', 1, '2018/5/21', 2.97, 'Armani.Mccormick@etu.edu.tr', '05761069426'),
(19010302, 'Janae', 'Knapp', '1999/8/12', 1, '2019/7/1', 1.28, 'Janae.Knapp@etu.edu.tr', '05787023105'),
(22020202, 'Agustin', 'Lowe', '2002/6/7', 0, '2022/7/8', 0.27, 'Agustin.Lowe@etu.edu.tr', '05638847866'),
(21020301, 'Alisa', 'Oneill', '1999/2/9', 1, '2021/9/5', 1.19, 'Alisa.Oneill@etu.edu.tr', '05745781249'),
(19010303, 'Tatum', 'Barker', '2000/2/7', 1, '2019/7/17', 2.07, 'Tatum.Barker@etu.edu.tr', '05951636094'),
(20030102, 'Sawyer', 'Mann', '1999/3/1', 0, '2020/9/7', 1.46, 'Sawyer.Mann@etu.edu.tr', '05852166879'),
(19030301, 'Leanna', 'Galvan', '2000/2/15', 1, '2019/1/5', 3.09, 'Leanna.Galvan@etu.edu.tr', '05666631265'),
(20020201, 'Carleigh', 'Carroll', '2000/6/24', 1, '2020/7/22', 0.33, 'Carleigh.Carroll@etu.edu.tr', '05542162591'),
(21010301, 'Zechariah', 'Ortega', '2003/11/23', 0, '2021/8/9', 3.90, 'Zechariah.Ortega@etu.edu.tr', '05879317488'),
(20020301, 'Julien', 'Nielsen', '1999/6/5', 0, '2020/2/6', 0.15, 'Julien.Nielsen@etu.edu.tr', '05469480378'),
(18010102, 'Ashlyn', 'Flowers', '1996/9/21', 1, '2018/8/1', 3.17, 'Ashlyn.Flowers@etu.edu.tr', '05079366076'),
(18020101, 'Drew', 'Chase', '1997/11/2', 0, '2018/6/16', 1.26, 'Drew.Chase@etu.edu.tr', '05965073803'),
(21020101, 'Diamond', 'Navarro', '1999/12/18', 1, '2021/3/18', 0.07, 'Diamond.Navarro@etu.edu.tr', '05360609965'),
(19010202, 'Aaliyah', 'Beard', '1997/11/7', 1, '2019/2/21', 2.86, 'Aaliyah.Beard@etu.edu.tr', '05013144857'),
(22020102, 'Jordan', 'Lucero', '2001/12/28', 0, '2022/6/4', 2.55, 'Jordan.Lucero@etu.edu.tr', '05126590823'),
(21010302, 'Finnegan', 'Tucker', '2003/3/14', 0, '2021/4/3', 2.15, 'Finnegan.Tucker@etu.edu.tr', '05156685930'),
(18010201, 'Kymani', 'Ruiz', '1997/9/3', 0, '2018/3/17', 0.15, 'Kymani.Ruiz@etu.edu.tr', '05602784115'),
(22020301, 'Dillan', 'Montoya', '2002/1/22', 0, '2022/6/19', 3.42, 'Dillan.Montoya@etu.edu.tr', '05545632078'),
(20030301, 'Miley', 'Dixon', '1998/5/15', 1, '2020/2/11', 2.68, 'Miley.Dixon@etu.edu.tr', '05852754925'),
(21030202, 'Heidi', 'Baldwin', '2001/11/25', 1, '2021/5/20', 3.07, 'Heidi.Baldwin@etu.edu.tr', '05451074714'),
(21010201, 'Sadie', 'Abbott', '1999/3/1', 1, '2021/1/14', 3.14, 'Sadie.Abbott@etu.edu.tr', '05692573711'),
(21010202, 'Erin', 'Lutz', '2003/10/5', 1, '2021/4/3', 2.58, 'Erin.Lutz@etu.edu.tr', '05730604502'),
(22030101, 'Tyree', 'Turner', '2003/12/20', 0, '2022/8/22', 2.93, 'Tyree.Turner@etu.edu.tr', '05858877617'),
(18010301, 'Karly', 'Park', '2000/4/8', 1, '2018/3/14', 1.73, 'Karly.Park@etu.edu.tr', '05752390104'),
(21010203, 'Liana', 'Cline', '2000/1/11', 1, '2021/2/5', 1.14, 'Liana.Cline@etu.edu.tr', '05935104691'),
(22020302, 'Dante', 'Caldwell', '2002/4/26', 0, '2022/6/20', 1.79, 'Dante.Caldwell@etu.edu.tr', '05158446304'),
(19010101, 'Waylon', 'Owen', '1997/7/25', 0, '2019/7/7', 1.32, 'Waylon.Owen@etu.edu.tr', '05946300299'),
(21030102, 'Vicente', 'Sexton', '2002/7/20', 0, '2021/6/11', 1.27, 'Vicente.Sexton@etu.edu.tr', '05117719795'),
(22020203, 'Clay', 'Ferrell', '2002/11/2', 0, '2022/3/7', 2.66, 'Clay.Ferrell@etu.edu.tr', '05079184795'),
(18020201, 'Damion', 'Huff', '1999/6/17', 0, '2018/4/1', 3.47, 'Damion.Huff@etu.edu.tr', '05231432295'),
(21020201, 'Cindy', 'Tapia', '2002/7/23', 1, '2021/6/22', 0.79, 'Cindy.Tapia@etu.edu.tr', '05345258231'),
(20010301, 'Braxton', 'Henderson', '2000/9/1', 0, '2020/4/12', 0.78, 'Braxton.Henderson@etu.edu.tr', '05865690146'),
(20020101, 'Anaya', 'Peck', '2002/1/24', 1, '2020/3/20', 3.50, 'Anaya.Peck@etu.edu.tr', '05136467123'),
(18020102, 'Gianna', 'Prince', '1997/1/21', 1, '2018/6/26', 3.42, 'Gianna.Prince@etu.edu.tr', '05707240467'),
(20030201, 'Kiara', 'Arroyo', '2001/4/9', 1, '2020/4/28', 1.41, 'Kiara.Arroyo@etu.edu.tr', '05171453761'),
(18020202, 'Lilly', 'Mullins', '2000/8/8', 1, '2018/7/24', 1.74, 'Lilly.Mullins@etu.edu.tr', '05310996036'),
(22010201, 'Makena', 'Mason', '2003/7/14', 1, '2022/3/12', 3.56, 'Makena.Mason@etu.edu.tr', '05985934055'),
(21010101, 'Francesca', 'Lloyd', '2002/12/2', 1, '2021/3/21', 1.21, 'Francesca.Lloyd@etu.edu.tr', '05695468295'),
(20020102, 'Laura', 'Woodward', '2001/4/2', 1, '2020/3/17', 2.43, 'Laura.Woodward@etu.edu.tr', '05695749194'),
(22030201, 'Aron', 'Fisher', '2002/8/17', 0, '2022/4/2', 3.24, 'Aron.Fisher@etu.edu.tr', '05923546141'),
(20010201, 'Frederick', 'Acosta', '1998/5/6', 0, '2020/9/27', 2.03, 'Frederick.Acosta@etu.edu.tr', '05574796854'),
(19020101, 'Mariam', 'Bray', '1999/1/9', 1, '2019/8/13', 0.76, 'Mariam.Bray@etu.edu.tr', '05689879818'),
(21030203, 'Javion', 'Barry', '2003/2/25', 0, '2021/2/21', 1.22, 'Javion.Barry@etu.edu.tr', '05162519111'),
(21030302, 'Mohammed', 'Chang', '2003/2/7', 0, '2021/9/1', 0.76, 'Mohammed.Chang@etu.edu.tr', '05863344880'),
(21010303, 'Conner', 'Simpson', '2003/9/2', 0, '2021/2/20', 2.82, 'Conner.Simpson@etu.edu.tr', '05646648628'),
(21010304, 'Kayla', 'Harmon', '2003/4/14', 1, '2021/3/28', 1.56, 'Kayla.Harmon@etu.edu.tr', '05282469570'),
(21010305, 'Nathaniel', 'Thompson', '2003/1/3', 0, '2021/8/21', 3.17, 'Nathaniel.Thompson@etu.edu.tr', '05475558497'),
(20030103, 'Alice', 'Rose', '2002/7/17', 1, '2020/1/10', 1.60, 'Alice.Rose@etu.edu.tr', '05101137921'),
(20030104, 'Genesis', 'Curry', '2001/7/16', 1, '2020/5/9', 3.09, 'Genesis.Curry@etu.edu.tr', '05767350866'),
(18030101, 'Cynthia', 'Adams', '1999/3/4', 1, '2018/8/7', 2.63, 'Cynthia.Adams@etu.edu.tr', '05461801807'),
(19030302, 'Yoselin', 'Leon', '1997/2/20', 1, '2019/6/13', 3.88, 'Yoselin.Leon@etu.edu.tr', '05162986543'),
(20020302, 'Cristofer', 'Moss', '1998/6/3', 0, '2020/3/10', 2.17, 'Cristofer.Moss@etu.edu.tr', '05861947948'),
(22030202, 'Paxton', 'Ballard', '2002/6/21', 0, '2022/5/11', 2.19, 'Paxton.Ballard@etu.edu.tr', '05331257911'),
(20030105, 'Hezekiah', 'Solomon', '2002/11/9', 0, '2020/6/1', 3.08, 'Hezekiah.Solomon@etu.edu.tr', '05662070198'),
(20030302, 'Deven', 'Kirby', '1999/10/16', 0, '2020/7/16', 1.61, 'Deven.Kirby@etu.edu.tr', '05439416205'),
(22010301, 'Jesse', 'Weaver', '2001/8/10', 0, '2022/3/11', 2.49, 'Jesse.Weaver@etu.edu.tr', '05288305666'),
(22030203, 'Iyana', 'Cooley', '2004/5/12', 1, '2022/7/10', 2.15, 'Iyana.Cooley@etu.edu.tr', '05626479064'),
(21020202, 'Lyla', 'Kent', '2002/9/6', 1, '2021/9/7', 3.29, 'Lyla.Kent@etu.edu.tr', '05579762252'),
(18020301, 'Albert', 'Gibbs', '2000/6/25', 0, '2018/6/17', 2.00, 'Albert.Gibbs@etu.edu.tr', '05977705338'),
(20010103, 'Vincent', 'Wise', '1998/1/19', 0, '2020/9/19', 0.43, 'Vincent.Wise@etu.edu.tr', '05370518122'),
(22020303, 'Naima', 'Salas', '2004/3/10', 1, '2022/5/7', 3.91, 'Naima.Salas@etu.edu.tr', '05799490608'),
(22020103, 'Autumn', 'Schmitt', '2000/11/4', 1, '2022/2/4', 1.40, 'Autumn.Schmitt@etu.edu.tr', '05723207631'),
(18030102, 'Jaylah', 'Mahoney', '1999/2/26', 1, '2018/6/17', 2.19, 'Jaylah.Mahoney@etu.edu.tr', '05876258575'),
(18020203, 'Amiah', 'Forbes', '1996/4/26', 1, '2018/4/14', 2.29, 'Amiah.Forbes@etu.edu.tr', '05607506392'),
(18030301, 'Gael', 'Bates', '1997/11/9', 0, '2018/6/26', 2.19, 'Gael.Bates@etu.edu.tr', '05170037338'),
(19010304, 'Norah', 'Montes', '2001/1/7', 1, '2019/4/26', 0.20, 'Norah.Montes@etu.edu.tr', '05745686390'),
(19010203, 'Eliana', 'Warren', '2000/4/21', 1, '2019/4/5', 2.31, 'Eliana.Warren@etu.edu.tr', '05712269929'),
(20020103, 'Diego', 'Palmer', '1999/8/2', 0, '2020/5/22', 1.97, 'Diego.Palmer@etu.edu.tr', '05786006838'),
(19030203, 'Joaquin', 'Poole', '2000/3/17', 0, '2019/5/17', 1.16, 'Joaquin.Poole@etu.edu.tr', '05971418133'),
(19010305, 'Ayaan', 'Herring', '2001/8/13', 0, '2019/1/11', 2.36, 'Ayaan.Herring@etu.edu.tr', '05649200072'),
(20020303, 'Riley', 'Pierce', '1998/4/7', 1, '2020/2/18', 2.08, 'Riley.Pierce@etu.edu.tr', '05826066166'),
(20010202, 'Diana', 'Solis', '1999/12/13', 1, '2020/8/6', 1.88, 'Diana.Solis@etu.edu.tr', '05722390692'),
(21010306, 'Helena', 'Mccarty', '1999/10/25', 1, '2021/4/18', 2.82, 'Helena.Mccarty@etu.edu.tr', '05699959831'),
(21020102, 'Joe', 'Howell', '2002/6/23', 0, '2021/2/19', 1.20, 'Joe.Howell@etu.edu.tr', '05842725181'),
(18020103, 'Nelson', 'Mcclain', '2000/10/18', 0, '2018/3/8', 0.38, 'Nelson.Mcclain@etu.edu.tr', '05206683295'),
(22030302, 'Zara', 'Wells', '2000/11/25', 1, '2022/2/7', 1.83, 'Zara.Wells@etu.edu.tr', '05840838228'),
(19020201, 'Chloe', 'Horn', '2000/6/4', 1, '2019/1/8', 2.57, 'Chloe.Horn@etu.edu.tr', '05220259836'),
(21020203, 'Jorden', 'Walsh', '2002/10/23', 0, '2021/2/19', 0.14, 'Jorden.Walsh@etu.edu.tr', '05049303822'),
(22020304, 'Omar', 'Trujillo', '2000/11/13', 0, '2022/9/6', 2.58, 'Omar.Trujillo@etu.edu.tr', '05164910276'),
(19030101, 'Zackery', 'Madden', '1998/12/7', 0, '2019/1/4', 1.99, 'Zackery.Madden@etu.edu.tr', '05126200588'),
(18030201, 'Deacon', 'Rivas', '1997/1/3', 0, '2018/1/17', 0.20, 'Deacon.Rivas@etu.edu.tr', '05564037906'),
(21010204, 'Miles', 'Cannon', '1999/4/2', 0, '2021/4/14', 1.90, 'Miles.Cannon@etu.edu.tr', '05205044565'),
(21010307, 'Melina', 'Drake', '2002/11/19', 1, '2021/7/4', 3.21, 'Melina.Drake@etu.edu.tr', '05897018321'),
(20020202, 'Blaine', 'Salinas', '2000/8/20', 0, '2020/7/12', 0.13, 'Blaine.Salinas@etu.edu.tr', '05603473913'),
(18010302, 'Hunter', 'Moore', '1996/9/15', 0, '2018/9/6', 2.37, 'Hunter.Moore@etu.edu.tr', '05805336821'),
(20030303, 'Macey', 'Christian', '2000/11/27', 1, '2020/4/4', 1.33, 'Macey.Christian@etu.edu.tr', '05763316828'),
(18020302, 'Aldo', 'Andrews', '1998/9/1', 0, '2018/4/7', 1.67, 'Aldo.Andrews@etu.edu.tr', '05096733625'),
(20020304, 'Jason', 'Greer', '2002/8/14', 0, '2020/4/19', 1.00, 'Jason.Greer@etu.edu.tr', '05911176695'),
(22030102, 'Giuliana', 'Weiss', '2003/7/20', 1, '2022/9/10', 1.33, 'Giuliana.Weiss@etu.edu.tr', '05583075443'),
(19020301, 'Aydin', 'Marsh', '2000/10/1', 0, '2019/9/14', 3.98, 'Aydin.Marsh@etu.edu.tr', '05634470265'),
(19020102, 'Darius', 'Cabrera', '1997/10/17', 0, '2019/6/21', 0.27, 'Darius.Cabrera@etu.edu.tr', '05320033957'),
(22020104, 'Aleena', 'Price', '2003/5/22', 1, '2022/9/10', 0.67, 'Aleena.Price@etu.edu.tr', '05727819833'),
(21020204, 'Britney', 'Gonzalez', '2001/3/10', 1, '2021/6/10', 2.68, 'Britney.Gonzalez@etu.edu.tr', '05669462521'),
(22010302, 'Marley', 'Berg', '2003/2/12', 0, '2022/7/25', 3.80, 'Marley.Berg@etu.edu.tr', '05032275921'),
(18020303, 'Saniya', 'Nunez', '1999/8/25', 1, '2018/7/4', 1.01, 'Saniya.Nunez@etu.edu.tr', '05923148760'),
(22030303, 'Terry', 'Walker', '2003/4/19', 0, '2022/8/3', 1.33, 'Terry.Walker@etu.edu.tr', '05160420304'),
(18030302, 'Tristan', 'Leach', '1999/3/2', 0, '2018/5/3', 1.37, 'Tristan.Leach@etu.edu.tr', '05696532712'),
(19010204, 'Sylvia', 'Herman', '1999/7/27', 1, '2019/9/2', 3.32, 'Sylvia.Herman@etu.edu.tr', '05060102797'),
(18010303, 'Braeden', 'Erickson', '1999/10/28', 0, '2018/2/15', 3.51, 'Braeden.Erickson@etu.edu.tr', '05536266782'),
(18030303, 'Gage', 'Shannon', '1997/6/26', 0, '2018/4/28', 2.07, 'Gage.Shannon@etu.edu.tr', '05448159942'),
(20020104, 'Kaya', 'Wong', '2002/12/12', 1, '2020/6/14', 1.89, 'Kaya.Wong@etu.edu.tr', '05514052203'),
(20020105, 'Tyler', 'Burns', '1999/1/12', 0, '2020/3/23', 2.43, 'Tyler.Burns@etu.edu.tr', '05458206327'),
(18030304, 'Ronan', 'Stokes', '1999/7/19', 0, '2018/8/8', 3.57, 'Ronan.Stokes@etu.edu.tr', '05029053598'),
(20020305, 'Gauge', 'Jordan', '1998/7/22', 0, '2020/2/7', 3.61, 'Gauge.Jordan@etu.edu.tr', '05208696146'),
(19030102, 'Sophia', 'Fowler', '2000/1/19', 1, '2019/6/24', 2.53, 'Sophia.Fowler@etu.edu.tr', '05218681837'),
(19030303, 'Callum', 'Brewer', '1997/2/18', 0, '2019/6/19', 1.56, 'Callum.Brewer@etu.edu.tr', '05925221515'),
(21030303, 'Averie', 'Dudley', '2002/1/7', 1, '2021/9/5', 0.95, 'Averie.Dudley@etu.edu.tr', '05140745327'),
(22030304, 'Nasir', 'Frazier', '2001/5/10', 0, '2022/2/11', 0.00, 'Nasir.Frazier@etu.edu.tr', '05758430671'),
(22030305, 'Brynlee', 'Floyd', '2000/6/13', 1, '2022/6/10', 0.35, 'Brynlee.Floyd@etu.edu.tr', '05948789172'),
(18030103, 'Addison', 'Costa', '1998/2/17', 0, '2018/2/17', 0.75, 'Addison.Costa@etu.edu.tr', '05660267561'),
(18010103, 'Amber', 'Mejia', '1996/7/23', 1, '2018/9/13', 1.10, 'Amber.Mejia@etu.edu.tr', '05546491021'),
(20020306, 'London', 'Terrell', '2000/3/9', 1, '2020/9/15', 1.68, 'London.Terrell@etu.edu.tr', '05118549568'),
(19010306, 'Zachery', 'Lyons', '1998/3/23', 0, '2019/7/14', 3.99, 'Zachery.Lyons@etu.edu.tr', '05828705335'),
(19030204, 'Lilyana', 'Bryant', '2000/4/9', 1, '2019/3/15', 3.30, 'Lilyana.Bryant@etu.edu.tr', '05707721281'),
(19030103, 'Melissa', 'Miranda', '1997/9/9', 1, '2019/2/18', 3.57, 'Melissa.Miranda@etu.edu.tr', '05745072406'),
(18010104, 'Aidan', 'Goodwin', '1997/10/21', 0, '2018/6/26', 1.10, 'Aidan.Goodwin@etu.edu.tr', '05513639043'),
(22010303, 'Kenya', 'Owens', '2003/6/18', 1, '2022/2/3', 0.81, 'Kenya.Owens@etu.edu.tr', '05697191493'),
(20010104, 'Odin', 'Oconnell', '1998/11/25', 0, '2020/5/24', 2.70, 'Odin.Oconnell@etu.edu.tr', '05262497290'),
(22010101, 'Ada', 'Newman', '2002/2/11', 1, '2022/8/21', 0.22, 'Ada.Newman@etu.edu.tr', '05457458764'),
(18020204, 'Kimora', 'Potts', '1996/1/20', 1, '2018/4/4', 3.53, 'Kimora.Potts@etu.edu.tr', '05755072471'),
(20020106, 'Raina', 'Mosley', '2001/1/11', 1, '2020/6/10', 1.03, 'Raina.Mosley@etu.edu.tr', '05104041915'),
(20020107, 'Kyler', 'Williams', '2001/12/19', 0, '2020/5/25', 0.74, 'Kyler.Williams@etu.edu.tr', '05070234902'),
(21030204, 'Angela', 'Dougherty', '2000/7/23', 1, '2021/2/28', 2.48, 'Angela.Dougherty@etu.edu.tr', '05352989195'),
(20010105, 'Beau', 'Brandt', '1999/6/2', 0, '2020/3/25', 2.32, 'Beau.Brandt@etu.edu.tr', '05561178644'),
(21020103, 'Rylan', 'Lopez', '2001/9/8', 0, '2021/4/5', 0.05, 'Rylan.Lopez@etu.edu.tr', '05739114191'),
(22020305, 'Ethen', 'Andrade', '2003/1/22', 0, '2022/2/26', 2.98, 'Ethen.Andrade@etu.edu.tr', '05052474237'),
(20020108, 'Mathias', 'Gaines', '2001/4/14', 0, '2020/3/13', 0.76, 'Mathias.Gaines@etu.edu.tr', '05673960897'),
(22030306, 'Khloe', 'Morse', '2000/8/25', 1, '2022/2/23', 3.32, 'Khloe.Morse@etu.edu.tr', '05999229852'),
(18010304, 'Rashad', 'Mcdonald', '1999/2/23', 0, '2018/3/26', 2.84, 'Rashad.Mcdonald@etu.edu.tr', '05848856418'),
(21030103, 'Sarahi', 'Norman', '2000/12/4', 1, '2021/2/25', 3.14, 'Sarahi.Norman@etu.edu.tr', '05496581625'),
(19020302, 'Savanah', 'Morton', '1997/7/1', 1, '2019/2/2', 0.65, 'Savanah.Morton@etu.edu.tr', '05431990441'),
(21010205, 'Faith', 'Garcia', '2003/10/23', 1, '2021/3/28', 2.63, 'Faith.Garcia@etu.edu.tr', '05481395882'),
(18010105, 'Carmelo', 'Hanna', '1997/4/15', 0, '2018/6/13', 1.26, 'Carmelo.Hanna@etu.edu.tr', '05395614530'),
(20020307, 'Blaze', 'Butler', '2001/8/9', 0, '2020/2/15', 1.14, 'Blaze.Butler@etu.edu.tr', '05566011857'),
(21030205, 'Iliana', 'Branch', '2000/8/22', 1, '2021/6/25', 2.92, 'Iliana.Branch@etu.edu.tr', '05844405263'),
(22030103, 'Shawn', 'Crosby', '2004/8/21', 0, '2022/7/21', 2.56, 'Shawn.Crosby@etu.edu.tr', '05654960349'),
(21010102, 'Colten', 'Kennedy', '2002/8/21', 0, '2021/3/22', 2.81, 'Colten.Kennedy@etu.edu.tr', '05143439295'),
(22020204, 'Nyasia', 'Hays', '2004/6/11', 1, '2022/6/12', 2.28, 'Nyasia.Hays@etu.edu.tr', '05406204557'),
(21030304, 'Jalen', 'Gordon', '2000/3/9', 0, '2021/3/24', 1.38, 'Jalen.Gordon@etu.edu.tr', '05564387683'),
(20030202, 'Jazmin', 'Stanley', '1998/12/7', 1, '2020/8/26', 1.63, 'Jazmin.Stanley@etu.edu.tr', '05620732028'),
(21020205, 'Bridget', 'Hoffman', '2002/6/14', 1, '2021/9/28', 1.12, 'Bridget.Hoffman@etu.edu.tr', '05776690586'),
(22010202, 'Jaylin', 'Nelson', '2001/1/3', 0, '2022/7/14', 0.83, 'Jaylin.Nelson@etu.edu.tr', '05315621572'),
(20030106, 'Andrea', 'Wright', '1998/8/15', 1, '2020/6/17', 3.99, 'Andrea.Wright@etu.edu.tr', '05554030544'),
(21020206, 'Cory', 'Kelly', '2000/10/24', 0, '2021/1/28', 2.69, 'Cory.Kelly@etu.edu.tr', '05018149937'),
(20010106, 'Yandel', 'Blair', '1999/4/8', 0, '2020/7/23', 3.49, 'Yandel.Blair@etu.edu.tr', '05860873952'),
(18020205, 'Samson', 'Molina', '1996/2/6', 0, '2018/3/20', 2.14, 'Samson.Molina@etu.edu.tr', '05435760845'),
(19010205, 'Karla', 'Alvarez', '1998/9/24', 1, '2019/3/22', 3.93, 'Karla.Alvarez@etu.edu.tr', '05368745414'),
(18020206, 'Carlee', 'Higgins', '1998/12/12', 1, '2018/8/17', 0.82, 'Carlee.Higgins@etu.edu.tr', '05193696898'),
(19010307, 'Glenn', 'Hensley', '1999/4/18', 0, '2019/7/11', 1.74, 'Glenn.Hensley@etu.edu.tr', '05811565587'),
(20010107, 'Braylon', 'Swanson', '2001/10/19', 0, '2020/7/11', 3.50, 'Braylon.Swanson@etu.edu.tr', '05280792904'),
(22030204, 'Abril', 'Mccall', '2003/2/18', 1, '2022/4/14', 1.09, 'Abril.Mccall@etu.edu.tr', '05289567781'),
(19010308, 'Evan', 'Simmons', '2001/12/15', 0, '2019/9/15', 0.70, 'Evan.Simmons@etu.edu.tr', '05148743592'),
(18030305, 'Abbigail', 'Mckay', '1997/2/18', 1, '2018/4/1', 1.50, 'Abbigail.Mckay@etu.edu.tr', '05310385350'),
(22020105, 'Natalee', 'Rowland', '2004/10/11', 1, '2022/8/12', 1.15, 'Natalee.Rowland@etu.edu.tr', '05500514444'),
(22030104, 'Cortez', 'Cowan', '2000/2/20', 0, '2022/9/26', 3.50, 'Cortez.Cowan@etu.edu.tr', '05326841295'),
(22010102, 'Irvin', 'Sellers', '2003/3/7', 0, '2022/7/13', 1.29, 'Irvin.Sellers@etu.edu.tr', '05455189838'),
(19030205, 'Alexandria', 'Pollard', '2000/10/22', 1, '2019/5/1', 3.11, 'Alexandria.Pollard@etu.edu.tr', '05681237101'),
(19020202, 'Brenna', 'Waters', '1999/9/7', 1, '2019/8/26', 1.55, 'Brenna.Waters@etu.edu.tr', '05355176277'),
(22030105, 'August', 'Key', '2004/11/8', 0, '2022/2/24', 3.51, 'August.Key@etu.edu.tr', '05751941811'),
(21030206, 'Logan', 'Johnston', '2000/4/18', 1, '2021/1/5', 2.05, 'Logan.Johnston@etu.edu.tr', '05330345465'),
(22020205, 'Annabelle', 'Fox', '2000/12/6', 1, '2022/9/21', 1.22, 'Annabelle.Fox@etu.edu.tr', '05038062659'),
(18030202, 'Kristen', 'Rodgers', '1999/5/7', 1, '2018/9/21', 1.29, 'Kristen.Rodgers@etu.edu.tr', '05666534243'),
(21030207, 'Adrian', 'Lawrence', '2002/1/14', 0, '2021/6/3', 0.02, 'Adrian.Lawrence@etu.edu.tr', '05544659281'),
(18020104, 'Neil', 'Kelley', '1996/2/25', 0, '2018/4/8', 3.68, 'Neil.Kelley@etu.edu.tr', '05531466863'),
(21020207, 'Ralph', 'Marks', '2002/9/15', 0, '2021/7/24', 2.80, 'Ralph.Marks@etu.edu.tr', '05227205971'),
(18010202, 'Isai', 'Vaughn', '2000/8/7', 0, '2018/1/18', 1.90, 'Isai.Vaughn@etu.edu.tr', '05542817731'),
(19010206, 'Yamilet', 'Dean', '2001/7/11', 1, '2019/6/12', 0.42, 'Yamilet.Dean@etu.edu.tr', '05962650704'),
(21030208, 'Nash', 'Brock', '2003/11/21', 0, '2021/4/19', 3.07, 'Nash.Brock@etu.edu.tr', '05515291261'),
(19010102, 'Isis', 'Bradley', '2001/7/22', 1, '2019/1/17', 3.47, 'Isis.Bradley@etu.edu.tr', '05611897592'),
(20030304, 'Bryce', 'Guerrero', '2001/9/1', 0, '2020/1/16', 3.15, 'Bryce.Guerrero@etu.edu.tr', '05684911567'),
(19010103, 'Kailee', 'Vang', '2001/4/21', 1, '2019/3/13', 2.69, 'Kailee.Vang@etu.edu.tr', '05632514440'),
(21030209, 'Jared', 'Sanford', '2002/8/1', 0, '2021/6/7', 2.99, 'Jared.Sanford@etu.edu.tr', '05261769497'),
(19020303, 'Neveah', 'Quinn', '2001/7/20', 1, '2019/9/24', 1.40, 'Neveah.Quinn@etu.edu.tr', '05324638618'),
(20020203, 'Breanna', 'Heath', '2002/1/8', 1, '2020/5/5', 3.81, 'Breanna.Heath@etu.edu.tr', '05501641108'),
(21030104, 'Darren', 'Massey', '2001/5/18', 0, '2021/1/11', 3.66, 'Darren.Massey@etu.edu.tr', '05160154957'),
(18030306, 'Trent', 'Ball', '1997/9/1', 0, '2018/2/23', 2.01, 'Trent.Ball@etu.edu.tr', '05410623082'),
(18020207, 'Maeve', 'Frank', '1996/7/5', 1, '2018/2/8', 3.96, 'Maeve.Frank@etu.edu.tr', '05560333131'),
(18020105, 'Maleah', 'Foley', '1999/10/22', 1, '2018/1/26', 2.06, 'Maleah.Foley@etu.edu.tr', '05010633960'),
(20030305, 'Jaquan', 'Bowman', '1998/2/20', 0, '2020/5/11', 3.53, 'Jaquan.Bowman@etu.edu.tr', '05865406133'),
(21030305, 'Alani', 'York', '2001/7/2', 1, '2021/8/22', 0.78, 'Alani.York@etu.edu.tr', '05402967964'),
(18030203, 'Cherish', 'Fleming', '1996/4/21', 1, '2018/6/28', 3.11, 'Cherish.Fleming@etu.edu.tr', '05166393847'),
(19020103, 'Rosemary', 'Armstrong', '2001/6/3', 1, '2019/8/14', 2.71, 'Rosemary.Armstrong@etu.edu.tr', '05980056696'),
(19010309, 'Cassidy', 'Sheppard', '1999/11/28', 1, '2019/3/2', 0.93, 'Cassidy.Sheppard@etu.edu.tr', '05702405157'),
(18020208, 'Kennedi', 'Long', '1999/2/16', 1, '2018/3/7', 2.67, 'Kennedi.Long@etu.edu.tr', '05356561860'),
(22030205, 'Aspen', 'Paul', '2004/12/11', 1, '2022/1/7', 3.17, 'Aspen.Paul@etu.edu.tr', '05862461190'),
(20030306, 'Larissa', 'Roberts', '1999/1/18', 1, '2020/3/4', 2.86, 'Larissa.Roberts@etu.edu.tr', '05072052176'),
(19010207, 'Tiana', 'Espinoza', '1997/5/15', 1, '2019/3/7', 0.81, 'Tiana.Espinoza@etu.edu.tr', '05016061606'),
(18010203, 'Martin', 'Simon', '1997/11/26', 0, '2018/1/14', 1.75, 'Martin.Simon@etu.edu.tr', '05930376586'),
(19030206, 'Jameson', 'Wagner', '1997/8/11', 0, '2019/8/22', 2.89, 'Jameson.Wagner@etu.edu.tr', '05164265786'),
(18010305, 'Abdiel', 'Potter', '1997/9/4', 0, '2018/4/20', 3.38, 'Abdiel.Potter@etu.edu.tr', '05668866125'),
(20020109, 'Hailey', 'Benjamin', '2000/11/21', 1, '2020/1/3', 1.69, 'Hailey.Benjamin@etu.edu.tr', '05459079916'),
(20030307, 'Jacquelyn', 'Choi', '2001/9/13', 1, '2020/4/16', 1.77, 'Jacquelyn.Choi@etu.edu.tr', '05629027067'),
(19020304, 'Jordyn', 'Bennett', '2001/8/26', 0, '2019/5/5', 2.47, 'Jordyn.Bennett@etu.edu.tr', '05259563277'),
(19030304, 'Yusuf', 'Santiago', '2000/6/8', 0, '2019/9/10', 3.05, 'Yusuf.Santiago@etu.edu.tr', '05952645808'),
(19010104, 'Dorian', 'Rice', '2001/12/17', 0, '2019/9/2', 1.65, 'Dorian.Rice@etu.edu.tr', '05051998073'),
(21030105, 'Louis', 'Walls', '2003/9/25', 0, '2021/6/13', 1.33, 'Louis.Walls@etu.edu.tr', '05823828448'),
(20030203, 'Mariah', 'Nash', '2002/5/10', 1, '2020/3/10', 3.41, 'Mariah.Nash@etu.edu.tr', '05674300582'),
(21010308, 'Ryker', 'Alvarado', '2001/11/11', 0, '2021/6/27', 3.65, 'Ryker.Alvarado@etu.edu.tr', '05337557018'),
(19030305, 'Wesley', 'Zhang', '1997/1/10', 0, '2019/7/4', 1.95, 'Wesley.Zhang@etu.edu.tr', '05277431003'),
(19010208, 'Karley', 'Shea', '2001/5/16', 1, '2019/7/13', 2.88, 'Karley.Shea@etu.edu.tr', '05989504951'),
(21020208, 'Rory', 'Pittman', '2000/11/11', 0, '2021/2/5', 2.76, 'Rory.Pittman@etu.edu.tr', '05617443656'),
(22010203, 'Desmond', 'Meyers', '2004/10/12', 0, '2022/6/12', 1.67, 'Desmond.Meyers@etu.edu.tr', '05105662848'),
(22010304, 'Athena', 'Ellis', '2004/3/24', 1, '2022/2/9', 3.78, 'Athena.Ellis@etu.edu.tr', '05340867470'),
(22030106, 'Alyssa', 'Orr', '2000/12/9', 1, '2022/8/11', 0.42, 'Alyssa.Orr@etu.edu.tr', '05923976305'),
(20030204, 'Josh', 'Ayers', '1999/7/1', 0, '2020/3/7', 2.28, 'Josh.Ayers@etu.edu.tr', '05913538236'),
(20030107, 'Cecilia', 'Meyer', '2000/6/28', 1, '2020/7/8', 1.09, 'Cecilia.Meyer@etu.edu.tr', '05955962390'),
(19020305, 'Courtney', 'Livingston', '1997/5/26', 1, '2019/6/5', 3.96, 'Courtney.Livingston@etu.edu.tr', '05742628555'),
(22010204, 'Tobias', 'Boone', '2003/10/21', 0, '2022/5/14', 3.36, 'Tobias.Boone@etu.edu.tr', '05864811816'),
(22010103, 'Brenda', 'Zavala', '2000/4/22', 1, '2022/6/18', 0.03, 'Brenda.Zavala@etu.edu.tr', '05491175219'),
(22030107, 'Skyler', 'Schwartz', '2002/11/25', 1, '2022/8/22', 2.87, 'Skyler.Schwartz@etu.edu.tr', '05139053404'),
(21010309, 'Nora', 'Calhoun', '2002/3/6', 1, '2021/8/14', 2.02, 'Nora.Calhoun@etu.edu.tr', '05719414246'),
(18010204, 'Zayden', 'Mcintosh', '1999/5/15', 0, '2018/7/18', 1.06, 'Zayden.Mcintosh@etu.edu.tr', '05404044715'),
(22020306, 'Devyn', 'Cole', '2004/10/25', 0, '2022/7/7', 3.34, 'Devyn.Cole@etu.edu.tr', '05424748453'),
(19020104, 'Claudia', 'Farmer', '2000/4/2', 1, '2019/7/28', 1.13, 'Claudia.Farmer@etu.edu.tr', '05209712830'),
(20030308, 'Bailee', 'Sparks', '1998/4/2', 1, '2020/9/4', 2.87, 'Bailee.Sparks@etu.edu.tr', '05204567170'),
(20030205, 'Charles', 'Savage', '1999/5/13', 0, '2020/5/8', 1.77, 'Charles.Savage@etu.edu.tr', '05192045258'),
(22020106, 'Blake', 'Holland', '2002/12/6', 0, '2022/4/10', 0.27, 'Blake.Holland@etu.edu.tr', '05095352916'),
(20030206, 'Lena', 'Roy', '1999/3/24', 1, '2020/4/7', 1.78, 'Lena.Roy@etu.edu.tr', '05395559250'),
(20020110, 'Mike', 'Hatfield', '2000/1/22', 0, '2020/9/6', 0.74, 'Mike.Hatfield@etu.edu.tr', '05022031062'),
(21010206, 'Emmy', 'Richmond', '2001/10/22', 1, '2021/1/15', 3.02, 'Emmy.Richmond@etu.edu.tr', '05849219334'),
(22030108, 'Maia', 'Goodman', '2002/8/19', 1, '2022/5/27', 1.96, 'Maia.Goodman@etu.edu.tr', '05405369198'),
(22020206, 'Kailey', 'Charles', '2001/8/1', 1, '2022/7/1', 1.41, 'Kailey.Charles@etu.edu.tr', '05583497642'),
(22030109, 'Zaiden', 'Allen', '2004/12/16', 0, '2022/1/3', 3.25, 'Zaiden.Allen@etu.edu.tr', '05058470416'),
(20020308, 'Molly', 'Ferguson', '2002/5/22', 1, '2020/3/2', 1.56, 'Molly.Ferguson@etu.edu.tr', '05609817002'),
(22010104, 'Ean', 'Daniels', '2002/11/19', 0, '2022/2/28', 1.66, 'Ean.Daniels@etu.edu.tr', '05321884393'),
(20020309, 'Antwan', 'Blanchard', '2000/8/20', 0, '2020/2/7', 2.17, 'Antwan.Blanchard@etu.edu.tr', '05305189637'),
(21010103, 'Valery', 'Ware', '2002/1/9', 1, '2021/2/3', 2.29, 'Valery.Ware@etu.edu.tr', '05323008004'),
(20020204, 'Kadyn', 'Huber', '2002/1/25', 0, '2020/7/3', 0.17, 'Kadyn.Huber@etu.edu.tr', '05544768110'),
(18030104, 'Madilynn', 'French', '2000/1/3', 1, '2018/1/19', 2.93, 'Madilynn.French@etu.edu.tr', '05775772161'),
(19020306, 'Alaina', 'Kaufman', '1998/3/1', 1, '2019/9/5', 2.10, 'Alaina.Kaufman@etu.edu.tr', '05724794144'),
(20020310, 'Gunner', 'Jacobson', '2000/4/26', 0, '2020/9/13', 0.17, 'Gunner.Jacobson@etu.edu.tr', '05188575591'),
(19030207, 'Jamari', 'Lane', '1997/4/8', 0, '2019/8/6', 1.90, 'Jamari.Lane@etu.edu.tr', '05969844489'),
(19010105, 'Jeramiah', 'Dodson', '2001/10/14', 0, '2019/1/22', 2.11, 'Jeramiah.Dodson@etu.edu.tr', '05425447784'),
(20010108, 'Annabella', 'Ibarra', '2002/11/6', 1, '2020/9/25', 3.42, 'Annabella.Ibarra@etu.edu.tr', '05316091630'),
(19020105, 'Yesenia', 'Galloway', '1997/1/28', 1, '2019/6/5', 1.22, 'Yesenia.Galloway@etu.edu.tr', '05285459130'),
(18010306, 'Anna', 'Mcmahon', '2000/9/6', 1, '2018/9/5', 1.27, 'Anna.Mcmahon@etu.edu.tr', '05302077811'),
(21010104, 'Nathalie', 'Raymond', '2000/6/19', 1, '2021/7/5', 2.58, 'Nathalie.Raymond@etu.edu.tr', '05290971734'),
(20020111, 'Raquel', 'Whitehead', '1999/9/4', 1, '2020/7/14', 0.16, 'Raquel.Whitehead@etu.edu.tr', '05378916118'),
(18030105, 'Moises', 'Davis', '1996/12/16', 0, '2018/7/3', 1.68, 'Moises.Davis@etu.edu.tr', '05322875340'),
(18010106, 'Humberto', 'Ayala', '1999/11/26', 0, '2018/6/25', 2.60, 'Humberto.Ayala@etu.edu.tr', '05582436589'),
(22020307, 'Arnav', 'Fields', '2002/12/6', 0, '2022/2/8', 2.71, 'Arnav.Fields@etu.edu.tr', '05535864923'),
(21030306, 'Josephine', 'Bender', '2001/12/17', 1, '2021/4/15', 2.15, 'Josephine.Bender@etu.edu.tr', '05464103261'),
(21010310, 'Barrett', 'Norton', '1999/8/28', 0, '2021/6/19', 2.31, 'Barrett.Norton@etu.edu.tr', '05365605890'),
(22020207, 'Amina', 'Stevenson', '2003/8/6', 1, '2022/6/5', 3.79, 'Amina.Stevenson@etu.edu.tr', '05121132503'),
(19030208, 'Edgar', 'Whitney', '2000/9/1', 0, '2019/5/5', 2.97, 'Edgar.Whitney@etu.edu.tr', '05194704265'),
(18010205, 'Alena', 'Michael', '1998/3/18', 1, '2018/8/26', 2.60, 'Alena.Michael@etu.edu.tr', '05533815835'),
(19020307, 'Darien', 'Gardner', '1999/10/23', 0, '2019/4/12', 2.83, 'Darien.Gardner@etu.edu.tr', '05903851911'),
(22010305, 'Luke', 'Johns', '2003/7/10', 0, '2022/1/20', 3.59, 'Luke.Johns@etu.edu.tr', '05349703897'),
(20020311, 'Gabriela', 'Valenzuela', '1998/7/17', 1, '2020/6/11', 0.98, 'Gabriela.Valenzuela@etu.edu.tr', '05119510440'),
(20020312, 'Harrison', 'Garrett', '2002/9/26', 0, '2020/3/5', 2.80, 'Harrison.Garrett@etu.edu.tr', '05180515089'),
(20030207, 'Antonio', 'Gillespie', '2001/11/1', 0, '2020/9/28', 2.67, 'Antonio.Gillespie@etu.edu.tr', '05499077244'),
(22010205, 'Alicia', 'Harrington', '2000/3/4', 1, '2022/4/27', 0.06, 'Alicia.Harrington@etu.edu.tr', '05477243115'),
(19030306, 'Hadassah', 'Wu', '2001/1/8', 1, '2019/7/10', 2.80, 'Hadassah.Wu@etu.edu.tr', '05066674997'),
(18030204, 'Holden', 'Hardin', '1998/12/6', 0, '2018/2/18', 2.03, 'Holden.Hardin@etu.edu.tr', '05417436566'),
(21010207, 'America', 'Barr', '2000/12/7', 1, '2021/9/21', 3.89, 'America.Barr@etu.edu.tr', '05370201926'),
(19020106, 'Charity', 'Townsend', '2000/7/19', 1, '2019/5/28', 0.67, 'Charity.Townsend@etu.edu.tr', '05055030404'),
(18010107, 'Irene', 'Barnes', '2000/10/24', 1, '2018/9/10', 1.82, 'Irene.Barnes@etu.edu.tr', '05380127031'),
(22030110, 'Esmeralda', 'Calderon', '2001/6/27', 1, '2022/5/13', 0.68, 'Esmeralda.Calderon@etu.edu.tr', '05453648745'),
(18020209, 'Aniya', 'Knox', '1999/2/12', 1, '2018/1/4', 3.56, 'Aniya.Knox@etu.edu.tr', '05374820807'),
(20030208, 'Nola', 'Reese', '2001/1/13', 1, '2020/4/7', 1.51, 'Nola.Reese@etu.edu.tr', '05685550219'),
(19010106, 'Kaelyn', 'Finley', '1997/4/9', 1, '2019/7/22', 0.95, 'Kaelyn.Finley@etu.edu.tr', '05247547373'),
(21030106, 'Azaria', 'Gallegos', '2000/7/18', 1, '2021/7/8', 0.63, 'Azaria.Gallegos@etu.edu.tr', '05732749895'),
(22010206, 'Reina', 'Villarreal', '2003/2/27', 1, '2022/6/28', 1.66, 'Reina.Villarreal@etu.edu.tr', '05597579408'),
(18020210, 'Jaylee', 'Love', '1999/10/8', 1, '2018/9/4', 1.72, 'Jaylee.Love@etu.edu.tr', '05686200508'),
(21030210, 'Noe', 'Pearson', '2002/2/16', 0, '2021/1/21', 1.20, 'Noe.Pearson@etu.edu.tr', '05882474503'),
(20020112, 'Teagan', 'Ford', '1999/10/21', 0, '2020/3/18', 3.39, 'Teagan.Ford@etu.edu.tr', '05393213200'),
(20020113, 'Giovanni', 'Richards', '2002/6/14', 0, '2020/6/23', 1.73, 'Giovanni.Richards@etu.edu.tr', '05070370663'),
(22010105, 'Araceli', 'Mckinney', '2004/11/4', 1, '2022/9/10', 0.11, 'Araceli.Mckinney@etu.edu.tr', '05938188471'),
(21020104, 'Landon', 'Mathews', '2003/12/13', 0, '2021/9/2', 1.75, 'Landon.Mathews@etu.edu.tr', '05384139818'),
(19010310, 'Makaila', 'Adkins', '1999/6/4', 1, '2019/4/4', 1.59, 'Makaila.Adkins@etu.edu.tr', '05218314250'),
(19020107, 'Steven', 'Kramer', '2001/2/21', 0, '2019/4/15', 2.22, 'Steven.Kramer@etu.edu.tr', '05426636447'),
(19030104, 'Evie', 'Fuller', '1997/3/26', 1, '2019/2/10', 0.88, 'Evie.Fuller@etu.edu.tr', '05315462692'),
(18020304, 'Dayanara', 'Hayes', '1999/5/6', 1, '2018/9/20', 0.74, 'Dayanara.Hayes@etu.edu.tr', '05010454905'),
(20030209, 'Deanna', 'Carr', '2002/10/4', 1, '2020/9/20', 3.18, 'Deanna.Carr@etu.edu.tr', '05805920205'),
(18020106, 'Monserrat', 'Nguyen', '1998/3/6', 1, '2018/7/5', 0.61, 'Monserrat.Nguyen@etu.edu.tr', '05888871032'),
(22020208, 'Yael', 'Jarvis', '2001/4/6', 0, '2022/9/14', 2.67, 'Yael.Jarvis@etu.edu.tr', '05024767735'),
(18010206, 'Freddy', 'Padilla', '1996/1/3', 0, '2018/3/5', 0.28, 'Freddy.Padilla@etu.edu.tr', '05709187649'),
(19010107, 'Alessandro', 'Benitez', '2000/7/16', 0, '2019/2/3', 1.45, 'Alessandro.Benitez@etu.edu.tr', '05502169425'),
(21020105, 'Amari', 'Ortiz', '2003/4/7', 1, '2021/4/26', 3.24, 'Amari.Ortiz@etu.edu.tr', '05731969546'),
(22010306, 'Braydon', 'Carrillo', '2000/8/23', 0, '2022/3/10', 1.56, 'Braydon.Carrillo@etu.edu.tr', '05132210568'),
(19030105, 'Lewis', 'Cooper', '2001/7/22', 0, '2019/5/23', 2.97, 'Lewis.Cooper@etu.edu.tr', '05651708889'),
(20030210, 'Eddie', 'Bullock', '2001/6/24', 0, '2020/1/19', 1.88, 'Eddie.Bullock@etu.edu.tr', '05964120705'),
(18010307, 'Ashton', 'Hernandez', '2000/2/19', 0, '2018/8/14', 3.81, 'Ashton.Hernandez@etu.edu.tr', '05806465648'),
(22030111, 'Caitlyn', 'Lynn', '2002/1/9', 1, '2022/1/7', 3.03, 'Caitlyn.Lynn@etu.edu.tr', '05709900838'),
(21030211, 'Cassie', 'Barber', '2002/12/23', 1, '2021/5/4', 0.07, 'Cassie.Barber@etu.edu.tr', '05970351501'),
(18020211, 'Zion', 'Marquez', '2000/10/27', 0, '2018/5/26', 2.92, 'Zion.Marquez@etu.edu.tr', '05206964899'),
(18020212, 'Skylar', 'West', '1997/12/22', 0, '2018/2/5', 3.33, 'Skylar.West@etu.edu.tr', '05546275095'),
(22020209, 'Dakota', 'Rogers', '2001/8/12', 1, '2022/8/22', 1.45, 'Dakota.Rogers@etu.edu.tr', '05066162981'),
(20020114, 'Brock', 'Chan', '2000/10/27', 0, '2020/1/11', 2.43, 'Brock.Chan@etu.edu.tr', '05692936457'),
(19010108, 'Jakobe', 'Murphy', '1999/5/22', 0, '2019/9/23', 0.70, 'Jakobe.Murphy@etu.edu.tr', '05533703587'),
(21030212, 'Nevaeh', 'Reilly', '2001/9/24', 1, '2021/1/8', 1.30, 'Nevaeh.Reilly@etu.edu.tr', '05393692671'),
(21030213, 'Cael', 'Russell', '2001/9/24', 0, '2021/8/19', 0.58, 'Cael.Russell@etu.edu.tr', '05157579810'),
(19030307, 'Deon', 'Riley', '1998/4/2', 0, '2019/1/21', 1.73, 'Deon.Riley@etu.edu.tr', '05069987134'),
(19020203, 'Jaydon', 'Fitzgerald', '1998/3/11', 0, '2019/4/12', 3.65, 'Jaydon.Fitzgerald@etu.edu.tr', '05270741059'),
(18020107, 'Maya', 'Haney', '2000/8/24', 1, '2018/5/22', 2.03, 'Maya.Haney@etu.edu.tr', '05179658734'),
(21030107, 'Dana', 'Braun', '2003/7/28', 1, '2021/5/14', 1.69, 'Dana.Braun@etu.edu.tr', '05107275114'),
(21020106, 'Danika', 'Rivera', '1999/12/17', 1, '2021/6/20', 1.06, 'Danika.Rivera@etu.edu.tr', '05403587487'),
(21030214, 'Alayna', 'Ellison', '2000/7/21', 1, '2021/7/3', 2.42, 'Alayna.Ellison@etu.edu.tr', '05995667937'),
(20030309, 'Sonny', 'Day', '1998/3/23', 0, '2020/1/15', 0.75, 'Sonny.Day@etu.edu.tr', '05949951927'),
(20010302, 'Eliezer', 'Grimes', '2000/5/8', 0, '2020/6/21', 0.40, 'Eliezer.Grimes@etu.edu.tr', '05771700904'),
(19030209, 'Fatima', 'Haley', '1999/2/16', 1, '2019/4/25', 1.04, 'Fatima.Haley@etu.edu.tr', '05134873692'),
(22020107, 'Jonas', 'Glenn', '2000/2/2', 0, '2022/9/12', 2.74, 'Jonas.Glenn@etu.edu.tr', '05188822286'),
(19010109, 'Johnny', 'Stevens', '1997/8/28', 0, '2019/1/7', 1.11, 'Johnny.Stevens@etu.edu.tr', '05651689525'),
(22010106, 'Solomon', 'Logan', '2001/4/8', 0, '2022/9/3', 2.74, 'Solomon.Logan@etu.edu.tr', '05929556322'),
(19010311, 'Eric', 'Graves', '2001/12/16', 0, '2019/1/18', 0.66, 'Eric.Graves@etu.edu.tr', '05434259185'),
(20020115, 'Harley', 'Farley', '2000/8/1', 0, '2020/5/7', 1.03, 'Harley.Farley@etu.edu.tr', '05475932208'),
(20020313, 'Sage', 'Brady', '1999/6/19', 1, '2020/8/25', 2.44, 'Sage.Brady@etu.edu.tr', '05717262831'),
(18010207, 'Spencer', 'Vance', '1997/11/10', 0, '2018/3/16', 1.94, 'Spencer.Vance@etu.edu.tr', '05020810242'),
(19010312, 'Bianca', 'Benton', '2001/7/18', 1, '2019/9/1', 0.48, 'Bianca.Benton@etu.edu.tr', '05311185601'),
(19020204, 'Laney', 'Meza', '1997/11/24', 1, '2019/8/24', 2.91, 'Laney.Meza@etu.edu.tr', '05651634817'),
(22020108, 'Ariel', 'Booker', '2003/1/9', 0, '2022/3/21', 3.59, 'Ariel.Booker@etu.edu.tr', '05201817724'),
(20010109, 'Mark', 'Snow', '2002/11/19', 0, '2020/3/28', 2.11, 'Mark.Snow@etu.edu.tr', '05709004420'),
(19020108, 'Tanner', 'Mccann', '1999/5/10', 0, '2019/5/13', 0.33, 'Tanner.Mccann@etu.edu.tr', '05096653945'),
(18010108, 'Alec', 'Burgess', '1998/1/8', 0, '2018/2/20', 3.83, 'Alec.Burgess@etu.edu.tr', '05050401952'),
(20020314, 'Mohamed', 'Callahan', '2002/6/2', 0, '2020/4/5', 0.22, 'Mohamed.Callahan@etu.edu.tr', '05290977794'),
(18010109, 'Gia', 'Lang', '1996/7/15', 1, '2018/4/1', 1.80, 'Gia.Lang@etu.edu.tr', '05548647851'),
(18020108, 'Caden', 'Proctor', '1996/9/26', 0, '2018/4/15', 2.66, 'Caden.Proctor@etu.edu.tr', '05711390382'),
(18030307, 'Braelyn', 'Elliott', '1997/8/2', 1, '2018/2/1', 0.11, 'Braelyn.Elliott@etu.edu.tr', '05644512331'),
(21010311, 'Elsa', 'Wilkinson', '1999/5/23', 1, '2021/2/9', 1.20, 'Elsa.Wilkinson@etu.edu.tr', '05037180549'),
(22010307, 'Michelle', 'Cox', '2002/5/10', 1, '2022/9/20', 3.46, 'Michelle.Cox@etu.edu.tr', '05976949167'),
(21030215, 'Micah', 'Mcdaniel', '2001/7/24', 0, '2021/5/19', 1.07, 'Micah.Mcdaniel@etu.edu.tr', '05687369619'),
(21030307, 'Marley', 'Carpenter', '2001/12/10', 1, '2021/4/6', 0.69, 'Marley.Carpenter@etu.edu.tr', '05080796963'),
(19030308, 'Leandro', 'Hunter', '2000/4/20', 0, '2019/6/27', 2.14, 'Leandro.Hunter@etu.edu.tr', '05433177081'),
(22030112, 'Deangelo', 'Anderson', '2000/2/8', 0, '2022/3/23', 2.05, 'Deangelo.Anderson@etu.edu.tr', '05583143897'),
(19030210, 'Taryn', 'Morales', '2000/6/11', 1, '2019/3/2', 1.51, 'Taryn.Morales@etu.edu.tr', '05723829612'),
(18010308, 'Mitchell', 'Romero', '1999/12/1', 0, '2018/1/27', 1.63, 'Mitchell.Romero@etu.edu.tr', '05005892013'),
(22010107, 'Sierra', 'Cameron', '2002/2/27', 1, '2022/5/6', 2.56, 'Sierra.Cameron@etu.edu.tr', '05202845752'),
(21010208, 'Karissa', 'Underwood', '2003/8/6', 1, '2021/9/19', 0.78, 'Karissa.Underwood@etu.edu.tr', '05410950828'),
(22030307, 'Sienna', 'Hayden', '2004/1/5', 1, '2022/7/27', 0.15, 'Sienna.Hayden@etu.edu.tr', '05477460721'),
(18020305, 'German', 'Wilkerson', '2000/10/13', 0, '2018/7/23', 3.54, 'German.Wilkerson@etu.edu.tr', '05423687780'),
(18010309, 'Scarlett', 'Reyes', '1997/10/17', 1, '2018/4/2', 0.81, 'Scarlett.Reyes@etu.edu.tr', '05527544160'),
(19010110, 'Arthur', 'Mccoy', '2001/5/14', 0, '2019/1/7', 0.29, 'Arthur.Mccoy@etu.edu.tr', '05498819327'),
(19030211, 'Lukas', 'Martin', '1998/8/15', 0, '2019/3/6', 1.64, 'Lukas.Martin@etu.edu.tr', '05771958579'),
(18030106, 'Briley', 'Vasquez', '1998/6/11', 1, '2018/8/9', 2.91, 'Briley.Vasquez@etu.edu.tr', '05395816537'),
(19010209, 'Phoenix', 'Melton', '2001/5/9', 0, '2019/1/22', 0.88, 'Phoenix.Melton@etu.edu.tr', '05292938953'),
(19020109, 'Devan', 'Pace', '1999/4/28', 0, '2019/9/9', 0.58, 'Devan.Pace@etu.edu.tr', '05351528445'),
(21010312, 'Marina', 'Dyer', '2001/8/22', 1, '2021/6/23', 0.11, 'Marina.Dyer@etu.edu.tr', '05364212819'),
(20020315, 'Regina', 'Lucas', '1998/12/24', 1, '2020/8/12', 2.13, 'Regina.Lucas@etu.edu.tr', '05482874408'),
(22020308, 'Natalya', 'King', '2002/10/20', 1, '2022/7/13', 3.09, 'Natalya.King@etu.edu.tr', '05018253700'),
(21030108, 'Kylie', 'Garza', '2003/4/12', 1, '2021/3/25', 2.22, 'Kylie.Garza@etu.edu.tr', '05403832605'),
(21020209, 'Kaylee', 'Suarez', '2001/9/1', 1, '2021/8/6', 0.58, 'Kaylee.Suarez@etu.edu.tr', '05000766369'),
(20020116, 'Laila', 'Murillo', '1998/6/10', 1, '2020/4/24', 2.97, 'Laila.Murillo@etu.edu.tr', '05949110664'),
(19020308, 'Audrey', 'Odonnell', '2000/2/15', 1, '2019/7/15', 2.94, 'Audrey.Odonnell@etu.edu.tr', '05168271614'),
(21010105, 'Tyrese', 'Henson', '2003/11/23', 0, '2021/3/26', 1.77, 'Tyrese.Henson@etu.edu.tr', '05441009807'),
(18020109, 'Patience', 'Roman', '1999/6/18', 1, '2018/7/19', 2.19, 'Patience.Roman@etu.edu.tr', '05354519017'),
(21030109, 'Kendra', 'Jones', '2000/7/3', 1, '2021/9/15', 1.24, 'Kendra.Jones@etu.edu.tr', '05630309781'),
(22030308, 'Edwin', 'Cisneros', '2002/7/4', 0, '2022/8/9', 1.76, 'Edwin.Cisneros@etu.edu.tr', '05738743297'),
(21030110, 'Abby', 'Sherman', '2003/2/21', 1, '2021/6/19', 1.22, 'Abby.Sherman@etu.edu.tr', '05756668038'),
(19010111, 'Perla', 'Clements', '1997/5/28', 1, '2019/9/13', 2.71, 'Perla.Clements@etu.edu.tr', '05715252182'),
(20010203, 'Emma', 'Bush', '1999/11/28', 1, '2020/1/1', 3.47, 'Emma.Bush@etu.edu.tr', '05176271676'),
(18020213, 'Kenyon', 'Lindsey', '1999/2/2', 0, '2018/3/3', 2.15, 'Kenyon.Lindsey@etu.edu.tr', '05882183162'),
(18020306, 'Alexzander', 'Good', '2000/10/25', 0, '2018/1/17', 3.11, 'Alexzander.Good@etu.edu.tr', '05999052289'),
(19030106, 'Jovanni', 'Haas', '1998/6/19', 0, '2019/1/26', 2.46, 'Jovanni.Haas@etu.edu.tr', '05086591097'),
(19020309, 'Jaron', 'Bryan', '2001/1/25', 0, '2019/5/26', 1.65, 'Jaron.Bryan@etu.edu.tr', '05668257582'),
(22020210, 'Lamont', 'Whitaker', '2003/9/19', 0, '2022/5/19', 1.89, 'Lamont.Whitaker@etu.edu.tr', '05570712025'),
(20010303, 'Kaleigh', 'Cordova', '1999/9/6', 1, '2020/1/15', 1.97, 'Kaleigh.Cordova@etu.edu.tr', '05216917575'),
(19030107, 'Elvis', 'Bauer', '2000/7/24', 0, '2019/8/14', 1.50, 'Elvis.Bauer@etu.edu.tr', '05157174764'),
(22010308, 'Malaki', 'Russo', '2001/6/16', 0, '2022/3/13', 1.96, 'Malaki.Russo@etu.edu.tr', '05634594094'),
(22030113, 'Coby', 'Shields', '2004/3/20', 0, '2022/1/16', 2.25, 'Coby.Shields@etu.edu.tr', '05192626311'),
(18020307, 'Carter', 'Greene', '1998/3/21', 0, '2018/1/8', 3.24, 'Carter.Greene@etu.edu.tr', '05483625358'),
(21010209, 'Ivan', 'Reed', '2003/1/18', 0, '2021/2/13', 3.99, 'Ivan.Reed@etu.edu.tr', '05823552056'),
(18020110, 'Remington', 'Patrick', '1999/4/14', 0, '2018/5/26', 0.51, 'Remington.Patrick@etu.edu.tr', '05028211649'),
(21020302, 'Jocelynn', 'Herrera', '2003/5/13', 1, '2021/3/24', 1.60, 'Jocelynn.Herrera@etu.edu.tr', '05166277554'),
(18020308, 'Jaylen', 'Holloway', '1997/4/10', 1, '2018/3/13', 2.88, 'Jaylen.Holloway@etu.edu.tr', '05996437198'),
(19020110, 'Marlene', 'Diaz', '1999/6/7', 1, '2019/7/23', 1.12, 'Marlene.Diaz@etu.edu.tr', '05282144311'),
(20020117, 'Abraham', 'Holt', '2002/9/10', 0, '2020/8/12', 1.73, 'Abraham.Holt@etu.edu.tr', '05412680634'),
(22030114, 'Finley', 'White', '2004/6/10', 1, '2022/5/2', 0.22, 'Finley.White@etu.edu.tr', '05134102265'),
(20020205, 'Mackenzie', 'Yoder', '1998/1/8', 1, '2020/9/21', 1.06, 'Mackenzie.Yoder@etu.edu.tr', '05301060311'),
(20020118, 'Mireya', 'Archer', '2002/4/5', 1, '2020/1/24', 2.97, 'Mireya.Archer@etu.edu.tr', '05720643814'),
(21020210, 'Brennan', 'Cherry', '2001/9/2', 0, '2021/7/25', 0.35, 'Brennan.Cherry@etu.edu.tr', '05781396435'),
(20030310, 'Warren', 'Rojas', '2002/6/14', 0, '2020/7/16', 1.33, 'Warren.Rojas@etu.edu.tr', '05292006051'),
(19010112, 'Ronald', 'Bird', '1999/5/15', 0, '2019/7/26', 0.89, 'Ronald.Bird@etu.edu.tr', '05764061566'),
(19010313, 'Lorena', 'Bass', '2000/2/10', 1, '2019/4/15', 1.23, 'Lorena.Bass@etu.edu.tr', '05049544875'),
(20010304, 'Demarcus', 'Powers', '1998/1/6', 0, '2020/7/4', 0.60, 'Demarcus.Powers@etu.edu.tr', '05075496467'),
(20030311, 'Deborah', 'Richardson', '1998/5/16', 1, '2020/7/27', 0.43, 'Deborah.Richardson@etu.edu.tr', '05809740432'),
(18030205, 'Emilie', 'Flynn', '1996/7/8', 1, '2018/5/16', 1.11, 'Emilie.Flynn@etu.edu.tr', '05101201696'),
(20020206, 'Paul', 'Mcdowell', '1999/6/7', 0, '2020/4/26', 0.22, 'Paul.Mcdowell@etu.edu.tr', '05361994461'),
(21030111, 'Todd', 'Daugherty', '2000/4/25', 0, '2021/3/23', 1.96, 'Todd.Daugherty@etu.edu.tr', '05049376992'),
(18030308, 'Bryson', 'Kaiser', '1996/8/17', 0, '2018/3/25', 1.42, 'Bryson.Kaiser@etu.edu.tr', '05857878852'),
(22020109, 'Jermaine', 'Delgado', '2003/4/28', 0, '2022/5/1', 2.73, 'Jermaine.Delgado@etu.edu.tr', '05577122107'),
(21030112, 'Lilia', 'Mccarthy', '1999/10/24', 1, '2021/3/6', 3.35, 'Lilia.Mccarthy@etu.edu.tr', '05499569336'),
(19020310, 'Harper', 'Mcintyre', '1998/3/14', 0, '2019/3/10', 2.92, 'Harper.Mcintyre@etu.edu.tr', '05297770831'),
(20020316, 'Esteban', 'Vargas', '2002/1/12', 0, '2020/6/5', 0.83, 'Esteban.Vargas@etu.edu.tr', '05195123724'),
(20030211, 'Valentina', 'Campos', '2002/4/21', 1, '2020/2/13', 2.75, 'Valentina.Campos@etu.edu.tr', '05166190511'),
(22030115, 'Abram', 'Hampton', '2000/7/6', 0, '2022/8/25', 1.58, 'Abram.Hampton@etu.edu.tr', '05157828469'),
(18020214, 'Walter', 'Rangel', '1997/10/27', 0, '2018/1/3', 1.16, 'Walter.Rangel@etu.edu.tr', '05378957508'),
(22020309, 'Juliet', 'Durham', '2004/12/2', 1, '2022/8/18', 1.56, 'Juliet.Durham@etu.edu.tr', '05651954191'),
(21010313, 'Jocelyn', 'Cooke', '2000/11/14', 1, '2021/3/22', 3.90, 'Jocelyn.Cooke@etu.edu.tr', '05219376051'),
(18020309, 'Tania', 'Schneider', '1999/4/8', 1, '2018/2/7', 1.58, 'Tania.Schneider@etu.edu.tr', '05414262091'),
(20010204, 'Chandler', 'Rasmussen', '2000/3/13', 0, '2020/8/26', 0.71, 'Chandler.Rasmussen@etu.edu.tr', '05722050898'),
(19020205, 'Nathanael', 'Gibson', '1999/10/7', 0, '2019/7/26', 3.27, 'Nathanael.Gibson@etu.edu.tr', '05783950402'),
(19030309, 'Alison', 'Villa', '1997/6/19', 1, '2019/4/15', 3.79, 'Alison.Villa@etu.edu.tr', '05278088119'),
(21010314, 'Joshua', 'Holder', '2003/11/9', 0, '2021/4/12', 0.56, 'Joshua.Holder@etu.edu.tr', '05809255143'),
(22030206, 'Adan', 'House', '2001/10/18', 0, '2022/4/2', 2.69, 'Adan.House@etu.edu.tr', '05500548606'),
(22030309, 'Jaiden', 'Krause', '2000/7/20', 0, '2022/4/12', 0.27, 'Jaiden.Krause@etu.edu.tr', '05003630969'),
(18030107, 'Lainey', 'Perkins', '2000/9/20', 1, '2018/2/23', 3.73, 'Lainey.Perkins@etu.edu.tr', '05408311518'),
(19030108, 'Hanna', 'Pena', '1998/2/27', 1, '2019/2/7', 1.04, 'Hanna.Pena@etu.edu.tr', '05131969714'),
(19010314, 'Clayton', 'Todd', '2001/7/26', 0, '2019/3/4', 1.58, 'Clayton.Todd@etu.edu.tr', '05999985905'),
(18020215, 'Enrique', 'Bowers', '1996/8/10', 0, '2018/3/18', 3.51, 'Enrique.Bowers@etu.edu.tr', '05855343024'),
(21020211, 'Joseph', 'Medina', '2003/8/15', 0, '2021/3/12', 0.49, 'Joseph.Medina@etu.edu.tr', '05963559657'),
(21020303, 'Julius', 'Kidd', '2002/6/16', 0, '2021/2/22', 3.92, 'Julius.Kidd@etu.edu.tr', '05186426552'),
(18020111, 'Kian', 'Levy', '1999/5/9', 0, '2018/9/16', 1.37, 'Kian.Levy@etu.edu.tr', '05542376663'),
(18030108, 'Terrell', 'Flores', '2000/1/10', 0, '2018/1/19', 1.06, 'Terrell.Flores@etu.edu.tr', '05803432984'),
(22010309, 'Amya', 'Boyer', '2004/2/16', 1, '2022/9/24', 3.84, 'Amya.Boyer@etu.edu.tr', '05703832857'),
(22030207, 'Amirah', 'Cantrell', '2001/6/12', 1, '2022/4/3', 1.23, 'Amirah.Cantrell@etu.edu.tr', '05794339448'),
(21010210, 'Alexus', 'Li', '2003/3/26', 1, '2021/2/17', 2.93, 'Alexus.Li@etu.edu.tr', '05300779303'),
(20010205, 'Adriana', 'Hanson', '2002/5/5', 1, '2020/5/13', 3.03, 'Adriana.Hanson@etu.edu.tr', '05446409712'),
(18010208, 'Ahmad', 'Kline', '1996/10/26', 0, '2018/2/23', 1.64, 'Ahmad.Kline@etu.edu.tr', '05696198834'),
(18010310, 'Joselyn', 'Mcpherson', '1998/2/23', 1, '2018/6/8', 1.85, 'Joselyn.Mcpherson@etu.edu.tr', '05684245082'),
(18030109, 'Angelique', 'Ramsey', '1996/1/10', 1, '2018/9/8', 3.31, 'Angelique.Ramsey@etu.edu.tr', '05085951213'),
(20030312, 'June', 'Dunlap', '2000/10/18', 1, '2020/9/18', 3.84, 'June.Dunlap@etu.edu.tr', '05192648175'),
(21010315, 'Daisy', 'Ward', '2002/3/18', 1, '2021/5/8', 3.38, 'Daisy.Ward@etu.edu.tr', '05610543260'),
(18010209, 'Immanuel', 'Miles', '2000/12/15', 0, '2018/6/4', 2.19, 'Immanuel.Miles@etu.edu.tr', '05568668537'),
(19010113, 'Andrew', 'Thornton', '1998/6/9', 0, '2019/3/2', 3.25, 'Andrew.Thornton@etu.edu.tr', '05751060994'),
(20030313, 'Camille', 'Valencia', '2001/9/17', 1, '2020/2/20', 3.50, 'Camille.Valencia@etu.edu.tr', '05996396898'),
(19010114, 'Frankie', 'Jacobs', '1997/8/4', 0, '2019/1/12', 2.90, 'Frankie.Jacobs@etu.edu.tr', '05777011769'),
(19020311, 'Adonis', 'Stephens', '2000/12/3', 0, '2019/4/13', 3.31, 'Adonis.Stephens@etu.edu.tr', '05799380591'),
(22010108, 'Jordyn', 'Larsen', '2003/7/18', 1, '2022/1/23', 3.13, 'Jordyn.Larsen@etu.edu.tr', '05044839665'),
(22010109, 'Frances', 'Glass', '2002/4/1', 1, '2022/4/19', 1.83, 'Frances.Glass@etu.edu.tr', '05850193429'),
(21020212, 'Alina', 'Tran', '2003/12/25', 1, '2021/9/19', 3.76, 'Alina.Tran@etu.edu.tr', '05331294222'),
(19020111, 'Elaina', 'Payne', '1999/8/24', 1, '2019/5/13', 2.01, 'Elaina.Payne@etu.edu.tr', '05607347717'),
(20020119, 'Isaac', 'Osborne', '1998/8/18', 0, '2020/8/17', 3.29, 'Isaac.Osborne@etu.edu.tr', '05527309784'),
(21030308, 'Derrick', 'Joseph', '1999/11/9', 0, '2021/7/13', 3.91, 'Derrick.Joseph@etu.edu.tr', '05984034585'),
(21020107, 'Sergio', 'Walters', '2000/11/26', 0, '2021/8/9', 0.08, 'Sergio.Walters@etu.edu.tr', '05043112337'),
(20020120, 'Lina', 'Beck', '2001/2/19', 1, '2020/2/3', 2.67, 'Lina.Beck@etu.edu.tr', '05859645038'),
(22030116, 'Destiney', 'Wilkins', '2001/1/18', 1, '2022/6/20', 0.17, 'Destiney.Wilkins@etu.edu.tr', '05567150604'),
(18010311, 'Dulce', 'Spencer', '2000/8/2', 1, '2018/1/20', 1.10, 'Dulce.Spencer@etu.edu.tr', '05717223263'),
(22020110, 'Caylee', 'Kirk', '2001/3/24', 1, '2022/3/24', 0.95, 'Caylee.Kirk@etu.edu.tr', '05709752406'),
(18030206, 'Pamela', 'Singleton', '1997/1/12', 1, '2018/2/17', 0.42, 'Pamela.Singleton@etu.edu.tr', '05475857901'),
(19030109, 'Chase', 'Hooper', '2000/6/15', 0, '2019/9/15', 2.36, 'Chase.Hooper@etu.edu.tr', '05625930525'),
(21010106, 'Amara', 'Williamson', '2001/5/22', 1, '2021/7/3', 1.59, 'Amara.Williamson@etu.edu.tr', '05225062886'),
(22010310, 'Maverick', 'Sloan', '2003/4/4', 0, '2022/2/27', 3.11, 'Maverick.Sloan@etu.edu.tr', '05681540988'),
(19030110, 'Madisyn', 'Pope', '1997/8/19', 1, '2019/1/4', 2.98, 'Madisyn.Pope@etu.edu.tr', '05749509532'),
(22010311, 'Campbell', 'Moses', '2004/3/15', 1, '2022/3/8', 1.23, 'Campbell.Moses@etu.edu.tr', '05035101267'),
(19020312, 'Kevin', 'Irwin', '1997/1/9', 0, '2019/1/23', 1.22, 'Kevin.Irwin@etu.edu.tr', '05643342876'),
(18010312, 'Carolyn', 'Taylor', '1999/6/12', 1, '2018/7/3', 3.39, 'Carolyn.Taylor@etu.edu.tr', '05579090216'),
(18020112, 'Mekhi', 'Bonilla', '2000/5/11', 0, '2018/7/7', 1.23, 'Mekhi.Bonilla@etu.edu.tr', '05417719395'),
(20030108, 'Jaydin', 'Terry', '1998/12/11', 0, '2020/9/5', 0.85, 'Jaydin.Terry@etu.edu.tr', '05827420666'),
(20020121, 'Samara', 'Gonzales', '2001/9/8', 1, '2020/6/2', 2.89, 'Samara.Gonzales@etu.edu.tr', '05543493225'),
(18030309, 'Kayden', 'Sosa', '1997/9/25', 0, '2018/8/1', 2.90, 'Kayden.Sosa@etu.edu.tr', '05285413711'),
(21030113, 'Zion', 'Alexander', '2000/11/28', 1, '2021/2/8', 2.03, 'Zion.Alexander@etu.edu.tr', '05109100304'),
(22010110, 'Ayla', 'Ramirez', '2002/3/21', 1, '2022/1/15', 3.49, 'Ayla.Ramirez@etu.edu.tr', '05508048845'),
(21020304, 'Simone', 'Woods', '1999/7/1', 1, '2021/8/16', 2.54, 'Simone.Woods@etu.edu.tr', '05217609647'),
(20030109, 'Emiliano', 'Donaldson', '1999/3/3', 0, '2020/1/15', 2.32, 'Emiliano.Donaldson@etu.edu.tr', '05609750993'),
(19030310, 'Aleah', 'Manning', '2000/8/28', 1, '2019/6/26', 3.40, 'Aleah.Manning@etu.edu.tr', '05570012852'),
(19010115, 'Asa', 'Estes', '2001/10/16', 0, '2019/1/5', 3.22, 'Asa.Estes@etu.edu.tr', '05877482393'),
(22020211, 'Roman', 'Olson', '2004/12/9', 0, '2022/5/24', 0.14, 'Roman.Olson@etu.edu.tr', '05891021268'),
(22020212, 'Leon', 'Page', '2001/11/11', 0, '2022/5/1', 1.77, 'Leon.Page@etu.edu.tr', '05502724776'),
(18020310, 'Miranda', 'Doyle', '1997/7/12', 1, '2018/7/3', 2.39, 'Miranda.Doyle@etu.edu.tr', '05293373127'),
(22030310, 'Evangeline', 'Mcmillan', '2003/6/3', 1, '2022/7/26', 1.38, 'Evangeline.Mcmillan@etu.edu.tr', '05241801002'),
(20030212, 'Lilian', 'Mora', '2001/4/5', 1, '2020/1/17', 3.66, 'Lilian.Mora@etu.edu.tr', '05356453799'),
(18030310, 'Ezequiel', 'Baxter', '1998/10/20', 0, '2018/3/14', 0.84, 'Ezequiel.Baxter@etu.edu.tr', '05497790025'),
(19030212, 'Parker', 'Bridges', '2001/7/8', 1, '2019/8/12', 1.74, 'Parker.Bridges@etu.edu.tr', '05158057185'),
(18010313, 'Jovan', 'Dunn', '1996/7/11', 0, '2018/6/16', 1.54, 'Jovan.Dunn@etu.edu.tr', '05812047070'),
(22020111, 'Quincy', 'Murray', '2001/10/25', 0, '2022/7/7', 1.39, 'Quincy.Murray@etu.edu.tr', '05367910778'),
(21030216, 'Harry', 'Horne', '2002/12/7', 0, '2021/1/6', 0.52, 'Harry.Horne@etu.edu.tr', '05621969797'),
(20030314, 'Kaitlin', 'Roach', '1999/12/21', 1, '2020/3/15', 1.58, 'Kaitlin.Roach@etu.edu.tr', '05691887333'),
(20020122, 'Maxwell', 'Fuentes', '2002/10/10', 0, '2020/3/8', 0.64, 'Maxwell.Fuentes@etu.edu.tr', '05734731411'),
(21010211, 'Akira', 'Gilbert', '2003/2/15', 1, '2021/4/22', 0.57, 'Akira.Gilbert@etu.edu.tr', '05207727670'),
(22030311, 'Levi', 'Phillips', '2003/3/17', 0, '2022/2/4', 3.67, 'Levi.Phillips@etu.edu.tr', '05186378478'),
(21010107, 'Brianna', 'Neal', '2002/8/1', 1, '2021/6/22', 2.15, 'Brianna.Neal@etu.edu.tr', '05179472130'),
(21010316, 'Lexie', 'Liu', '2001/3/1', 1, '2021/8/3', 1.01, 'Lexie.Liu@etu.edu.tr', '05990608506'),
(18010210, 'Carla', 'Buck', '1998/12/9', 1, '2018/4/23', 1.22, 'Carla.Buck@etu.edu.tr', '05655802052'),
(18010211, 'Avery', 'Downs', '1999/4/7', 1, '2018/3/8', 0.10, 'Avery.Downs@etu.edu.tr', '05965689009'),
(21010108, 'Isabela', 'Bradshaw', '2003/5/28', 1, '2021/9/15', 1.77, 'Isabela.Bradshaw@etu.edu.tr', '05722514212'),
(19010210, 'Nehemiah', 'Sutton', '1998/9/5', 0, '2019/3/27', 0.53, 'Nehemiah.Sutton@etu.edu.tr', '05229730909'),
(21030114, 'Jada', 'Davies', '2003/10/26', 1, '2021/5/11', 2.46, 'Jada.Davies@etu.edu.tr', '05700070226'),
(22020310, 'James', 'Banks', '2004/6/9', 0, '2022/7/5', 0.35, 'James.Banks@etu.edu.tr', '05561574719'),
(21020108, 'Gabrielle', 'Vazquez', '2000/9/1', 1, '2021/2/17', 3.22, 'Gabrielle.Vazquez@etu.edu.tr', '05203972921'),
(22020311, 'Payten', 'Ho', '2004/4/16', 1, '2022/6/5', 1.26, 'Payten.Ho@etu.edu.tr', '05788590504'),
(18030110, 'Judah', 'Shelton', '1996/7/20', 0, '2018/2/20', 0.11, 'Judah.Shelton@etu.edu.tr', '05625637364'),
(21030115, 'Zack', 'Weber', '2001/2/7', 0, '2021/1/1', 0.01, 'Zack.Weber@etu.edu.tr', '05267617308'),
(20010206, 'Chaya', 'Zamora', '2000/11/15', 1, '2020/6/15', 0.52, 'Chaya.Zamora@etu.edu.tr', '05076283508'),
(19020313, 'Colt', 'Moreno', '2000/12/2', 0, '2019/5/8', 3.44, 'Colt.Moreno@etu.edu.tr', '05120536288'),
(19020206, 'Ayanna', 'Kim', '2000/5/15', 1, '2019/3/11', 1.35, 'Ayanna.Kim@etu.edu.tr', '05036236115'),
(20020317, 'Angel', 'Stewart', '2000/6/16', 1, '2020/1/13', 3.96, 'Angel.Stewart@etu.edu.tr', '05361627868'),
(19010315, 'Kiley', 'Mcconnell', '1997/12/10', 1, '2019/4/24', 1.70, 'Kiley.Mcconnell@etu.edu.tr', '05673559973'),
(22030208, 'Kamila', 'Barajas', '2004/11/25', 1, '2022/5/9', 2.29, 'Kamila.Barajas@etu.edu.tr', '05398771809'),
(19010316, 'Roland', 'Blake', '1999/10/12', 0, '2019/6/13', 3.65, 'Roland.Blake@etu.edu.tr', '05583063483'),
(21010317, 'Cristal', 'Castro', '2000/5/18', 1, '2021/6/8', 0.94, 'Cristal.Castro@etu.edu.tr', '05737938967'),
(20020207, 'Samantha', 'Stafford', '2001/3/15', 1, '2020/5/2', 1.62, 'Samantha.Stafford@etu.edu.tr', '05656484409'),
(21030309, 'Francisco', 'Conway', '1999/1/6', 0, '2021/5/2', 1.44, 'Francisco.Conway@etu.edu.tr', '05115279446'),
(20030213, 'Charlotte', 'Howard', '2001/9/8', 1, '2020/4/15', 2.51, 'Charlotte.Howard@etu.edu.tr', '05229967824'),
(21030310, 'Brenden', 'Nixon', '2000/8/25', 0, '2021/1/28', 3.79, 'Brenden.Nixon@etu.edu.tr', '05376287854'),
(18030311, 'Thomas', 'English', '1999/6/22', 0, '2018/7/1', 3.55, 'Thomas.English@etu.edu.tr', '05117963061'),
(19030213, 'Essence', 'Dillon', '2001/12/6', 1, '2019/6/2', 1.01, 'Essence.Dillon@etu.edu.tr', '05979545631'),
(21020305, 'Rowan', 'George', '2003/5/20', 1, '2021/9/5', 1.87, 'Rowan.George@etu.edu.tr', '05689146897')
;

INSERT INTO ACTIVE(stud_id) VALUES 
(21030101),
(21030201),
(19010201),
(19030201),
(22020101),
(22030301),
(20010101),
(19030202),
(20030101),
(20010102),
(22020201),
(19010301),
(21030301),
(18010101),
(19010302),
(22020202),
(21020301),
(19010303),
(20030102),
(19030301),
(20020201),
(21010301),
(20020301),
(18010102),
(18020101),
(21020101),
(19010202),
(22020102),
(21010302),
(18010201),
(22020301),
(20030301),
(21030202),
(21010201),
(21010202),
(22030101),
(18010301),
(21010203),
(22020302),
(19010101),
(21030102),
(22020203),
(18020201),
(21020201),
(20010301),
(20020101),
(18020102),
(20030201),
(18020202),
(22010201),
(21010101),
(20020102),
(22030201),
(20010201),
(19020101),
(21030203),
(21030302),
(21010303),
(21010304),
(21010305),
(20030103),
(20030104),
(18030101),
(19030302),
(20020302),
(22030202),
(20030105),
(20030302),
(22010301),
(22030203),
(21020202),
(18020301),
(20010103),
(22020303),
(22020103),
(18030102),
(18020203),
(18030301),
(19010304),
(19010203),
(20020103),
(19030203),
(19010305),
(20020303),
(20010202),
(21010306),
(21020102),
(18020103),
(22030302),
(19020201),
(21020203),
(22020304),
(19030101),
(18030201),
(21010204),
(21010307),
(20020202),
(18010302),
(20030303),
(18020302),
(20020304),
(22030102),
(19020301),
(19020102),
(22020104),
(21020204),
(22010302),
(18020303),
(22030303),
(18030302),
(19010204),
(18010303),
(18030303),
(20020104),
(20020105),
(18030304),
(20020305),
(19030102),
(19030303),
(21030303),
(22030304),
(22030305),
(18030103),
(18010103),
(20020306),
(19010306),
(19030204),
(19030103),
(18010104),
(22010303),
(20010104),
(22010101),
(18020204),
(20020106),
(20020107),
(21030204),
(20010105),
(21020103),
(22020305),
(20020108),
(22030306),
(18010304),
(21030103),
(19020302),
(21010205),
(18010105),
(20020307),
(21030205),
(22030103),
(21010102),
(22020204),
(21030304),
(20030202),
(21020205),
(22010202),
(20030106),
(21020206),
(20010106),
(18020205),
(19010205),
(18020206),
(19010307),
(20010107),
(22030204),
(19010308),
(18030305),
(22020105),
(22030104),
(22010102),
(19030205),
(19020202),
(22030105),
(21030206),
(22020205),
(18030202),
(21030207),
(18020104),
(21020207),
(18010202),
(19010206),
(21030208),
(19010102),
(20030304),
(19010103),
(21030209),
(19020303),
(20020203),
(21030104),
(18030306),
(18020207),
(18020105),
(20030305),
(21030305),
(18030203),
(19020103),
(19010309),
(18020208),
(22030205),
(20030306),
(19010207),
(18010203),
(19030206),
(18010305),
(20020109),
(20030307),
(19020304),
(19030304),
(19010104),
(21030105),
(20030203),
(21010308),
(19030305),
(19010208),
(21020208),
(22010203),
(22010304),
(22030106),
(20030204),
(20030107),
(19020305),
(22010204),
(22010103),
(22030107),
(21010309),
(18010204),
(22020306),
(19020104),
(20030308),
(20030205),
(22020106),
(20030206),
(20020110),
(21010206),
(22030108),
(22020206),
(22030109),
(20020308),
(22010104),
(20020309),
(21010103),
(20020204),
(18030104),
(19020306),
(20020310),
(19030207),
(19010105),
(20010108),
(19020105),
(18010306),
(21010104),
(20020111),
(18030105),
(18010106),
(22020307),
(21030306),
(21010310),
(22020207),
(19030208),
(18010205),
(19020307),
(22010305),
(20020311),
(20020312),
(20030207),
(22010205),
(19030306),
(18030204),
(21010207),
(19020106),
(18010107),
(22030110),
(18020209),
(20030208),
(19010106),
(21030106),
(22010206),
(18020210),
(21030210),
(20020112),
(20020113),
(22010105),
(21020104),
(19010310),
(19020107),
(19030104),
(18020304),
(20030209),
(18020106),
(22020208),
(18010206),
(19010107),
(21020105),
(22010306),
(19030105),
(20030210),
(18010307),
(22030111),
(21030211),
(18020211),
(18020212),
(22020209),
(20020114),
(19010108),
(21030212),
(21030213),
(19030307),
(19020203),
(18020107),
(21030107),
(21020106),
(21030214),
(20030309),
(20010302),
(19030209),
(22020107),
(19010109),
(22010106),
(19010311),
(20020115),
(20020313),
(18010207),
(19010312),
(19020204),
(22020108),
(20010109),
(19020108),
(18010108),
(20020314),
(18010109),
(18020108),
(18030307),
(21010311),
(22010307),
(21030215),
(21030307),
(19030308),
(22030112),
(19030210),
(18010308),
(22010107),
(21010208),
(22030307),
(18020305),
(18010309),
(19010110),
(19030211),
(18030106),
(19010209),
(19020109),
(21010312),
(20020315),
(22020308),
(21030108),
(21020209),
(20020116),
(19020308),
(21010105),
(18020109),
(21030109),
(22030308),
(21030110),
(19010111),
(20010203),
(18020213),
(18020306),
(19030106),
(19020309),
(22020210),
(20010303),
(19030107),
(22010308),
(22030113),
(18020307),
(21010209),
(18020110),
(21020302),
(18020308),
(19020110),
(20020117),
(22030114),
(20020205),
(20020118),
(21020210),
(20030310),
(19010112),
(19010313),
(20010304),
(20030311),
(18030205),
(20020206),
(21030111),
(18030308),
(22020109),
(21030112),
(19020310),
(20020316),
(20030211),
(22030115),
(18020214),
(22020309),
(21010313),
(18020309),
(20010204),
(19020205),
(19030309),
(21010314),
(22030206),
(22030309),
(18030107),
(19030108),
(19010314),
(18020215),
(21020211),
(21020303),
(18020111),
(18030108),
(22010309),
(22030207),
(21010210),
(20010205),
(18010208),
(18010310),
(18030109),
(20030312),
(21010315),
(18010209),
(19010113),
(20030313),
(19010114),
(19020311),
(22010108),
(22010109),
(21020212),
(19020111),
(20020119),
(21030308),
(21020107),
(20020120),
(22030116),
(18010311),
(22020110),
(18030206),
(19030109),
(21010106),
(22010310),
(19030110),
(22010311),
(19020312),
(18010312),
(18020112),
(20030108),
(20020121),
(18030309),
(21030113),
(22010110),
(21020304),
(20030109),
(19030310),
(19010115),
(22020211),
(22020212),
(18020310),
(22030310),
(20030212),
(18030310),
(19030212),
(18010313),
(22020111),
(21030216),
(20030314),
(20020122),
(21010211),
(22030311),
(21010107),
(21010316),
(18010210),
(18010211),
(21010108),
(19010210),
(21030114),
(22020310),
(21020108),
(22020311),
(18030110),
(21030115),
(20010206),
(19020313),
(19020206),
(20020317),
(19010315),
(22030208),
(19010316),
(21010317),
(20020207),
(21030309),
(20030213),
(21030310),
(18030311),
(19030213),
(21020305)
;

INSERT INTO STUDENT(stud_id, stud_fname, stud_lname, stud_birth_date, stud_reg_date, stud_gpa, stud_email, stud_number) VALUES 
(15020101, 'Fisher', 'Shepherd', '1995/7/19', 0, '2015/5/23', 3.92, 'Fisher.Shepherd@etu.edu.tr', '05959223660'),
(14010301, 'Dominick', 'Hobbs', '1996/1/28', 0, '2014/1/11', 1.45, 'Dominick.Hobbs@etu.edu.tr', '05948421499'),
(15030201, 'Dangelo', 'Lynch', '1994/12/19', 0, '2015/6/12', 3.21, 'Dangelo.Lynch@etu.edu.tr', '05010514101'),
(17020101, 'Mara', 'Spence', '1999/6/10', 1, '2017/1/6', 2.66, 'Mara.Spence@etu.edu.tr', '05466840918'),
(17010101, 'Rubi', 'Hogan', '1997/2/9', 1, '2017/6/17', 3.46, 'Rubi.Hogan@etu.edu.tr', '05079755904'),
(17020201, 'Easton', 'Cervantes', '1997/10/2', 0, '2017/6/16', 0.40, 'Easton.Cervantes@etu.edu.tr', '05084521343'),
(15020201, 'Viviana', 'Mendoza', '1995/9/13', 1, '2015/3/28', 1.25, 'Viviana.Mendoza@etu.edu.tr', '05717638117'),
(13020101, 'Dale', 'Leblanc', '1992/10/28', 0, '2013/3/20', 2.75, 'Dale.Leblanc@etu.edu.tr', '05905109303'),
(17010201, 'Charlize', 'Fischer', '1999/1/7', 1, '2017/5/12', 0.96, 'Charlize.Fischer@etu.edu.tr', '05667150517'),
(15030101, 'Yahir', 'Snyder', '1996/12/8', 0, '2015/7/9', 2.66, 'Yahir.Snyder@etu.edu.tr', '05900780645'),
(13010301, 'Lacey', 'Briggs', '1992/1/25', 1, '2013/8/18', 2.38, 'Lacey.Briggs@etu.edu.tr', '05677491349'),
(15020202, 'Kameron', 'Malone', '1994/4/21', 0, '2015/2/26', 1.72, 'Kameron.Malone@etu.edu.tr', '05879195275'),
(14030101, 'Marco', 'Sanders', '1994/11/10', 0, '2014/6/18', 0.91, 'Marco.Sanders@etu.edu.tr', '05308601912'),
(15020203, 'Ellie', 'Hawkins', '1997/3/14', 1, '2015/2/15', 1.97, 'Ellie.Hawkins@etu.edu.tr', '05144158059'),
(14030102, 'Cesar', 'Clark', '1993/10/16', 0, '2014/1/10', 1.25, 'Cesar.Clark@etu.edu.tr', '05491013437'),
(16030301, 'Ashtyn', 'Davidson', '1998/4/28', 1, '2016/5/17', 3.89, 'Ashtyn.Davidson@etu.edu.tr', '05801763890'),
(17010102, 'Carlos', 'Cantu', '1998/6/16', 0, '2017/8/8', 3.43, 'Carlos.Cantu@etu.edu.tr', '05408470075'),
(17030101, 'Rachael', 'Melendez', '1998/10/16', 1, '2017/6/22', 0.17, 'Rachael.Melendez@etu.edu.tr', '05478364069'),
(14010101, 'Kobe', 'Gill', '1996/10/16', 0, '2014/8/17', 3.50, 'Kobe.Gill@etu.edu.tr', '05788500462'),
(17030102, 'Tia', 'Ryan', '1996/8/26', 1, '2017/2/12', 3.48, 'Tia.Ryan@etu.edu.tr', '05873098290'),
(17020202, 'Susan', 'Mills', '1998/1/27', 1, '2017/8/24', 1.04, 'Susan.Mills@etu.edu.tr', '05882228787'),
(16010201, 'Adelaide', 'Walter', '1997/7/11', 1, '2016/4/6', 2.00, 'Adelaide.Walter@etu.edu.tr', '05525788808'),
(13020102, 'Maximo', 'Porter', '1993/4/24', 0, '2013/4/22', 2.34, 'Maximo.Porter@etu.edu.tr', '05740539357'),
(17020102, 'Saul', 'Thomas', '1999/1/7', 0, '2017/2/9', 3.15, 'Saul.Thomas@etu.edu.tr', '05165896551'),
(13020103, 'Quinn', 'Conrad', '1993/6/13', 1, '2013/1/7', 2.26, 'Quinn.Conrad@etu.edu.tr', '05644349505'),
(17030301, 'Elliot', 'Donovan', '1997/8/6', 0, '2017/4/6', 2.73, 'Elliot.Donovan@etu.edu.tr', '05067412284'),
(16030302, 'Adrien', 'Hudson', '1998/6/22', 0, '2016/3/6', 1.13, 'Adrien.Hudson@etu.edu.tr', '05506503878'),
(16030101, 'Abigayle', 'Carney', '1996/6/9', 1, '2016/3/15', 1.40, 'Abigayle.Carney@etu.edu.tr', '05246738875'),
(14030103, 'Ryan', 'Brooks', '1996/4/5', 0, '2014/8/27', 1.37, 'Ryan.Brooks@etu.edu.tr', '05068574554'),
(17020103, 'Jeremy', 'Torres', '1996/3/25', 0, '2017/3/25', 1.74, 'Jeremy.Torres@etu.edu.tr', '05511780726'),
(13010101, 'Cheyenne', 'Hopkins', '1995/10/15', 1, '2013/6/27', 1.35, 'Cheyenne.Hopkins@etu.edu.tr', '05216299759'),
(13020104, 'Lawrence', 'Stone', '1994/11/10', 0, '2013/9/7', 2.13, 'Lawrence.Stone@etu.edu.tr', '05509734546'),
(15010101, 'Kaleb', 'Pineda', '1996/6/22', 0, '2015/1/15', 2.31, 'Kaleb.Pineda@etu.edu.tr', '05013105534'),
(16030303, 'Belen', 'Pratt', '1994/3/17', 1, '2016/3/10', 0.07, 'Belen.Pratt@etu.edu.tr', '05031177596'),
(17010103, 'Ricardo', 'Villanueva', '1999/7/18', 0, '2017/9/18', 1.44, 'Ricardo.Villanueva@etu.edu.tr', '05988813147'),
(13010102, 'Orlando', 'Mcfarland', '1991/5/17', 0, '2013/2/10', 0.35, 'Orlando.Mcfarland@etu.edu.tr', '05717886171'),
(15020102, 'Grace', 'Mendez', '1995/10/12', 1, '2015/1/25', 0.26, 'Grace.Mendez@etu.edu.tr', '05038408378'),
(15010301, 'Rebekah', 'Novak', '1995/5/20', 1, '2015/4/15', 0.42, 'Rebekah.Novak@etu.edu.tr', '05130351683'),
(17030302, 'Luz', 'Bradford', '1998/12/20', 1, '2017/4/20', 3.44, 'Luz.Bradford@etu.edu.tr', '05935114754'),
(16010101, 'Gideon', 'Schultz', '1994/11/21', 0, '2016/7/13', 3.93, 'Gideon.Schultz@etu.edu.tr', '05866647705'),
(17020301, 'Kaliyah', 'Larson', '1999/10/20', 1, '2017/9/17', 3.77, 'Kaliyah.Larson@etu.edu.tr', '05836721020'),
(15030301, 'Sara', 'Peters', '1995/6/17', 1, '2015/9/28', 2.62, 'Sara.Peters@etu.edu.tr', '05994654688'),
(13030201, 'Charlie', 'Chung', '1993/12/23', 0, '2013/3/4', 2.01, 'Charlie.Chung@etu.edu.tr', '05932694162'),
(13030101, 'Giselle', 'Hutchinson', '1992/7/19', 1, '2013/7/24', 2.70, 'Giselle.Hutchinson@etu.edu.tr', '05407335635'),
(15020301, 'Lesly', 'Shaw', '1993/11/27', 1, '2015/7/10', 2.43, 'Lesly.Shaw@etu.edu.tr', '05472454312'),
(17010301, 'Ingrid', 'Burnett', '1998/8/20', 1, '2017/6/7', 1.92, 'Ingrid.Burnett@etu.edu.tr', '05871255145'),
(15030202, 'Gianni', 'Preston', '1997/1/6', 0, '2015/8/6', 1.84, 'Gianni.Preston@etu.edu.tr', '05578765136'),
(14010102, 'Kenzie', 'Mayer', '1996/8/28', 1, '2014/4/13', 1.94, 'Kenzie.Mayer@etu.edu.tr', '05897863568'),
(13030102, 'Baylee', 'May', '1992/5/25', 1, '2013/7/7', 2.22, 'Baylee.May@etu.edu.tr', '05116893586'),
(14030104, 'Landin', 'Ramos', '1993/9/25', 0, '2014/8/15', 3.04, 'Landin.Ramos@etu.edu.tr', '05922291488'),
(15030102, 'Ryan', 'Copeland', '1996/2/13', 1, '2015/2/13', 0.04, 'Ryan.Copeland@etu.edu.tr', '05118644939'),
(14030201, 'Atticus', 'Craig', '1994/4/15', 0, '2014/6/10', 3.56, 'Atticus.Craig@etu.edu.tr', '05945203817'),
(14010103, 'Aedan', 'Wyatt', '1993/2/4', 0, '2014/8/26', 0.73, 'Aedan.Wyatt@etu.edu.tr', '05846778927'),
(15030302, 'Messiah', 'Hicks', '1996/12/5', 0, '2015/4/20', 0.79, 'Messiah.Hicks@etu.edu.tr', '05178185278'),
(17030303, 'Pedro', 'Watts', '1997/9/22', 0, '2017/8/12', 2.99, 'Pedro.Watts@etu.edu.tr', '05960062520'),
(13010103, 'Adrienne', 'Hall', '1993/10/14', 1, '2013/4/4', 2.13, 'Adrienne.Hall@etu.edu.tr', '05820052942'),
(17020203, 'Danny', 'Parsons', '1996/11/22', 0, '2017/6/3', 1.55, 'Danny.Parsons@etu.edu.tr', '05257633702'),
(16020301, 'Keon', 'Clarke', '1995/11/26', 0, '2016/6/6', 1.90, 'Keon.Clarke@etu.edu.tr', '05826431646'),
(14010302, 'Trystan', 'Berry', '1992/4/6', 0, '2014/4/7', 1.32, 'Trystan.Berry@etu.edu.tr', '05165725406'),
(17020302, 'Averi', 'Bishop', '1999/1/28', 1, '2017/6/4', 0.47, 'Averi.Bishop@etu.edu.tr', '05455346133'),
(13020105, 'Krista', 'Lee', '1995/6/24', 1, '2013/5/16', 2.02, 'Krista.Lee@etu.edu.tr', '05584652335'),
(14030202, 'Mallory', 'Mercer', '1996/9/11', 1, '2014/9/14', 3.80, 'Mallory.Mercer@etu.edu.tr', '05533255316'),
(17020303, 'Precious', 'Douglas', '1996/12/9', 1, '2017/6/17', 2.80, 'Precious.Douglas@etu.edu.tr', '05268435077'),
(17020104, 'Andy', 'Harrell', '1996/7/14', 0, '2017/1/2', 3.71, 'Andy.Harrell@etu.edu.tr', '05007342706'),
(15030203, 'Jair', 'Green', '1994/7/19', 0, '2015/1/16', 0.22, 'Jair.Green@etu.edu.tr', '05190921362'),
(16020302, 'Carlo', 'Roberson', '1994/4/10', 0, '2016/7/10', 0.32, 'Carlo.Roberson@etu.edu.tr', '05683945299'),
(14010303, 'Hugh', 'Arnold', '1995/9/26', 0, '2014/1/9', 3.10, 'Hugh.Arnold@etu.edu.tr', '05229223322'),
(15030103, 'Jase', 'Rollins', '1993/6/21', 0, '2015/1/26', 2.09, 'Jase.Rollins@etu.edu.tr', '05006395686'),
(15030204, 'Nigel', 'Robertson', '1994/7/18', 0, '2015/2/15', 1.47, 'Nigel.Robertson@etu.edu.tr', '05911318854'),
(16020201, 'Jagger', 'Duarte', '1994/8/7', 0, '2016/4/13', 0.06, 'Jagger.Duarte@etu.edu.tr', '05342179310'),
(13030202, 'Stephanie', 'Strickland', '1995/9/23', 1, '2013/1/2', 2.45, 'Stephanie.Strickland@etu.edu.tr', '05893441343'),
(16020303, 'Amani', 'Fitzpatrick', '1996/5/14', 1, '2016/8/14', 0.29, 'Amani.Fitzpatrick@etu.edu.tr', '05705956010'),
(17010302, 'Nathen', 'Robles', '1996/7/28', 0, '2017/6/1', 3.90, 'Nathen.Robles@etu.edu.tr', '05252536216'),
(16020304, 'Brett', 'Chambers', '1996/12/7', 0, '2016/5/23', 2.80, 'Brett.Chambers@etu.edu.tr', '05322187368'),
(17030304, 'Zoie', 'Yang', '1996/10/20', 1, '2017/3/21', 1.13, 'Zoie.Yang@etu.edu.tr', '05291680148'),
(13020301, 'Franco', 'Golden', '1991/1/18', 0, '2013/2/9', 3.29, 'Franco.Golden@etu.edu.tr', '05572594363'),
(17030305, 'Sullivan', 'Houston', '1998/9/22', 0, '2017/3/11', 1.67, 'Sullivan.Houston@etu.edu.tr', '05656032851'),
(15030104, 'Katherine', 'Sanchez', '1997/9/14', 1, '2015/7/23', 2.31, 'Katherine.Sanchez@etu.edu.tr', '05447586751'),
(17020204, 'Paula', 'Case', '1997/1/16', 1, '2017/1/18', 1.29, 'Paula.Case@etu.edu.tr', '05022766336'),
(17030306, 'Hadley', 'Aguilar', '1999/9/27', 1, '2017/3/2', 1.24, 'Hadley.Aguilar@etu.edu.tr', '05758243102'),
(14020101, 'Kamron', 'Tate', '1995/1/10', 0, '2014/8/17', 3.21, 'Kamron.Tate@etu.edu.tr', '05592087280'),
(15010102, 'Sanaa', 'Obrien', '1994/8/20', 1, '2015/3/5', 3.13, 'Sanaa.Obrien@etu.edu.tr', '05563863200'),
(17030201, 'Amare', 'Frey', '1998/9/3', 0, '2017/4/15', 1.54, 'Amare.Frey@etu.edu.tr', '05940232235'),
(15010201, 'Victoria', 'Peterson', '1995/2/10', 1, '2015/8/16', 0.48, 'Victoria.Peterson@etu.edu.tr', '05184516570'),
(16030102, 'Kassandra', 'Stephenson', '1997/10/26', 1, '2016/6/6', 3.81, 'Kassandra.Stephenson@etu.edu.tr', '05675599054'),
(16020101, 'Kathryn', 'Travis', '1995/12/23', 1, '2016/7/23', 0.24, 'Kathryn.Travis@etu.edu.tr', '05647056759'),
(13010201, 'Jayden', 'Stout', '1992/8/23', 1, '2013/6/28', 3.83, 'Jayden.Stout@etu.edu.tr', '05408925507'),
(17030202, 'Aaden', 'Mcneil', '1995/5/28', 0, '2017/6/21', 3.95, 'Aaden.Mcneil@etu.edu.tr', '05343330174'),
(15010103, 'Adrianna', 'Griffith', '1996/4/24', 1, '2015/1/6', 3.73, 'Adrianna.Griffith@etu.edu.tr', '05539102185'),
(17030203, 'Audrina', 'Gay', '1996/12/1', 1, '2017/3/19', 1.83, 'Audrina.Gay@etu.edu.tr', '05173491790'),
(17030204, 'Sharon', 'Wilcox', '1995/2/25', 1, '2017/3/18', 2.71, 'Sharon.Wilcox@etu.edu.tr', '05895179189'),
(15010202, 'Sarah', 'Rivers', '1996/6/1', 1, '2015/8/15', 2.26, 'Sarah.Rivers@etu.edu.tr', '05877548230'),
(15030105, 'Whitney', 'Christensen', '1997/8/26', 1, '2015/8/21', 1.84, 'Whitney.Christensen@etu.edu.tr', '05132462418'),
(14030301, 'Jayce', 'Valentine', '1993/8/22', 0, '2014/6/26', 2.88, 'Jayce.Valentine@etu.edu.tr', '05706498041'),
(16020202, 'Walker', 'Moyer', '1995/2/9', 0, '2016/8/20', 1.04, 'Walker.Moyer@etu.edu.tr', '05322359270'),
(13010302, 'Shaun', 'Morgan', '1995/4/3', 0, '2013/1/28', 3.40, 'Shaun.Morgan@etu.edu.tr', '05123101631'),
(16030304, 'Elisha', 'Wiggins', '1996/2/11', 0, '2016/3/23', 0.49, 'Elisha.Wiggins@etu.edu.tr', '05705460490'),
(14010201, 'Estrella', 'Coleman', '1992/7/6', 1, '2014/7/18', 0.78, 'Estrella.Coleman@etu.edu.tr', '05915698028'),
(13030203, 'Clarissa', 'Wang', '1992/11/28', 1, '2013/8/24', 1.78, 'Clarissa.Wang@etu.edu.tr', '05180016605'),
(15010203, 'Melvin', 'Carlson', '1997/4/2', 0, '2015/2/22', 3.07, 'Melvin.Carlson@etu.edu.tr', '05552061626')
;

INSERT INTO GRADUATE(stud_id, grad_grad_date) VALUES 
(15020101, '2019/9/1'),
(14010301, '2019/1/3'),
(15030201, '2020/9/19'),
(17020101, '2022/6/9'),
(17010101, '2022/3/17'),
(17020201, '2021/3/22'),
(15020201, '2019/6/13'),
(13020101, '2017/2/8'),
(17010201, '2021/4/1'),
(15030101, '2020/4/1'),
(13010301, '2018/1/3'),
(15020202, '2020/8/26'),
(14030101, '2018/4/13'),
(15020203, '2020/1/15'),
(14030102, '2019/7/20'),
(16030301, '2021/9/11'),
(17010102, '2022/3/27'),
(17030101, '2021/9/15'),
(14010101, '2018/6/11'),
(17030102, '2022/9/14'),
(17020202, '2022/1/19'),
(16010201, '2020/5/15'),
(13020102, '2018/8/23'),
(17020102, '2021/4/8'),
(13020103, '2018/8/7'),
(17030301, '2021/2/18'),
(16030302, '2020/4/9'),
(16030101, '2021/8/15'),
(14030103, '2018/6/8'),
(17020103, '2021/2/17'),
(13010101, '2018/9/4'),
(13020104, '2018/5/6'),
(15010101, '2020/9/17'),
(16030303, '2021/9/7'),
(17010103, '2022/1/28'),
(13010102, '2017/9/8'),
(15020102, '2019/2/9'),
(15010301, '2020/5/2'),
(17030302, '2022/9/20'),
(16010101, '2020/7/19'),
(17020301, '2022/9/26'),
(15030301, '2019/8/27'),
(13030201, '2018/7/4'),
(13030101, '2017/2/1'),
(15020301, '2019/7/12'),
(17010301, '2021/8/17'),
(15030202, '2019/5/9'),
(14010102, '2019/9/14'),
(13030102, '2017/8/15'),
(14030104, '2018/6/22'),
(15030102, '2019/3/7'),
(14030201, '2019/6/25'),
(14010103, '2018/3/26'),
(15030302, '2019/8/12'),
(17030303, '2021/4/6'),
(13010103, '2018/1/26'),
(17020203, '2021/8/19'),
(16020301, '2021/8/4'),
(14010302, '2018/1/24'),
(17020302, '2021/9/14'),
(13020105, '2017/5/6'),
(14030202, '2019/4/27'),
(17020303, '2021/5/16'),
(17020104, '2022/1/28'),
(15030203, '2020/7/26'),
(16020302, '2020/7/25'),
(14010303, '2019/8/18'),
(15030103, '2019/2/23'),
(15030204, '2019/7/3'),
(16020201, '2021/4/1'),
(13030202, '2018/1/19'),
(16020303, '2021/3/26'),
(17010302, '2022/5/5'),
(16020304, '2020/9/14'),
(17030304, '2021/3/11'),
(13020301, '2018/9/7'),
(17030305, '2021/3/18'),
(15030104, '2019/3/8'),
(17020204, '2021/5/3'),
(17030306, '2021/9/28'),
(14020101, '2018/9/10'),
(15010102, '2019/7/5'),
(17030201, '2022/7/23'),
(15010201, '2020/2/19'),
(16030102, '2020/8/18'),
(16020101, '2020/8/23'),
(13010201, '2018/2/1'),
(17030202, '2021/6/14'),
(15010103, '2019/5/4'),
(17030203, '2022/1/6'),
(17030204, '2021/8/6'),
(15010202, '2020/8/21'),
(15030105, '2019/7/8'),
(14030301, '2019/5/24'),
(16020202, '2020/3/22'),
(13010302, '2018/3/1'),
(16030304, '2020/6/24'),
(14010201, '2019/7/12'),
(13030203, '2017/8/1'),
(15010203, '2019/6/20')
;

INSERT INTO PARENT(pare_id, pare_fname, pare_lname, pare_sex, pare_email, pare_number) VALUES 
(1, 'Demarion', 'Carlson', 0, 'Demarion.Carlson@gmail.com', '05774391006'),
(2, 'Kassidy', 'Morgan', 1, 'Kassidy.Morgan@gmail.com', '05457935821'),
(3, 'Jaslene', 'Moyer', 1, 'Jaslene.Moyer@gmail.com', '05893426181'),
(4, 'Ace', 'Valentine', 0, 'Ace.Valentine@gmail.com', '05639749598'),
(5, 'Kolby', 'Christensen', 0, 'Kolby.Christensen@gmail.com', '05519213595'),
(6, 'Bria', 'Griffith', 1, 'Bria.Griffith@gmail.com', '05870591699'),
(7, 'Rolando', 'Stout', 0, 'Rolando.Stout@gmail.com', '05839990917'),
(8, 'Jessie', 'Obrien', 1, 'Jessie.Obrien@gmail.com', '05816275705'),
(9, 'Amiya', 'Tate', 1, 'Amiya.Tate@gmail.com', '05621910855'),
(10, 'Adam', 'Aguilar', 0, 'Adam.Aguilar@gmail.com', '05690793687'),
(11, 'Fabian', 'Case', 0, 'Fabian.Case@gmail.com', '05588051651'),
(12, 'Ray', 'Sanchez', 0, 'Ray.Sanchez@gmail.com', '05230436037'),
(13, 'Leland', 'Golden', 0, 'Leland.Golden@gmail.com', '05973233905'),
(14, 'Madalyn', 'Fitzpatrick', 1, 'Madalyn.Fitzpatrick@gmail.com', '05376451590'),
(15, 'Catalina', 'Robertson', 1, 'Catalina.Robertson@gmail.com', '05149964849'),
(16, 'Frida', 'Green', 1, 'Frida.Green@gmail.com', '05297809378'),
(17, 'Corey', 'Douglas', 0, 'Corey.Douglas@gmail.com', '05430782788'),
(18, 'Nick', 'Mercer', 0, 'Nick.Mercer@gmail.com', '05090476340'),
(19, 'Reed', 'Bishop', 0, 'Reed.Bishop@gmail.com', '05066913970'),
(20, 'Cameron', 'Berry', 1, 'Cameron.Berry@gmail.com', '05321521525'),
(21, 'Ainsley', 'Clarke', 1, 'Ainsley.Clarke@gmail.com', '05721358653'),
(22, 'Noah', 'Parsons', 0, 'Noah.Parsons@gmail.com', '05994594564'),
(23, 'Josue', 'Hall', 0, 'Josue.Hall@gmail.com', '05753015589'),
(24, 'Ernesto', 'Watts', 0, 'Ernesto.Watts@gmail.com', '05308183467'),
(25, 'Yosef', 'Hicks', 0, 'Yosef.Hicks@gmail.com', '05136585296'),
(26, 'Joanna', 'Craig', 1, 'Joanna.Craig@gmail.com', '05927698840'),
(27, 'Lucy', 'Copeland', 1, 'Lucy.Copeland@gmail.com', '05842480367'),
(28, 'Rudy', 'Ramos', 0, 'Rudy.Ramos@gmail.com', '05620169793'),
(29, 'Malakai', 'May', 0, 'Malakai.May@gmail.com', '05361167193'),
(30, 'Deandre', 'Preston', 0, 'Deandre.Preston@gmail.com', '05764790452'),
(31, 'Malachi', 'Hutchinson', 0, 'Malachi.Hutchinson@gmail.com', '05235105608'),
(32, 'Riya', 'Peters', 1, 'Riya.Peters@gmail.com', '05105845168'),
(33, 'Emmanuel', 'Lee', 0, 'Emmanuel.Lee@gmail.com', '05273348768'),
(34, 'Melany', 'Bender', 1, 'Melany.Bender@gmail.com', '05522283182'),
(35, 'Dylan', 'Mccormick', 0, 'Dylan.Mccormick@gmail.com', '05736462376'),
(36, 'Margaret', 'Ayala', 1, 'Margaret.Ayala@gmail.com', '05900079089'),
(37, 'Jamiya', 'Bray', 1, 'Jamiya.Bray@gmail.com', '05309639071'),
(38, 'Lucian', 'Davis', 0, 'Lucian.Davis@gmail.com', '05849278954'),
(39, 'Ronin', 'Raymond', 0, 'Ronin.Raymond@gmail.com', '05727625706'),
(40, 'Kasey', 'Galloway', 0, 'Kasey.Galloway@gmail.com', '05793892915'),
(41, 'Jade', 'Ibarra', 1, 'Jade.Ibarra@gmail.com', '05625632050'),
(42, 'Madalynn', 'Dodson', 1, 'Madalynn.Dodson@gmail.com', '05770442052'),
(43, 'Kinley', 'Flowers', 1, 'Kinley.Flowers@gmail.com', '05775297785'),
(44, 'Rylee', 'Murillo', 1, 'Rylee.Murillo@gmail.com', '05217535553'),
(45, 'Luca', 'French', 0, 'Luca.French@gmail.com', '05587814228'),
(46, 'Valentino', 'Huber', 0, 'Valentino.Huber@gmail.com', '05541211984'),
(47, 'Garrett', 'Hatfield', 0, 'Garrett.Hatfield@gmail.com', '05374849102'),
(48, 'Ana', 'Rose', 1, 'Ana.Rose@gmail.com', '05191514336'),
(49, 'Ruben', 'Robles', 0, 'Ruben.Robles@gmail.com', '05750840481'),
(50, 'Ismael', 'Cole', 0, 'Ismael.Cole@gmail.com', '05661703914'),
(51, 'Justus', 'Calhoun', 0, 'Justus.Calhoun@gmail.com', '05573129738'),
(52, 'Amari', 'Wilcox', 0, 'Amari.Wilcox@gmail.com', '05154193390'),
(53, 'Lauren', 'Schwartz', 1, 'Lauren.Schwartz@gmail.com', '05488701121'),
(54, 'Alexia', 'Ellis', 1, 'Alexia.Ellis@gmail.com', '05604587447'),
(55, 'Laylah', 'West', 1, 'Laylah.West@gmail.com', '05281530768'),
(56, 'Gwendolyn', 'Bush', 1, 'Gwendolyn.Bush@gmail.com', '05817921213'),
(57, 'Michaela', 'Hays', 1, 'Michaela.Hays@gmail.com', '05842706578'),
(58, 'Lara', 'Caldwell', 1, 'Lara.Caldwell@gmail.com', '05143310457'),
(59, 'Keegan', 'Moses', 0, 'Keegan.Moses@gmail.com', '05640962376'),
(60, 'Giovanna', 'Choi', 1, 'Giovanna.Choi@gmail.com', '05804654642'),
(61, 'Lucille', 'Rangel', 1, 'Lucille.Rangel@gmail.com', '05532577415'),
(62, 'Phillip', 'Solis', 0, 'Phillip.Solis@gmail.com', '05526953507'),
(63, 'Yareli', 'Woods', 1, 'Yareli.Woods@gmail.com', '05248602003'),
(64, 'Emmalee', 'Mcmahon', 1, 'Emmalee.Mcmahon@gmail.com', '05532495923'),
(65, 'Slade', 'Roberts', 0, 'Slade.Roberts@gmail.com', '05961431213'),
(66, 'Roderick', 'Long', 0, 'Roderick.Long@gmail.com', '05147647912'),
(67, 'Hector', 'Russo', 0, 'Hector.Russo@gmail.com', '05686298554'),
(68, 'Tristen', 'Sheppard', 0, 'Tristen.Sheppard@gmail.com', '05507840105'),
(69, 'Paulina', 'Walter', 1, 'Paulina.Walter@gmail.com', '05230224680'),
(70, 'Mckayla', 'York', 1, 'Mckayla.York@gmail.com', '05677422008'),
(71, 'Melody', 'Thornton', 1, 'Melody.Thornton@gmail.com', '05557577244'),
(72, 'Marcus', 'Gonzales', 0, 'Marcus.Gonzales@gmail.com', '05601079127'),
(73, 'Gloria', 'Ramirez', 1, 'Gloria.Ramirez@gmail.com', '05443845627'),
(74, 'Isla', 'Torres', 1, 'Isla.Torres@gmail.com', '05486422811'),
(75, 'Gerardo', 'Fleming', 0, 'Gerardo.Fleming@gmail.com', '05270102891'),
(76, 'Zane', 'Patrick', 0, 'Zane.Patrick@gmail.com', '05630194933'),
(77, 'Kate', 'Mcfarland', 1, 'Kate.Mcfarland@gmail.com', '05098499660'),
(78, 'Rhett', 'Chang', 0, 'Rhett.Chang@gmail.com', '05105504950'),
(79, 'Mira', 'Livingston', 1, 'Mira.Livingston@gmail.com', '05297682936'),
(80, 'Elisa', 'Massey', 1, 'Elisa.Massey@gmail.com', '05464520525'),
(81, 'Douglas', 'Quinn', 0, 'Douglas.Quinn@gmail.com', '05045530708'),
(82, 'Ariel', 'Brock', 1, 'Ariel.Brock@gmail.com', '05559063608'),
(83, 'Max', 'Beard', 0, 'Max.Beard@gmail.com', '05272544239'),
(84, 'Nancy', 'Gillespie', 1, 'Nancy.Gillespie@gmail.com', '05404474466'),
(85, 'Kaylen', 'Farley', 1, 'Kaylen.Farley@gmail.com', '05511091819'),
(86, 'Anabelle', 'Goodman', 1, 'Anabelle.Goodman@gmail.com', '05107820771'),
(87, 'Kali', 'Calderon', 1, 'Kali.Calderon@gmail.com', '05596134749'),
(88, 'Penelope', 'Andrade', 1, 'Penelope.Andrade@gmail.com', '05337441693'),
(89, 'Jacqueline', 'Vaughn', 1, 'Jacqueline.Vaughn@gmail.com', '05093261310'),
(90, 'Brayan', 'Spence', 0, 'Brayan.Spence@gmail.com', '05725312340'),
(91, 'Salvador', 'Marks', 0, 'Salvador.Marks@gmail.com', '05926005626'),
(92, 'Trevon', 'Lawrence', 0, 'Trevon.Lawrence@gmail.com', '05910061174'),
(93, 'Tripp', 'Mason', 0, 'Tripp.Mason@gmail.com', '05932189361'),
(94, 'Tamia', 'Medina', 1, 'Tamia.Medina@gmail.com', '05751213807'),
(95, 'Clara', 'Pierce', 1, 'Clara.Pierce@gmail.com', '05707016417'),
(96, 'Reynaldo', 'Rodgers', 0, 'Reynaldo.Rodgers@gmail.com', '05295331482'),
(97, 'Mercedes', 'Key', 1, 'Mercedes.Key@gmail.com', '05657137828'),
(98, 'Tanya', 'Kaufman', 1, 'Tanya.Kaufman@gmail.com', '05505448125'),
(99, 'Jaylene', 'Davies', 1, 'Jaylene.Davies@gmail.com', '05287525838'),
(100, 'Marcos', 'Pollard', 0, 'Marcos.Pollard@gmail.com', '05573488272'),
(101, 'Jerimiah', 'Barry', 0, 'Jerimiah.Barry@gmail.com', '05044876550'),
(102, 'Hayden', 'Woodward', 1, 'Hayden.Woodward@gmail.com', '05738233394'),
(103, 'Casey', 'Rowland', 0, 'Casey.Rowland@gmail.com', '05958996293'),
(104, 'Xavier', 'Mckay', 0, 'Xavier.Mckay@gmail.com', '05745600695'),
(105, 'Ali', 'Swanson', 0, 'Ali.Swanson@gmail.com', '05387718149'),
(106, 'Jasper', 'Nguyen', 0, 'Jasper.Nguyen@gmail.com', '05728360705'),
(107, 'Salvatore', 'Hensley', 0, 'Salvatore.Hensley@gmail.com', '05224294858'),
(108, 'Lizeth', 'Molina', 1, 'Lizeth.Molina@gmail.com', '05807631560'),
(109, 'Macy', 'Ortiz', 1, 'Macy.Ortiz@gmail.com', '05086276042'),
(110, 'Mohammad', 'Blair', 0, 'Mohammad.Blair@gmail.com', '05979554588'),
(111, 'Savannah', 'Goodwin', 1, 'Savannah.Goodwin@gmail.com', '05524892842'),
(112, 'Julian', 'Kennedy', 0, 'Julian.Kennedy@gmail.com', '05850656975'),
(113, 'Cohen', 'Chase', 0, 'Cohen.Chase@gmail.com', '05451102943'),
(114, 'Austin', 'Crosby', 0, 'Austin.Crosby@gmail.com', '05745040465'),
(115, 'Dayana', 'Day', 1, 'Dayana.Day@gmail.com', '05716406102'),
(116, 'Leia', 'Vargas', 1, 'Leia.Vargas@gmail.com', '05488892170'),
(117, 'Luciano', 'Branch', 0, 'Luciano.Branch@gmail.com', '05507754207'),
(118, 'Royce', 'Wolfe', 0, 'Royce.Wolfe@gmail.com', '05464296684'),
(119, 'Manuel', 'Potter', 0, 'Manuel.Potter@gmail.com', '05208616627'),
(120, 'Laci', 'Richmond', 1, 'Laci.Richmond@gmail.com', '05719131855'),
(121, 'Russell', 'Hayden', 0, 'Russell.Hayden@gmail.com', '05182951370'),
(122, 'Makayla', 'Peck', 1, 'Makayla.Peck@gmail.com', '05839493438'),
(123, 'Mila', 'Garcia', 1, 'Mila.Garcia@gmail.com', '05947145890'),
(124, 'Daniella', 'Paul', 1, 'Daniella.Paul@gmail.com', '05304642832'),
(125, 'Jax', 'Palmer', 0, 'Jax.Palmer@gmail.com', '05336799525'),
(126, 'Keaton', 'Lopez', 0, 'Keaton.Lopez@gmail.com', '05570051061'),
(127, 'Taylor', 'Brandt', 1, 'Taylor.Brandt@gmail.com', '05533936125'),
(128, 'Maren', 'Navarro', 1, 'Maren.Navarro@gmail.com', '05446510156'),
(129, 'Killian', 'Sloan', 0, 'Killian.Sloan@gmail.com', '05882201380'),
(130, 'Cristian', 'Miranda', 0, 'Cristian.Miranda@gmail.com', '05525337924'),
(131, 'Christine', 'Stevenson', 1, 'Christine.Stevenson@gmail.com', '05289217072'),
(132, 'Julio', 'Reyes', 0, 'Julio.Reyes@gmail.com', '05428776789'),
(133, 'Devon', 'Nash', 0, 'Devon.Nash@gmail.com', '05685570126'),
(134, 'Lindsay', 'Williams', 1, 'Lindsay.Williams@gmail.com', '05674591709'),
(135, 'Azul', 'Suarez', 1, 'Azul.Suarez@gmail.com', '05912702654'),
(136, 'Aracely', 'Holt', 1, 'Aracely.Holt@gmail.com', '05124146098'),
(137, 'Oliver', 'Irwin', 0, 'Oliver.Irwin@gmail.com', '05430600757'),
(138, 'Myles', 'Lloyd', 0, 'Myles.Lloyd@gmail.com', '05951336783'),
(139, 'Erick', 'Reese', 0, 'Erick.Reese@gmail.com', '05727528509'),
(140, 'Francis', 'Holland', 0, 'Francis.Holland@gmail.com', '05085270951'),
(141, 'Eugene', 'Bowman', 0, 'Eugene.Bowman@gmail.com', '05213004317'),
(142, 'Kadin', 'Soto', 0, 'Kadin.Soto@gmail.com', '05477427422'),
(143, 'Howard', 'Mcintosh', 0, 'Howard.Mcintosh@gmail.com', '05967164264'),
(144, 'Leo', 'Fuentes', 0, 'Leo.Fuentes@gmail.com', '05062693338'),
(145, 'Shelby', 'Drake', 1, 'Shelby.Drake@gmail.com', '05533477610'),
(146, 'Reagan', 'Carney', 1, 'Reagan.Carney@gmail.com', '05998434006'),
(147, 'Rodney', 'Krueger', 0, 'Rodney.Krueger@gmail.com', '05968491382'),
(148, 'Shane', 'Richardson', 0, 'Shane.Richardson@gmail.com', '05751615615'),
(149, 'Kael', 'Boone', 0, 'Kael.Boone@gmail.com', '05523123832'),
(150, 'Makenzie', 'Clements', 1, 'Makenzie.Clements@gmail.com', '05033163577'),
(151, 'Ricky', 'Hanna', 0, 'Ricky.Hanna@gmail.com', '05915696178'),
(152, 'Dean', 'Kirby', 0, 'Dean.Kirby@gmail.com', '05292777980'),
(153, 'Jazlynn', 'Ferguson', 1, 'Jazlynn.Ferguson@gmail.com', '05338907659'),
(154, 'Hailie', 'Potts', 1, 'Hailie.Potts@gmail.com', '05735365244'),
(155, 'Reece', 'House', 0, 'Reece.House@gmail.com', '05853752864'),
(156, 'Emily', 'Ryan', 1, 'Emily.Ryan@gmail.com', '05422497365'),
(157, 'Oscar', 'Arroyo', 0, 'Oscar.Arroyo@gmail.com', '05268703269'),
(158, 'Bernard', 'Booker', 0, 'Bernard.Booker@gmail.com', '05408685216'),
(159, 'Myla', 'Mccoy', 1, 'Myla.Mccoy@gmail.com', '05835781213'),
(160, 'Ariella', 'Mahoney', 1, 'Ariella.Mahoney@gmail.com', '05447785816'),
(161, 'David', 'Prince', 0, 'David.Prince@gmail.com', '05591232028'),
(162, 'Amira', 'Oneill', 1, 'Amira.Oneill@gmail.com', '05386737204'),
(163, 'Marc', 'Leblanc', 0, 'Marc.Leblanc@gmail.com', '05135636469'),
(164, 'Siena', 'Norton', 1, 'Siena.Norton@gmail.com', '05050465592'),
(165, 'Jayson', 'Cline', 0, 'Jayson.Cline@gmail.com', '05872504961'),
(166, 'Cassius', 'Stokes', 0, 'Cassius.Stokes@gmail.com', '05605251380'),
(167, 'Jaelynn', 'Simpson', 1, 'Jaelynn.Simpson@gmail.com', '05392841050'),
(168, 'Jaelyn', 'Haney', 1, 'Jaelyn.Haney@gmail.com', '05362969001'),
(169, 'Vance', 'Mcdaniel', 0, 'Vance.Mcdaniel@gmail.com', '05808238282'),
(170, 'Edith', 'Abbott', 1, 'Edith.Abbott@gmail.com', '05452569672'),
(171, 'Madelynn', 'Levy', 1, 'Madelynn.Levy@gmail.com', '05621732015'),
(172, 'Heaven', 'Poole', 1, 'Heaven.Poole@gmail.com', '05517356816'),
(173, 'Oswaldo', 'Meyer', 0, 'Oswaldo.Meyer@gmail.com', '05004083219'),
(174, 'Rowan', 'Fuller', 0, 'Rowan.Fuller@gmail.com', '05288680174'),
(175, 'Jovanny', 'Park', 0, 'Jovanny.Park@gmail.com', '05326109747'),
(176, 'Cullen', 'Turner', 0, 'Cullen.Turner@gmail.com', '05482923849'),
(177, 'Rose', 'Lewis', 1, 'Rose.Lewis@gmail.com', '05771710393'),
(178, 'Callie', 'Jacobson', 1, 'Callie.Jacobson@gmail.com', '05185082986'),
(179, 'Selena', 'Logan', 1, 'Selena.Logan@gmail.com', '05152636769'),
(180, 'Charlie', 'Fischer', 1, 'Charlie.Fischer@gmail.com', '05247488774'),
(181, 'Jaydan', 'Bryan', 0, 'Jaydan.Bryan@gmail.com', '05107305253'),
(182, 'Shyanne', 'Moreno', 1, 'Shyanne.Moreno@gmail.com', '05536214360'),
(183, 'Naomi', 'David', 1, 'Naomi.David@gmail.com', '05910019499'),
(184, 'Ally', 'Campos', 1, 'Ally.Campos@gmail.com', '05614251704'),
(185, 'Celeste', 'Oconnell', 1, 'Celeste.Oconnell@gmail.com', '05276622795'),
(186, 'Winston', 'Travis', 0, 'Winston.Travis@gmail.com', '05781943825'),
(187, 'Reid', 'Todd', 0, 'Reid.Todd@gmail.com', '05180262617'),
(188, 'Aditya', 'Ward', 0, 'Aditya.Ward@gmail.com', '05472861541'),
(189, 'Paige', 'Hopkins', 1, 'Paige.Hopkins@gmail.com', '05549043708'),
(190, 'Uriah', 'Frey', 0, 'Uriah.Frey@gmail.com', '05009292292'),
(191, 'Roy', 'Waters', 0, 'Roy.Waters@gmail.com', '05442729074'),
(192, 'Janiyah', 'Mejia', 1, 'Janiyah.Mejia@gmail.com', '05377749720'),
(193, 'Karson', 'Huff', 0, 'Karson.Huff@gmail.com', '05124345522'),
(194, 'Mary', 'Lowe', 1, 'Mary.Lowe@gmail.com', '05681518963'),
(195, 'Savanna', 'Ware', 1, 'Savanna.Ware@gmail.com', '05020113298'),
(196, 'Adelyn', 'Graves', 1, 'Adelyn.Graves@gmail.com', '05470143362'),
(197, 'Carson', 'Montoya', 0, 'Carson.Montoya@gmail.com', '05597596862'),
(198, 'Henry', 'Alvarez', 0, 'Henry.Alvarez@gmail.com', '05211753517'),
(199, 'Jaylyn', 'Bates', 1, 'Jaylyn.Bates@gmail.com', '05734282609'),
(200, 'Gabriella', 'Mosley', 1, 'Gabriella.Mosley@gmail.com', '05863469869'),
(201, 'Sanai', 'Murray', 1, 'Sanai.Murray@gmail.com', '05005366298'),
(202, 'Kai', 'Frank', 0, 'Kai.Frank@gmail.com', '05343715847'),
(203, 'Sonia', 'Wise', 1, 'Sonia.Wise@gmail.com', '05039148078'),
(204, 'Kenna', 'Bennett', 1, 'Kenna.Bennett@gmail.com', '05585415239'),
(205, 'Keira', 'Floyd', 1, 'Keira.Floyd@gmail.com', '05232039702'),
(206, 'Markus', 'Farmer', 0, 'Markus.Farmer@gmail.com', '05310347374'),
(207, 'Lucia', 'Whitney', 1, 'Lucia.Whitney@gmail.com', '05038753833'),
(208, 'Isabella', 'Kelley', 1, 'Isabella.Kelley@gmail.com', '05731622020'),
(209, 'Angelo', 'Santiago', 0, 'Angelo.Santiago@gmail.com', '05090937544'),
(210, 'Theresa', 'Gibbs', 1, 'Theresa.Gibbs@gmail.com', '05342835363'),
(211, 'Angeline', 'Pittman', 1, 'Angeline.Pittman@gmail.com', '05593928984'),
(212, 'Yuliana', 'Costa', 1, 'Yuliana.Costa@gmail.com', '05404358937'),
(213, 'Bradley', 'Ruiz', 0, 'Bradley.Ruiz@gmail.com', '05032760391'),
(214, 'Maurice', 'Fritz', 0, 'Maurice.Fritz@gmail.com', '05513323934'),
(215, 'Haylee', 'Daniels', 1, 'Haylee.Daniels@gmail.com', '05900995745'),
(216, 'Angelica', 'Rollins', 1, 'Angelica.Rollins@gmail.com', '05987017330'),
(217, 'Justin', 'Adams', 0, 'Justin.Adams@gmail.com', '05336821276'),
(218, 'Shea', 'Mcneil', 1, 'Shea.Mcneil@gmail.com', '05719285994'),
(219, 'Zoey', 'Melton', 1, 'Zoey.Melton@gmail.com', '05119044031'),
(220, 'Natalie', 'Morse', 1, 'Natalie.Morse@gmail.com', '05731180790'),
(221, 'Izaiah', 'Hardin', 0, 'Izaiah.Hardin@gmail.com', '05992481099'),
(222, 'Hana', 'Ferrell', 1, 'Hana.Ferrell@gmail.com', '05045460540'),
(223, 'Priscilla', 'Dyer', 1, 'Priscilla.Dyer@gmail.com', '05367457401'),
(224, 'Anabel', 'Davenport', 1, 'Anabel.Davenport@gmail.com', '05491791623'),
(225, 'River', 'Thomas', 0, 'River.Thomas@gmail.com', '05037201370'),
(226, 'Cole', 'Mathews', 0, 'Cole.Mathews@gmail.com', '05821783036'),
(227, 'Franklin', 'Schmitt', 0, 'Franklin.Schmitt@gmail.com', '05723008696'),
(228, 'Tucker', 'Bond', 0, 'Tucker.Bond@gmail.com', '05316644721'),
(229, 'Adalyn', 'Thompson', 1, 'Adalyn.Thompson@gmail.com', '05465969533'),
(230, 'Addisyn', 'Mullins', 1, 'Addisyn.Mullins@gmail.com', '05957718302'),
(231, 'Jazlene', 'Wang', 1, 'Jazlene.Wang@gmail.com', '05175549836'),
(232, 'Aubrey', 'Rojas', 1, 'Aubrey.Rojas@gmail.com', '05428301858'),
(233, 'Raelynn', 'Gardner', 1, 'Raelynn.Gardner@gmail.com', '05744804015'),
(234, 'Isabell', 'Mann', 1, 'Isabell.Mann@gmail.com', '05085190040'),
(235, 'Brian', 'Zavala', 0, 'Brian.Zavala@gmail.com', '05098173176'),
(236, 'Anderson', 'Marsh', 0, 'Anderson.Marsh@gmail.com', '05083416947'),
(237, 'Iris', 'Hoffman', 1, 'Iris.Hoffman@gmail.com', '05224228468'),
(238, 'Brodie', 'Lutz', 0, 'Brodie.Lutz@gmail.com', '05775202815'),
(239, 'Mathew', 'Rice', 0, 'Mathew.Rice@gmail.com', '05140955660'),
(240, 'Ignacio', 'Stone', 0, 'Ignacio.Stone@gmail.com', '05653692469'),
(241, 'Kathy', 'Bass', 1, 'Kathy.Bass@gmail.com', '05666869698'),
(242, 'Kaitlyn', 'Daugherty', 1, 'Kaitlyn.Daugherty@gmail.com', '05189657858'),
(243, 'Marlon', 'Weber', 0, 'Marlon.Weber@gmail.com', '05402640707'),
(244, 'Cedric', 'Sanford', 0, 'Cedric.Sanford@gmail.com', '05344425319'),
(245, 'Stephen', 'Mcclain', 0, 'Stephen.Mcclain@gmail.com', '05027724867'),
(246, 'Layton', 'Johns', 0, 'Layton.Johns@gmail.com', '05982172830'),
(247, 'Braden', 'Carr', 0, 'Braden.Carr@gmail.com', '05782214376'),
(248, 'Veronica', 'Rubio', 1, 'Veronica.Rubio@gmail.com', '05553931659'),
(249, 'Giada', 'Pope', 1, 'Giada.Pope@gmail.com', '05482896136'),
(250, 'Coleman', 'Kim', 0, 'Coleman.Kim@gmail.com', '05825484038'),
(251, 'Dominique', 'Mayer', 1, 'Dominique.Mayer@gmail.com', '05351538611'),
(252, 'Kyan', 'Sparks', 0, 'Kyan.Sparks@gmail.com', '05610223827'),
(253, 'Maxim', 'Bonilla', 0, 'Maxim.Bonilla@gmail.com', '05414830618'),
(254, 'Peyton', 'Pearson', 0, 'Peyton.Pearson@gmail.com', '05271054488'),
(255, 'Lorenzo', 'Ball', 0, 'Lorenzo.Ball@gmail.com', '05841423309'),
(256, 'Leslie', 'Murphy', 1, 'Leslie.Murphy@gmail.com', '05459440488'),
(257, 'Camron', 'Leon', 0, 'Camron.Leon@gmail.com', '05112850679'),
(258, 'Roberto', 'Snyder', 0, 'Roberto.Snyder@gmail.com', '05007539523'),
(259, 'Kyra', 'Horn', 1, 'Kyra.Horn@gmail.com', '05456614601'),
(260, 'Kathleen', 'Higgins', 1, 'Kathleen.Higgins@gmail.com', '05350639502'),
(261, 'Ronnie', 'Dudley', 0, 'Ronnie.Dudley@gmail.com', '05936808310'),
(262, 'Brielle', 'Roy', 1, 'Brielle.Roy@gmail.com', '05650012195'),
(263, 'Brylee', 'Erickson', 1, 'Brylee.Erickson@gmail.com', '05532402884'),
(264, 'Alma', 'Weiss', 1, 'Alma.Weiss@gmail.com', '05274316304'),
(265, 'Aryan', 'Vang', 0, 'Aryan.Vang@gmail.com', '05407848517'),
(266, 'Jairo', 'Solomon', 0, 'Jairo.Solomon@gmail.com', '05966347731'),
(267, 'Tyrone', 'Whitehead', 0, 'Tyrone.Whitehead@gmail.com', '05534384882'),
(268, 'Bruce', 'Nielsen', 0, 'Bruce.Nielsen@gmail.com', '05053006732'),
(269, 'Aarav', 'Simmons', 0, 'Aarav.Simmons@gmail.com', '05816511812'),
(270, 'Savion', 'Carroll', 0, 'Savion.Carroll@gmail.com', '05894375544'),
(271, 'Danica', 'Kelly', 1, 'Danica.Kelly@gmail.com', '05981574786'),
(272, 'Mariyah', 'Neal', 1, 'Mariyah.Neal@gmail.com', '05450533071'),
(273, 'Pierre', 'Galvan', 0, 'Pierre.Galvan@gmail.com', '05838392983'),
(274, 'Marshall', 'Gaines', 0, 'Marshall.Gaines@gmail.com', '05758146935'),
(275, 'Kallie', 'Dixon', 1, 'Kallie.Dixon@gmail.com', '05892111590'),
(276, 'Julianna', 'Alexander', 1, 'Julianna.Alexander@gmail.com', '05966354755'),
(277, 'Maddox', 'Curry', 0, 'Maddox.Curry@gmail.com', '05376979428'),
(278, 'Osvaldo', 'Knapp', 0, 'Osvaldo.Knapp@gmail.com', '05284336481'),
(279, 'Rosa', 'Arnold', 1, 'Rosa.Arnold@gmail.com', '05761358810'),
(280, 'Izabella', 'Salinas', 1, 'Izabella.Salinas@gmail.com', '05808970934'),
(281, 'Miracle', 'Jordan', 1, 'Miracle.Jordan@gmail.com', '05054692948'),
(282, 'Bailey', 'Heath', 0, 'Bailey.Heath@gmail.com', '05126909148'),
(283, 'Mollie', 'Holder', 1, 'Mollie.Holder@gmail.com', '05815109540'),
(284, 'Alexis', 'Mccarty', 1, 'Alexis.Mccarty@gmail.com', '05740134224'),
(285, 'Denise', 'Farrell', 1, 'Denise.Farrell@gmail.com', '05256262281'),
(286, 'Kailyn', 'Giles', 1, 'Kailyn.Giles@gmail.com', '05641715886'),
(287, 'Alissa', 'Tucker', 1, 'Alissa.Tucker@gmail.com', '05688202768'),
(288, 'Ali', 'Weaver', 1, 'Ali.Weaver@gmail.com', '05659989210'),
(289, 'Izayah', 'Owens', 0, 'Izayah.Owens@gmail.com', '05268966831'),
(290, 'Lamar', 'Gordon', 0, 'Lamar.Gordon@gmail.com', '05176362195'),
(291, 'Cadence', 'Lynn', 1, 'Cadence.Lynn@gmail.com', '05483406413'),
(292, 'Damari', 'Brooks', 0, 'Damari.Brooks@gmail.com', '05385960223'),
(293, 'Micaela', 'Owen', 1, 'Micaela.Owen@gmail.com', '05989399894'),
(294, 'Shyann', 'Estes', 1, 'Shyann.Estes@gmail.com', '05992733022'),
(295, 'Delilah', 'Dougherty', 1, 'Delilah.Dougherty@gmail.com', '05940994446'),
(296, 'Zackary', 'Salas', 0, 'Zackary.Salas@gmail.com', '05594405035'),
(297, 'Aniyah', 'Allen', 1, 'Aniyah.Allen@gmail.com', '05787281635'),
(298, 'Jadyn', 'Frazier', 1, 'Jadyn.Frazier@gmail.com', '05561025888'),
(299, 'Madison', 'Fitzgerald', 1, 'Madison.Fitzgerald@gmail.com', '05300825549'),
(300, 'Jerry', 'Walker', 0, 'Jerry.Walker@gmail.com', '05883246718'),
(301, 'Liliana', 'Riley', 1, 'Liliana.Riley@gmail.com', '05974574524'),
(302, 'Travis', 'Guerrero', 0, 'Travis.Guerrero@gmail.com', '05697161213'),
(303, 'Hailee', 'Shelton', 1, 'Hailee.Shelton@gmail.com', '05638529591'),
(304, 'Jamie', 'Fields', 1, 'Jamie.Fields@gmail.com', '05723178680'),
(305, 'Sidney', 'Alvarado', 0, 'Sidney.Alvarado@gmail.com', '05965088692'),
(306, 'Dominik', 'Christian', 0, 'Dominik.Christian@gmail.com', '05099158207'),
(307, 'Claire', 'Burnett', 1, 'Claire.Burnett@gmail.com', '05211091330'),
(308, 'Connor', 'Johnston', 0, 'Connor.Johnston@gmail.com', '05858819036'),
(309, 'Keyon', 'Bradshaw', 0, 'Keyon.Bradshaw@gmail.com', '05520562486'),
(310, 'Taniyah', 'Forbes', 1, 'Taniyah.Forbes@gmail.com', '05790943193'),
(311, 'Jazmine', 'Jones', 1, 'Jazmine.Jones@gmail.com', '05385200815'),
(312, 'Kyleigh', 'Simon', 1, 'Kyleigh.Simon@gmail.com', '05539779360'),
(313, 'Cloe', 'Terrell', 1, 'Cloe.Terrell@gmail.com', '05042651975'),
(314, 'Sebastian', 'Stanley', 0, 'Sebastian.Stanley@gmail.com', '05267358823'),
(315, 'Brooks', 'Foley', 0, 'Brooks.Foley@gmail.com', '05555411549'),
(316, 'Journey', 'Warren', 1, 'Journey.Warren@gmail.com', '05437746583'),
(317, 'Reese', 'Sosa', 1, 'Reese.Sosa@gmail.com', '05122114592'),
(318, 'Cash', 'Barajas', 0, 'Cash.Barajas@gmail.com', '05765831013'),
(319, 'Nicolas', 'Fox', 0, 'Nicolas.Fox@gmail.com', '05131789166'),
(320, 'Davis', 'Brewer', 0, 'Davis.Brewer@gmail.com', '05851522747'),
(321, 'Semaj', 'Singleton', 0, 'Semaj.Singleton@gmail.com', '05468661928'),
(322, 'Riley', 'Howell', 0, 'Riley.Howell@gmail.com', '05106034975'),
(323, 'Jaylynn', 'Wagner', 1, 'Jaylynn.Wagner@gmail.com', '05849115890'),
(324, 'Turner', 'Cooke', 0, 'Turner.Cooke@gmail.com', '05904029047'),
(325, 'Keyla', 'Zhang', 1, 'Keyla.Zhang@gmail.com', '05529038505'),
(326, 'Haven', 'Martin', 1, 'Haven.Martin@gmail.com', '05668160216'),
(327, 'Brooklynn', 'Yang', 1, 'Brooklynn.Yang@gmail.com', '05235142858'),
(328, 'Rohan', 'Berg', 0, 'Rohan.Berg@gmail.com', '05064035782'),
(329, 'Roselyn', 'Moore', 1, 'Roselyn.Moore@gmail.com', '05251294028'),
(330, 'Janiah', 'Trujillo', 1, 'Janiah.Trujillo@gmail.com', '05343751612'),
(331, 'Camryn', 'Lucero', 0, 'Camryn.Lucero@gmail.com', '05704482619'),
(332, 'Santos', 'Garza', 0, 'Santos.Garza@gmail.com', '05337751589'),
(333, 'Trinity', 'Schneider', 1, 'Trinity.Schneider@gmail.com', '05480563864'),
(334, 'Catherine', 'Gay', 1, 'Catherine.Gay@gmail.com', '05815096295'),
(335, 'Summer', 'Wells', 1, 'Summer.Wells@gmail.com', '05420608713'),
(336, 'Addyson', 'Andrews', 1, 'Addyson.Andrews@gmail.com', '05590096483'),
(337, 'Frank', 'Brady', 0, 'Frank.Brady@gmail.com', '05058779444'),
(338, 'Darion', 'Mora', 0, 'Darion.Mora@gmail.com', '05486279813'),
(339, 'Noelle', 'Walsh', 1, 'Noelle.Walsh@gmail.com', '05361109750'),
(340, 'Shaylee', 'Meyers', 1, 'Shaylee.Meyers@gmail.com', '05061925331'),
(341, 'Gina', 'Madden', 1, 'Gina.Madden@gmail.com', '05029102454'),
(342, 'Vanessa', 'Shea', 1, 'Vanessa.Shea@gmail.com', '05714681853'),
(343, 'Jeffrey', 'Cannon', 0, 'Jeffrey.Cannon@gmail.com', '05476139223'),
(344, 'Billy', 'Hunter', 0, 'Billy.Hunter@gmail.com', '05486644247'),
(345, 'Sophie', 'Tapia', 1, 'Sophie.Tapia@gmail.com', '05175452756'),
(346, 'Ann', 'Mcdonald', 1, 'Ann.Mcdonald@gmail.com', '05547690956'),
(347, 'Heidy', 'Russell', 1, 'Heidy.Russell@gmail.com', '05338754661'),
(348, 'Brennen', 'Charles', 0, 'Brennen.Charles@gmail.com', '05640045970'),
(349, 'Chaim', 'Hawkins', 0, 'Chaim.Hawkins@gmail.com', '05723940694'),
(350, 'Karlee', 'Sexton', 1, 'Karlee.Sexton@gmail.com', '05402869962'),
(351, 'Tara', 'Kline', 1, 'Tara.Kline@gmail.com', '05595004268'),
(352, 'Cody', 'Kaiser', 0, 'Cody.Kaiser@gmail.com', '05313474081'),
(353, 'Isaias', 'Rivas', 0, 'Isaias.Rivas@gmail.com', '05467553946'),
(354, 'Case', 'Dunlap', 0, 'Case.Dunlap@gmail.com', '05356872893'),
(355, 'Nicholas', 'Mooney', 0, 'Nicholas.Mooney@gmail.com', '05600301681'),
(356, 'Reagan', 'Newman', 0, 'Reagan.Newman@gmail.com', '05851475012'),
(357, 'Johnathan', 'Greer', 0, 'Johnathan.Greer@gmail.com', '05846327660'),
(358, 'Lillie', 'Cabrera', 1, 'Lillie.Cabrera@gmail.com', '05388446772'),
(359, 'Troy', 'Gonzalez', 0, 'Troy.Gonzalez@gmail.com', '05321043301'),
(360, 'Jayleen', 'Odonnell', 1, 'Jayleen.Odonnell@gmail.com', '05947715764'),
(361, 'Eduardo', 'Price', 0, 'Eduardo.Price@gmail.com', '05262161346'),
(362, 'Mia', 'Bird', 1, 'Mia.Bird@gmail.com', '05992223667'),
(363, 'Hazel', 'Nunez', 1, 'Hazel.Nunez@gmail.com', '05623421829'),
(364, 'Ulises', 'Chambers', 0, 'Ulises.Chambers@gmail.com', '05257513101'),
(365, 'Leyla', 'Walls', 1, 'Leyla.Walls@gmail.com', '05552038090'),
(366, 'Luka', 'Leach', 0, 'Luka.Leach@gmail.com', '05625720973'),
(367, 'Abigail', 'Moss', 1, 'Abigail.Moss@gmail.com', '05283503835'),
(368, 'Amy', 'Briggs', 1, 'Amy.Briggs@gmail.com', '05744745728'),
(369, 'Karli', 'Liu', 1, 'Karli.Liu@gmail.com', '05659846171'),
(370, 'Lisa', 'Baldwin', 1, 'Lisa.Baldwin@gmail.com', '05489062515'),
(371, 'Joel', 'Callahan', 0, 'Joel.Callahan@gmail.com', '05113606665'),
(372, 'Rodrigo', 'Clark', 0, 'Rodrigo.Clark@gmail.com', '05407314461'),
(373, 'Raphael', 'Delgado', 0, 'Raphael.Delgado@gmail.com', '05122576233'),
(374, 'Zaria', 'Lane', 1, 'Zaria.Lane@gmail.com', '05997783206'),
(375, 'Junior', 'Pena', 0, 'Junior.Pena@gmail.com', '05316973289'),
(376, 'Kaiya', 'Sellers', 1, 'Kaiya.Sellers@gmail.com', '05410253790'),
(377, 'Preston', 'Henderson', 0, 'Preston.Henderson@gmail.com', '05738251844'),
(378, 'Joyce', 'Hobbs', 1, 'Joyce.Hobbs@gmail.com', '05225745907'),
(379, 'Livia', 'Burns', 1, 'Livia.Burns@gmail.com', '05958349510'),
(380, 'Asher', 'Butler', 0, 'Asher.Butler@gmail.com', '05860166793'),
(381, 'Milo', 'Herring', 0, 'Milo.Herring@gmail.com', '05899581336'),
(382, 'Zain', 'Fowler', 0, 'Zain.Fowler@gmail.com', '05775626860'),
(383, 'Elaine', 'Wright', 1, 'Elaine.Wright@gmail.com', '05200889402'),
(384, 'Tomas', 'Mcconnell', 0, 'Tomas.Mcconnell@gmail.com', '05408551292'),
(385, 'Sariah', 'Bryant', 1, 'Sariah.Bryant@gmail.com', '05951548732'),
(386, 'Kendall', 'Cooley', 0, 'Kendall.Cooley@gmail.com', '05303463913'),
(387, 'Rihanna', 'Michael', 1, 'Rihanna.Michael@gmail.com', '05388629016'),
(388, 'Shyla', 'Banks', 1, 'Shyla.Banks@gmail.com', '05065040265'),
(389, 'Carissa', 'Garrett', 1, 'Carissa.Garrett@gmail.com', '05145438983'),
(390, 'Finn', 'Wu', 0, 'Finn.Wu@gmail.com', '05111214115'),
(391, 'Rebecca', 'Nixon', 1, 'Rebecca.Nixon@gmail.com', '05213259050'),
(392, 'Aylin', 'Barr', 1, 'Aylin.Barr@gmail.com', '05772792030'),
(393, 'Kasey', 'Nelson', 1, 'Kasey.Nelson@gmail.com', '05158861370'),
(394, 'Damon', 'Townsend', 0, 'Damon.Townsend@gmail.com', '05406501532'),
(395, 'Simeon', 'Haley', 0, 'Simeon.Haley@gmail.com', '05612817844'),
(396, 'Gordon', 'Barnes', 0, 'Gordon.Barnes@gmail.com', '05206556516'),
(397, 'Kira', 'Knox', 1, 'Kira.Knox@gmail.com', '05474540993'),
(398, 'Adison', 'Finley', 1, 'Adison.Finley@gmail.com', '05734648060'),
(399, 'Dashawn', 'Gallegos', 0, 'Dashawn.Gallegos@gmail.com', '05993755369'),
(400, 'Owen', 'Donaldson', 0, 'Owen.Donaldson@gmail.com', '05558559021'),
(401, 'Allie', 'Villarreal', 1, 'Allie.Villarreal@gmail.com', '05560688836'),
(402, 'Payton', 'Love', 1, 'Payton.Love@gmail.com', '05961620725'),
(403, 'Kristin', 'Ford', 1, 'Kristin.Ford@gmail.com', '05386499605'),
(404, 'Anika', 'Braun', 1, 'Anika.Braun@gmail.com', '05795580396'),
(405, 'Nikhil', 'Richards', 0, 'Nikhil.Richards@gmail.com', '05018080519'),
(406, 'Jenny', 'Norman', 1, 'Jenny.Norman@gmail.com', '05653713272'),
(407, 'Cristina', 'Mckinney', 1, 'Cristina.Mckinney@gmail.com', '05766996734'),
(408, 'Leah', 'Montes', 1, 'Leah.Montes@gmail.com', '05295458562'),
(409, 'Jamya', 'Adkins', 1, 'Jamya.Adkins@gmail.com', '05507144352'),
(410, 'Felix', 'Horne', 0, 'Felix.Horne@gmail.com', '05914700186'),
(411, 'Ayana', 'Kramer', 1, 'Ayana.Kramer@gmail.com', '05314462626'),
(412, 'Landen', 'Hayes', 0, 'Landen.Hayes@gmail.com', '05559184308'),
(413, 'Makai', 'Mccall', 0, 'Makai.Mccall@gmail.com', '05233441111'),
(414, 'Kellen', 'Tran', 0, 'Kellen.Tran@gmail.com', '05781075817'),
(415, 'Aria', 'Savage', 1, 'Aria.Savage@gmail.com', '05644394347'),
(416, 'Evelin', 'Jarvis', 1, 'Evelin.Jarvis@gmail.com', '05024437792'),
(417, 'Kash', 'Padilla', 0, 'Kash.Padilla@gmail.com', '05347028774'),
(418, 'Santino', 'Doyle', 0, 'Santino.Doyle@gmail.com', '05813249116'),
(419, 'Kierra', 'Anderson', 1, 'Kierra.Anderson@gmail.com', '05276048298'),
(420, 'Emery', 'Benitez', 1, 'Emery.Benitez@gmail.com', '05578367741'),
(421, 'Cierra', 'Carrillo', 1, 'Cierra.Carrillo@gmail.com', '05691503338'),
(422, 'John', 'Rivera', 0, 'John.Rivera@gmail.com', '05585326192'),
(423, 'Damien', 'Dean', 0, 'Damien.Dean@gmail.com', '05216981258'),
(424, 'Dakota', 'Cooper', 0, 'Dakota.Cooper@gmail.com', '05056599372'),
(425, 'Sterling', 'Hernandez', 0, 'Sterling.Hernandez@gmail.com', '05859480860'),
(426, 'Pablo', 'Barber', 0, 'Pablo.Barber@gmail.com', '05607922838'),
(427, 'Seamus', 'Marquez', 0, 'Seamus.Marquez@gmail.com', '05679808037'),
(428, 'Devin', 'Williamson', 0, 'Devin.Williamson@gmail.com', '05657833843'),
(429, 'Sarai', 'Rogers', 1, 'Sarai.Rogers@gmail.com', '05060563584'),
(430, 'Kylan', 'Pratt', 0, 'Kylan.Pratt@gmail.com', '05528423331'),
(431, 'Brent', 'Reilly', 0, 'Brent.Reilly@gmail.com', '05005611987'),
(432, 'Amaris', 'Roach', 1, 'Amaris.Roach@gmail.com', '05881361707'),
(433, 'Zaniyah', 'Wong', 1, 'Zaniyah.Wong@gmail.com', '05716041361'),
(434, 'Isaiah', 'Valencia', 0, 'Isaiah.Valencia@gmail.com', '05900018044'),
(435, 'Jabari', 'Buck', 0, 'Jabari.Buck@gmail.com', '05731933887'),
(436, 'Maddison', 'Ellison', 1, 'Maddison.Ellison@gmail.com', '05575702061'),
(437, 'Jimena', 'Rivers', 1, 'Jimena.Rivers@gmail.com', '05121926343'),
(438, 'Cecelia', 'Grimes', 1, 'Cecelia.Grimes@gmail.com', '05422902673'),
(439, 'Nyla', 'Glenn', 1, 'Nyla.Glenn@gmail.com', '05926133241'),
(440, 'Meghan', 'Stevens', 1, 'Meghan.Stevens@gmail.com', '05562116646'),
(441, 'Mario', 'Phillips', 0, 'Mario.Phillips@gmail.com', '05816193629'),
(442, 'Jayla', 'Conrad', 1, 'Jayla.Conrad@gmail.com', '05660106475'),
(443, 'Tianna', 'Mendez', 1, 'Tianna.Mendez@gmail.com', '05725489008'),
(444, 'Jeffery', 'Vance', 0, 'Jeffery.Vance@gmail.com', '05432007154'),
(445, 'Piper', 'Fisher', 1, 'Piper.Fisher@gmail.com', '05606256949'),
(446, 'Erika', 'Baxter', 1, 'Erika.Baxter@gmail.com', '05637850873'),
(447, 'Antoine', 'Benton', 0, 'Antoine.Benton@gmail.com', '05843580176'),
(448, 'Joy', 'Dunn', 1, 'Joy.Dunn@gmail.com', '05513139228'),
(449, 'Elliana', 'Snow', 1, 'Elliana.Snow@gmail.com', '05612891134'),
(450, 'Arielle', 'Mccann', 1, 'Arielle.Mccann@gmail.com', '05768095683'),
(451, 'Chana', 'Burgess', 1, 'Chana.Burgess@gmail.com', '05863015822'),
(452, 'Van', 'Morton', 0, 'Van.Morton@gmail.com', '05644787479'),
(453, 'Dalia', 'Cowan', 1, 'Dalia.Cowan@gmail.com', '05735324854'),
(454, 'Greta', 'Lang', 1, 'Greta.Lang@gmail.com', '05993697082'),
(455, 'Prince', 'Cox', 0, 'Prince.Cox@gmail.com', '05672512558'),
(456, 'Willie', 'Carpenter', 0, 'Willie.Carpenter@gmail.com', '05370786390'),
(457, 'Carl', 'Acosta', 0, 'Carl.Acosta@gmail.com', '05329229424'),
(458, 'Ryder', 'Stewart', 0, 'Ryder.Stewart@gmail.com', '05673848879'),
(459, 'Lane', 'Romero', 0, 'Lane.Romero@gmail.com', '05916755715'),
(460, 'Kenneth', 'Cameron', 0, 'Kenneth.Cameron@gmail.com', '05548403023'),
(461, 'Ellen', 'Underwood', 1, 'Ellen.Underwood@gmail.com', '05876763682'),
(462, 'Aliya', 'Terry', 1, 'Aliya.Terry@gmail.com', '05858620176'),
(463, 'Trevor', 'Bradley', 0, 'Trevor.Bradley@gmail.com', '05454758240'),
(464, 'Daphne', 'Wilkerson', 1, 'Daphne.Wilkerson@gmail.com', '05700260431'),
(465, 'Crystal', 'Dillon', 1, 'Crystal.Dillon@gmail.com', '05035242857'),
(466, 'Scott', 'Proctor', 0, 'Scott.Proctor@gmail.com', '05127062294'),
(467, 'Saniyah', 'Vasquez', 1, 'Saniyah.Vasquez@gmail.com', '05627683733'),
(468, 'Arianna', 'Pace', 1, 'Arianna.Pace@gmail.com', '05893290040'),
(469, 'Nicole', 'Villanueva', 1, 'Nicole.Villanueva@gmail.com', '05754184795'),
(470, 'Jakayla', 'Lucas', 1, 'Jakayla.Lucas@gmail.com', '05390875164'),
(471, 'Sheldon', 'Morales', 0, 'Sheldon.Morales@gmail.com', '05967981149'),
(472, 'Augustus', 'Villa', 0, 'Augustus.Villa@gmail.com', '05429099732'),
(473, 'Justice', 'Coleman', 0, 'Justice.Coleman@gmail.com', '05209048666'),
(474, 'Lorelai', 'King', 1, 'Lorelai.King@gmail.com', '05363577478'),
(475, 'Reese', 'Shannon', 0, 'Reese.Shannon@gmail.com', '05021124346'),
(476, 'Maximillian', 'Blake', 0, 'Maximillian.Blake@gmail.com', '05889647491'),
(477, 'Leticia', 'Harmon', 1, 'Leticia.Harmon@gmail.com', '05644513415'),
(478, 'Javon', 'Henson', 0, 'Javon.Henson@gmail.com', '05678004889'),
(479, 'Davion', 'Wilkinson', 0, 'Davion.Wilkinson@gmail.com', '05060701188'),
(480, 'Lilah', 'Roman', 1, 'Lilah.Roman@gmail.com', '05453817375'),
(481, 'Annalise', 'Duarte', 1, 'Annalise.Duarte@gmail.com', '05514913901'),
(482, 'Stella', 'Cisneros', 1, 'Stella.Cisneros@gmail.com', '05217545639'),
(483, 'Ari', 'Sherman', 0, 'Ari.Sherman@gmail.com', '05581238742'),
(484, 'Jorge', 'Wiggins', 0, 'Jorge.Wiggins@gmail.com', '05737247365'),
(485, 'Kaylynn', 'Ortega', 1, 'Kaylynn.Ortega@gmail.com', '05251916117'),
(486, 'Philip', 'Krause', 0, 'Philip.Krause@gmail.com', '05887772139'),
(487, 'Dennis', 'Lindsey', 0, 'Dennis.Lindsey@gmail.com', '05621589358'),
(488, 'Yaretzi', 'Good', 1, 'Yaretzi.Good@gmail.com', '05973787441'),
(489, 'Lana', 'Haas', 1, 'Lana.Haas@gmail.com', '05803216224'),
(490, 'Kasen', 'Whitaker', 0, 'Kasen.Whitaker@gmail.com', '05564612464'),
(491, 'Miya', 'Cordova', 1, 'Miya.Cordova@gmail.com', '05033779025'),
(492, 'Brenton', 'Bauer', 0, 'Brenton.Bauer@gmail.com', '05816650156'),
(493, 'Krish', 'Shields', 0, 'Krish.Shields@gmail.com', '05354513178'),
(494, 'Kaia', 'Reed', 1, 'Kaia.Reed@gmail.com', '05201304916'),
(495, 'Anne', 'Larson', 1, 'Anne.Larson@gmail.com', '05469496370'),
(496, 'Kade', 'Herrera', 0, 'Kade.Herrera@gmail.com', '05638965009'),
(497, 'Brayden', 'Harrington', 0, 'Brayden.Harrington@gmail.com', '05073466360'),
(498, 'Teagan', 'Holloway', 1, 'Teagan.Holloway@gmail.com', '05143972159'),
(499, 'Angel', 'Stephenson', 0, 'Angel.Stephenson@gmail.com', '05794494337'),
(500, 'Paisley', 'Espinoza', 1, 'Paisley.Espinoza@gmail.com', '05209855041'),
(501, 'Aryanna', 'Manning', 1, 'Aryanna.Manning@gmail.com', '05427962842'),
(502, 'Keely', 'Herman', 1, 'Keely.Herman@gmail.com', '05917540213'),
(503, 'Rodolfo', 'Olson', 0, 'Rodolfo.Olson@gmail.com', '05348063293'),
(504, 'Kaden', 'Diaz', 0, 'Kaden.Diaz@gmail.com', '05170556823'),
(505, 'Danna', 'White', 1, 'Danna.White@gmail.com', '05029371834'),
(506, 'April', 'Yoder', 1, 'April.Yoder@gmail.com', '05348888164'),
(507, 'Zavier', 'Houston', 0, 'Zavier.Houston@gmail.com', '05601484777'),
(508, 'Issac', 'Archer', 0, 'Issac.Archer@gmail.com', '05958034674'),
(509, 'Olivia', 'Cherry', 1, 'Olivia.Cherry@gmail.com', '05491239873'),
(510, 'Toby', 'Powers', 0, 'Toby.Powers@gmail.com', '05507184006'),
(511, 'Lauryn', 'Flynn', 1, 'Lauryn.Flynn@gmail.com', '05690289892'),
(512, 'Fiona', 'Greene', 1, 'Fiona.Greene@gmail.com', '05552569829'),
(513, 'Paityn', 'Mcdowell', 1, 'Paityn.Mcdowell@gmail.com', '05663375180'),
(514, 'Eva', 'Ballard', 1, 'Eva.Ballard@gmail.com', '05028007436'),
(515, 'Antony', 'Mccarthy', 0, 'Antony.Mccarthy@gmail.com', '05077071934'),
(516, 'Karlie', 'Armstrong', 1, 'Karlie.Armstrong@gmail.com', '05900439639'),
(517, 'Kylee', 'Mcintyre', 1, 'Kylee.Mcintyre@gmail.com', '05915659570'),
(518, 'Jewel', 'Boyer', 1, 'Jewel.Boyer@gmail.com', '05752067768'),
(519, 'Malik', 'Lynch', 0, 'Malik.Lynch@gmail.com', '05132295300'),
(520, 'Wayne', 'Hampton', 0, 'Wayne.Hampton@gmail.com', '05787636691'),
(521, 'Skye', 'Durham', 1, 'Skye.Durham@gmail.com', '05365031019'),
(522, 'Dylan', 'Rasmussen', 1, 'Dylan.Rasmussen@gmail.com', '05338868000'),
(523, 'Dawson', 'Vazquez', 0, 'Dawson.Vazquez@gmail.com', '05964555604'),
(524, 'Yasmine', 'Gibson', 1, 'Yasmine.Gibson@gmail.com', '05133247373'),
(525, 'Dixie', 'Perkins', 1, 'Dixie.Perkins@gmail.com', '05179002201'),
(526, 'Aurora', 'Bowers', 1, 'Aurora.Bowers@gmail.com', '05783576984'),
(527, 'Efrain', 'Kidd', 0, 'Efrain.Kidd@gmail.com', '05048795088'),
(528, 'Brendon', 'Cantrell', 0, 'Brendon.Cantrell@gmail.com', '05040460798'),
(529, 'Emilio', 'Li', 0, 'Emilio.Li@gmail.com', '05294805427'),
(530, 'Chance', 'Hanson', 0, 'Chance.Hanson@gmail.com', '05736466504'),
(531, 'Alanna', 'Washington', 1, 'Alanna.Washington@gmail.com', '05494663520'),
(532, 'Amaya', 'Mcpherson', 1, 'Amaya.Mcpherson@gmail.com', '05594057925'),
(533, 'Patrick', 'Ramsey', 0, 'Patrick.Ramsey@gmail.com', '05325077443'),
(534, 'Kelly', 'Miles', 1, 'Kelly.Miles@gmail.com', '05753026332'),
(535, 'Alijah', 'Lyons', 0, 'Alijah.Lyons@gmail.com', '05808512399'),
(536, 'Trace', 'Jacobs', 0, 'Trace.Jacobs@gmail.com', '05761415821'),
(537, 'Cara', 'Stephens', 1, 'Cara.Stephens@gmail.com', '05682415610'),
(538, 'Hannah', 'Peterson', 1, 'Hannah.Peterson@gmail.com', '05026255328'),
(539, 'Santiago', 'Chung', 0, 'Santiago.Chung@gmail.com', '05971755025'),
(540, 'Jimmy', 'Larsen', 0, 'Jimmy.Larsen@gmail.com', '05915698641'),
(541, 'Baron', 'Wyatt', 0, 'Baron.Wyatt@gmail.com', '05704468389'),
(542, 'Sammy', 'Glass', 0, 'Sammy.Glass@gmail.com', '05032637329'),
(543, 'Camren', 'Bullock', 0, 'Camren.Bullock@gmail.com', '05784551750'),
(544, 'Larry', 'Payne', 0, 'Larry.Payne@gmail.com', '05614564402'),
(545, 'Leonel', 'Osborne', 0, 'Leonel.Osborne@gmail.com', '05649571796'),
(546, 'Braedon', 'Strickland', 0, 'Braedon.Strickland@gmail.com', '05397482650'),
(547, 'Jay', 'Joseph', 0, 'Jay.Joseph@gmail.com', '05674136500'),
(548, 'Tabitha', 'Walters', 1, 'Tabitha.Walters@gmail.com', '05294365205'),
(549, 'Shania', 'Beck', 1, 'Shania.Beck@gmail.com', '05430797735'),
(550, 'Jamar', 'Wilkins', 0, 'Jamar.Wilkins@gmail.com', '05976546873'),
(551, 'Bo', 'Spencer', 0, 'Bo.Spencer@gmail.com', '05956696260'),
(552, 'Kingston', 'Barker', 0, 'Kingston.Barker@gmail.com', '05050734297'),
(553, 'Brooklyn', 'Kirk', 1, 'Brooklyn.Kirk@gmail.com', '05382281702'),
(554, 'Uriel', 'Mills', 0, 'Uriel.Mills@gmail.com', '05845584575'),
(555, 'Gracie', 'Orr', 1, 'Gracie.Orr@gmail.com', '05867408136'),
(556, 'Theodore', 'Hooper', 0, 'Theodore.Hooper@gmail.com', '05002272450'),
(557, 'Samir', 'Taylor', 0, 'Samir.Taylor@gmail.com', '05890467152'),
(558, 'Monique', 'Page', 1, 'Monique.Page@gmail.com', '05951084650'),
(559, 'Erica', 'Mcmillan', 1, 'Erica.Mcmillan@gmail.com', '05415672916'),
(560, 'Allisson', 'Shaw', 1, 'Allisson.Shaw@gmail.com', '05739645848'),
(561, 'Ezra', 'Bridges', 0, 'Ezra.Bridges@gmail.com', '05008665652'),
(562, 'Emerson', 'Gilbert', 0, 'Emerson.Gilbert@gmail.com', '05995407070'),
(563, 'Ashlee', 'Downs', 1, 'Ashlee.Downs@gmail.com', '05966640562'),
(564, 'Marely', 'Sutton', 1, 'Marely.Sutton@gmail.com', '05235922141'),
(565, 'Gretchen', 'Ayers', 1, 'Gretchen.Ayers@gmail.com', '05675594596'),
(566, 'Kendal', 'Ho', 1, 'Kendal.Ho@gmail.com', '05331300778'),
(567, 'Mina', 'Kent', 1, 'Mina.Kent@gmail.com', '05307841177'),
(568, 'Jasmine', 'Zamora', 1, 'Jasmine.Zamora@gmail.com', '05255706571'),
(569, 'Quinten', 'Castro', 0, 'Quinten.Castro@gmail.com', '05543513336'),
(570, 'Harper', 'Stafford', 1, 'Harper.Stafford@gmail.com', '05599608596'),
(571, 'Bradyn', 'Valenzuela', 0, 'Bradyn.Valenzuela@gmail.com', '05495044437'),
(572, 'Rayne', 'Conway', 1, 'Rayne.Conway@gmail.com', '05160613401'),
(573, 'Janiya', 'Chan', 1, 'Janiya.Chan@gmail.com', '05051131735'),
(574, 'Caroline', 'Howard', 1, 'Caroline.Howard@gmail.com', '05226761478'),
(575, 'Leila', 'Elliott', 1, 'Leila.Elliott@gmail.com', '05936477588'),
(576, 'Kaeden', 'English', 0, 'Kaeden.English@gmail.com', '05017382826'),
(577, 'Nylah', 'Benjamin', 1, 'Nylah.Benjamin@gmail.com', '05402641646'),
(578, 'Brooke', 'George', 1, 'Brooke.George@gmail.com', '05229197093'),
(579, 'Giovanny', 'Shepherd', 0, 'Giovanny.Shepherd@gmail.com', '05259451067'),
(580, 'Serena', 'Roberson', 1, 'Serena.Roberson@gmail.com', '05133499078'),
(581, 'Alonso', 'Hogan', 0, 'Alonso.Hogan@gmail.com', '05760780020'),
(582, 'Izabelle', 'Harrell', 1, 'Izabelle.Harrell@gmail.com', '05192401379'),
(583, 'Jeremiah', 'Cervantes', 0, 'Jeremiah.Cervantes@gmail.com', '05481300251'),
(584, 'Lia', 'Flores', 1, 'Lia.Flores@gmail.com', '05281493442'),
(585, 'Zayne', 'Mendoza', 0, 'Zayne.Mendoza@gmail.com', '05645984146'),
(586, 'Elena', 'Malone', 1, 'Elena.Malone@gmail.com', '05015032265'),
(587, 'Alfonso', 'Sanders', 0, 'Alfonso.Sanders@gmail.com', '05808362547'),
(588, 'Trevin', 'Davidson', 0, 'Trevin.Davidson@gmail.com', '05559963848'),
(589, 'Jaeden', 'Meza', 0, 'Jaeden.Meza@gmail.com', '05400626403'),
(590, 'Lyric', 'Bradford', 0, 'Lyric.Bradford@gmail.com', '05367533594'),
(591, 'Alejandro', 'Cantu', 0, 'Alejandro.Cantu@gmail.com', '05393977772'),
(592, 'Kaylyn', 'Melendez', 1, 'Kaylyn.Melendez@gmail.com', '05222163603'),
(593, 'Armando', 'Blanchard', 0, 'Armando.Blanchard@gmail.com', '05272821228'),
(594, 'Nathan', 'Gill', 0, 'Nathan.Gill@gmail.com', '05273941401'),
(595, 'Darian', 'Porter', 0, 'Darian.Porter@gmail.com', '05390860489'),
(596, 'Dustin', 'Donovan', 0, 'Dustin.Donovan@gmail.com', '05340692576'),
(597, 'Shayla', 'Hudson', 1, 'Shayla.Hudson@gmail.com', '05200340434'),
(598, 'Kendall', 'Pineda', 1, 'Kendall.Pineda@gmail.com', '05680920808'),
(599, 'Asia', 'Novak', 1, 'Asia.Novak@gmail.com', '05896263179'),
(600, 'Cheyanne', 'Schultz', 1, 'Cheyanne.Schultz@gmail.com', '05964229814')
;

INSERT INTO RELATIVE(stud_id, pare_id, rela_type) VALUES 
(15010203, 1, 'Sibling'),
(13010302, 2, 'Mother'),
(16020202, 3, 'Sibling'),
(14030301, 4, 'Father'),
(15030105, 5, 'Father'),
(15010103, 6, 'Mother'),
(13010201, 7, 'Sibling'),
(15010102, 8, 'Mother'),
(14020101, 9, 'Mother'),
(17030306, 10, 'Sibling'),
(17020204, 11, 'Sibling'),
(15030104, 12, 'Sibling'),
(13020301, 13, 'Father'),
(16020303, 14, 'Mother'),
(15030204, 15, 'Mother'),
(15030203, 16, 'Mother'),
(17020303, 17, 'Sibling'),
(14030202, 18, 'Father'),
(17020302, 19, 'Sibling'),
(14010302, 20, 'Mother'),
(16020301, 21, 'Mother'),
(17020203, 22, 'Sibling'),
(13010103, 23, 'Sibling'),
(17030303, 24, 'Father'),
(15030302, 25, 'Sibling'),
(14030201, 26, 'Mother'),
(15030102, 27, 'Mother'),
(14030104, 28, 'Sibling'),
(13030102, 29, 'Sibling'),
(15030202, 30, 'Sibling'),
(13030101, 31, 'Sibling'),
(15030301, 32, 'Sibling'),
(13020105, 33, 'Father'),
(21030306, 34, 'Mother'),
(18010101, 35, 'Father'),
(18010106, 36, 'Mother'),
(19020101, 37, 'Mother'),
(18030105, 38, 'Father'),
(21010104, 39, 'Sibling'),
(19020105, 40, 'Father'),
(20010108, 41, 'Mother'),
(19010105, 42, 'Mother'),
(18010102, 43, 'Mother'),
(20020116, 44, 'Mother'),
(18030104, 45, 'Father'),
(20020204, 46, 'Father'),
(20020110, 47, 'Sibling'),
(20030103, 48, 'Mother'),
(17010302, 49, 'Sibling'),
(22020306, 50, 'Sibling'),
(21010309, 51, 'Father'),
(17030204, 52, 'Father'),
(22030107, 53, 'Mother'),
(22010304, 54, 'Mother'),
(18020212, 55, 'Sibling'),
(20010203, 56, 'Sibling'),
(22020204, 57, 'Mother'),
(22020302, 58, 'Mother'),
(22010311, 59, 'Father'),
(20030307, 60, 'Mother'),
(18020214, 61, 'Mother'),
(20010202, 62, 'Sibling'),
(21020304, 63, 'Mother'),
(18010306, 64, 'Sibling'),
(20030306, 65, 'Father'),
(18020208, 66, 'Sibling'),
(22010308, 67, 'Father'),
(19010309, 68, 'Sibling'),
(16010201, 69, 'Mother'),
(21030305, 70, 'Mother'),
(19010113, 71, 'Mother'),
(20020121, 72, 'Sibling'),
(22010110, 73, 'Sibling'),
(17020103, 74, 'Sibling'),
(18030203, 75, 'Sibling'),
(18020110, 76, 'Sibling'),
(13010102, 77, 'Sibling'),
(21030302, 78, 'Sibling'),
(19020305, 79, 'Mother'),
(21030104, 80, 'Sibling'),
(19020303, 81, 'Father'),
(21030208, 82, 'Sibling'),
(19010202, 83, 'Father'),
(20030207, 84, 'Sibling'),
(20020115, 85, 'Sibling'),
(22030108, 86, 'Mother'),
(22030110, 87, 'Sibling'),
(22020305, 88, 'Mother'),
(18010202, 89, 'Sibling'),
(17020101, 90, 'Father'),
(21020207, 91, 'Father'),
(21030207, 92, 'Sibling'),
(22010201, 93, 'Sibling'),
(21020211, 94, 'Sibling'),
(20020303, 95, 'Sibling'),
(18030202, 96, 'Father'),
(22030105, 97, 'Sibling'),
(19020306, 98, 'Mother'),
(21030114, 99, 'Mother'),
(19030205, 100, 'Father'),
(21030203, 101, 'Sibling'),
(20020102, 102, 'Sibling'),
(22020105, 103, 'Father'),
(18030305, 104, 'Sibling'),
(20010107, 105, 'Father'),
(18020106, 106, 'Sibling'),
(19010307, 107, 'Father'),
(18020205, 108, 'Sibling'),
(21020105, 109, 'Mother'),
(20010106, 110, 'Father'),
(18010104, 111, 'Sibling'),
(21010102, 112, 'Sibling'),
(18020101, 113, 'Father'),
(22030103, 114, 'Father'),
(20030309, 115, 'Sibling'),
(20020316, 116, 'Sibling'),
(21030205, 117, 'Sibling'),
(22020201, 118, 'Sibling'),
(18010305, 119, 'Sibling'),
(21010206, 120, 'Mother'),
(22030307, 121, 'Sibling'),
(20020101, 122, 'Mother'),
(21010205, 123, 'Mother'),
(22030205, 124, 'Sibling'),
(20020103, 125, 'Sibling'),
(21020103, 126, 'Father'),
(20010105, 127, 'Sibling'),
(21020101, 128, 'Sibling'),
(22010310, 129, 'Sibling'),
(19030103, 130, 'Sibling'),
(22020207, 131, 'Mother'),
(18010309, 132, 'Sibling'),
(20030203, 133, 'Father'),
(20020107, 134, 'Mother'),
(21020209, 135, 'Mother'),
(20020117, 136, 'Sibling'),
(19020312, 137, 'Sibling'),
(21010101, 138, 'Father'),
(20030208, 139, 'Sibling'),
(22020106, 140, 'Sibling'),
(20030305, 141, 'Father'),
(22030301, 142, 'Sibling'),
(18010204, 143, 'Father'),
(20020122, 144, 'Father'),
(21010307, 145, 'Mother'),
(16030101, 146, 'Mother'),
(19030202, 147, 'Father'),
(20030311, 148, 'Father'),
(22010204, 149, 'Father'),
(19010111, 150, 'Sibling'),
(18010105, 151, 'Father'),
(20030302, 152, 'Sibling'),
(20020308, 153, 'Mother'),
(18020204, 154, 'Mother'),
(22030206, 155, 'Father'),
(17030102, 156, 'Sibling'),
(20030201, 157, 'Father'),
(22020108, 158, 'Sibling'),
(19010110, 159, 'Mother'),
(18030102, 160, 'Sibling'),
(18020102, 161, 'Sibling'),
(21020301, 162, 'Sibling'),
(13020101, 163, 'Father'),
(21010310, 164, 'Sibling'),
(21010203, 165, 'Sibling'),
(18030304, 166, 'Father'),
(21010303, 167, 'Mother'),
(18020107, 168, 'Mother'),
(21030215, 169, 'Sibling'),
(21010201, 170, 'Mother'),
(18020111, 171, 'Sibling'),
(19030203, 172, 'Mother'),
(20030107, 173, 'Father'),
(19030104, 174, 'Sibling'),
(18010301, 175, 'Father'),
(22030101, 176, 'Father'),
(21030101, 177, 'Mother'),
(20020310, 178, 'Sibling'),
(22010106, 179, 'Mother'),
(17010201, 180, 'Mother'),
(19020309, 181, 'Sibling'),
(19020313, 182, 'Mother'),
(20030101, 183, 'Mother'),
(20030211, 184, 'Mother'),
(20010104, 185, 'Sibling'),
(16020101, 186, 'Father'),
(19010314, 187, 'Sibling'),
(21010315, 188, 'Father'),
(13010101, 189, 'Sibling'),
(17030201, 190, 'Sibling'),
(19020202, 191, 'Father'),
(18010103, 192, 'Sibling'),
(18020201, 193, 'Sibling'),
(22020202, 194, 'Sibling'),
(21010103, 195, 'Mother'),
(19010311, 196, 'Mother'),
(22020301, 197, 'Father'),
(19010205, 198, 'Father'),
(18030301, 199, 'Mother'),
(20020106, 200, 'Mother'),
(22020111, 201, 'Mother'),
(18020207, 202, 'Father'),
(20010103, 203, 'Sibling'),
(19020304, 204, 'Sibling'),
(22030305, 205, 'Sibling'),
(19020104, 206, 'Father'),
(19030208, 207, 'Sibling'),
(18020104, 208, 'Mother'),
(19030304, 209, 'Father'),
(18020301, 210, 'Sibling'),
(21020208, 211, 'Sibling'),
(18030103, 212, 'Sibling'),
(18010201, 213, 'Sibling'),
(19010201, 214, 'Sibling'),
(22010104, 215, 'Sibling'),
(15030103, 216, 'Sibling'),
(18030101, 217, 'Father'),
(17030202, 218, 'Sibling'),
(19010209, 219, 'Sibling'),
(22030306, 220, 'Mother'),
(18030204, 221, 'Father'),
(22020203, 222, 'Mother'),
(21010312, 223, 'Sibling'),
(20010102, 224, 'Sibling'),
(17020102, 225, 'Father'),
(21020104, 226, 'Sibling'),
(22020103, 227, 'Father'),
(19030201, 228, 'Father'),
(21010305, 229, 'Sibling'),
(18020202, 230, 'Sibling'),
(13030203, 231, 'Sibling'),
(20030310, 232, 'Sibling'),
(19020307, 233, 'Mother'),
(20030102, 234, 'Mother'),
(22010103, 235, 'Father'),
(19020301, 236, 'Sibling'),
(21020205, 237, 'Sibling'),
(21010202, 238, 'Sibling'),
(19010104, 239, 'Sibling'),
(13020104, 240, 'Sibling'),
(19010313, 241, 'Sibling'),
(21030111, 242, 'Sibling'),
(21030115, 243, 'Father'),
(21030209, 244, 'Father'),
(18020103, 245, 'Father'),
(22010305, 246, 'Father'),
(20030209, 247, 'Father'),
(21030301, 248, 'Sibling'),
(19030110, 249, 'Sibling'),
(19020206, 250, 'Sibling'),
(14010102, 251, 'Mother'),
(20030308, 252, 'Sibling'),
(18020112, 253, 'Father'),
(21030210, 254, 'Father'),
(18030306, 255, 'Sibling'),
(19010108, 256, 'Sibling'),
(19030302, 257, 'Sibling'),
(15030101, 258, 'Sibling'),
(19020201, 259, 'Mother'),
(18020206, 260, 'Sibling'),
(21030303, 261, 'Father'),
(20030206, 262, 'Mother'),
(18010303, 263, 'Mother'),
(22030102, 264, 'Mother'),
(19010103, 265, 'Father'),
(20030105, 266, 'Father'),
(20020111, 267, 'Sibling'),
(20020301, 268, 'Sibling'),
(19010308, 269, 'Sibling'),
(20020201, 270, 'Father'),
(21020206, 271, 'Sibling'),
(21010107, 272, 'Sibling'),
(19030301, 273, 'Sibling'),
(20020108, 274, 'Father'),
(20030301, 275, 'Mother'),
(21030113, 276, 'Sibling'),
(20030104, 277, 'Father'),
(19010302, 278, 'Sibling'),
(14010303, 279, 'Mother'),
(20020202, 280, 'Sibling'),
(20020305, 281, 'Sibling'),
(20020203, 282, 'Father'),
(21010314, 283, 'Mother'),
(21010306, 284, 'Sibling'),
(22020101, 285, 'Mother'),
(21030201, 286, 'Sibling'),
(21010302, 287, 'Mother'),
(22010301, 288, 'Sibling'),
(22010303, 289, 'Sibling'),
(21030304, 290, 'Sibling'),
(22030111, 291, 'Sibling'),
(14030103, 292, 'Sibling'),
(19010101, 293, 'Sibling'),
(19010115, 294, 'Sibling'),
(21030204, 295, 'Mother'),
(22020303, 296, 'Sibling'),
(22030109, 297, 'Mother'),
(22030304, 298, 'Mother'),
(19020203, 299, 'Mother'),
(22030303, 300, 'Father'),
(19030307, 301, 'Sibling'),
(20030304, 302, 'Father'),
(18030110, 303, 'Sibling'),
(22020307, 304, 'Mother'),
(21010308, 305, 'Sibling'),
(20030303, 306, 'Father'),
(17010301, 307, 'Mother'),
(21030206, 308, 'Sibling'),
(21010108, 309, 'Sibling'),
(18020203, 310, 'Sibling'),
(21030109, 311, 'Mother'),
(18010203, 312, 'Sibling'),
(20020306, 313, 'Mother'),
(20030202, 314, 'Sibling'),
(18020105, 315, 'Sibling'),
(19010203, 316, 'Mother'),
(18030309, 317, 'Sibling'),
(22030208, 318, 'Father'),
(22020205, 319, 'Father'),
(19030303, 320, 'Father'),
(18030206, 321, 'Sibling'),
(21020102, 322, 'Father'),
(19030206, 323, 'Mother'),
(21010313, 324, 'Father'),
(19030305, 325, 'Mother'),
(19030211, 326, 'Sibling'),
(17030304, 327, 'Sibling'),
(22010302, 328, 'Sibling'),
(18010302, 329, 'Sibling'),
(22020304, 330, 'Sibling'),
(22020102, 331, 'Sibling'),
(21030108, 332, 'Father'),
(18020309, 333, 'Sibling'),
(17030203, 334, 'Sibling'),
(22030302, 335, 'Mother'),
(18020302, 336, 'Sibling'),
(20020313, 337, 'Sibling'),
(20030212, 338, 'Father'),
(21020203, 339, 'Mother'),
(22010203, 340, 'Mother'),
(19030101, 341, 'Sibling'),
(19010208, 342, 'Sibling'),
(21010204, 343, 'Father'),
(19030308, 344, 'Father'),
(21020201, 345, 'Sibling'),
(18010304, 346, 'Mother'),
(21030213, 347, 'Sibling'),
(22020206, 348, 'Sibling'),
(15020203, 349, 'Father'),
(21030102, 350, 'Sibling'),
(18010208, 351, 'Sibling'),
(18030308, 352, 'Sibling'),
(18030201, 353, 'Father'),
(20030312, 354, 'Sibling'),
(19010301, 355, 'Sibling'),
(22010101, 356, 'Father'),
(20020304, 357, 'Father'),
(19020102, 358, 'Mother'),
(21020204, 359, 'Father'),
(19020308, 360, 'Mother'),
(22020104, 361, 'Father'),
(19010112, 362, 'Mother'),
(18020303, 363, 'Mother'),
(16020304, 364, 'Sibling'),
(21030105, 365, 'Sibling'),
(18030302, 366, 'Sibling'),
(20020302, 367, 'Mother'),
(13010301, 368, 'Mother'),
(21010316, 369, 'Sibling'),
(21030202, 370, 'Sibling'),
(20020314, 371, 'Sibling'),
(14030102, 372, 'Sibling'),
(22020109, 373, 'Father'),
(19030207, 374, 'Mother'),
(19030108, 375, 'Sibling'),
(22010102, 376, 'Mother'),
(20010301, 377, 'Father'),
(14010301, 378, 'Sibling'),
(20020105, 379, 'Sibling'),
(20020307, 380, 'Father'),
(19010305, 381, 'Sibling'),
(19030102, 382, 'Father'),
(20030106, 383, 'Mother'),
(19010315, 384, 'Sibling'),
(19030204, 385, 'Sibling'),
(22030203, 386, 'Sibling'),
(18010205, 387, 'Sibling'),
(22020310, 388, 'Sibling'),
(20020312, 389, 'Mother'),
(19030306, 390, 'Father'),
(21030310, 391, 'Sibling'),
(21010207, 392, 'Sibling'),
(22010202, 393, 'Mother'),
(19020106, 394, 'Father'),
(19030209, 395, 'Sibling'),
(18010107, 396, 'Father'),
(18020209, 397, 'Mother'),
(19010106, 398, 'Mother'),
(21030106, 399, 'Father'),
(20030109, 400, 'Sibling'),
(22010206, 401, 'Mother'),
(18020210, 402, 'Mother'),
(20020112, 403, 'Sibling'),
(21030107, 404, 'Mother'),
(20020113, 405, 'Father'),
(21030103, 406, 'Mother'),
(22010105, 407, 'Mother'),
(19010304, 408, 'Mother'),
(19010310, 409, 'Sibling'),
(21030216, 410, 'Sibling'),
(19020107, 411, 'Sibling'),
(18020304, 412, 'Father'),
(22030204, 413, 'Sibling'),
(21020212, 414, 'Father'),
(20030205, 415, 'Mother'),
(22020208, 416, 'Sibling'),
(18010206, 417, 'Father'),
(18020310, 418, 'Sibling'),
(22030112, 419, 'Sibling'),
(19010107, 420, 'Sibling'),
(22010306, 421, 'Sibling'),
(21020106, 422, 'Sibling'),
(19010206, 423, 'Father'),
(19030105, 424, 'Father'),
(18010307, 425, 'Sibling'),
(21030211, 426, 'Sibling'),
(18020211, 427, 'Father'),
(21010106, 428, 'Father'),
(22020209, 429, 'Mother'),
(16030303, 430, 'Sibling'),
(21030212, 431, 'Father'),
(20030314, 432, 'Mother'),
(20020104, 433, 'Mother'),
(20030313, 434, 'Sibling'),
(18010210, 435, 'Sibling'),
(21030214, 436, 'Sibling'),
(15010202, 437, 'Mother'),
(20010302, 438, 'Sibling'),
(22020107, 439, 'Mother'),
(19010109, 440, 'Mother'),
(22030311, 441, 'Father'),
(13020103, 442, 'Sibling'),
(15020102, 443, 'Sibling'),
(18010207, 444, 'Sibling'),
(22030201, 445, 'Mother'),
(18030310, 446, 'Sibling'),
(19010312, 447, 'Sibling'),
(18010313, 448, 'Mother'),
(20010109, 449, 'Sibling'),
(19020108, 450, 'Mother'),
(18010108, 451, 'Mother'),
(19020302, 452, 'Sibling'),
(22030104, 453, 'Mother'),
(18010109, 454, 'Mother'),
(22010307, 455, 'Father'),
(21030307, 456, 'Father'),
(20010201, 457, 'Father'),
(20020317, 458, 'Father'),
(18010308, 459, 'Father'),
(22010107, 460, 'Father'),
(21010208, 461, 'Mother'),
(20030108, 462, 'Sibling'),
(19010102, 463, 'Sibling'),
(18020305, 464, 'Mother'),
(19030213, 465, 'Mother'),
(18020108, 466, 'Father'),
(18030106, 467, 'Sibling'),
(19020109, 468, 'Mother'),
(17010103, 469, 'Mother'),
(20020315, 470, 'Sibling'),
(19030210, 471, 'Father'),
(19030309, 472, 'Sibling'),
(14010201, 473, 'Father'),
(22020308, 474, 'Mother'),
(18030303, 475, 'Sibling'),
(19010316, 476, 'Sibling'),
(21010304, 477, 'Sibling'),
(21010105, 478, 'Father'),
(21010311, 479, 'Father'),
(18020109, 480, 'Mother'),
(16020201, 481, 'Mother'),
(22030308, 482, 'Mother'),
(21030110, 483, 'Father'),
(16030304, 484, 'Sibling'),
(21010301, 485, 'Sibling'),
(22030309, 486, 'Father'),
(18020213, 487, 'Father'),
(18020306, 488, 'Mother'),
(19030106, 489, 'Mother'),
(22020210, 490, 'Father'),
(20010303, 491, 'Sibling'),
(19030107, 492, 'Father'),
(22030113, 493, 'Sibling'),
(21010209, 494, 'Mother'),
(17020301, 495, 'Mother'),
(21020302, 496, 'Father'),
(22010205, 497, 'Father'),
(18020308, 498, 'Mother'),
(16030102, 499, 'Father'),
(19010207, 500, 'Sibling'),
(19030310, 501, 'Mother'),
(19010204, 502, 'Sibling'),
(22020211, 503, 'Sibling'),
(19020110, 504, 'Father'),
(22030114, 505, 'Sibling'),
(20020205, 506, 'Mother'),
(17030305, 507, 'Father'),
(20020118, 508, 'Sibling'),
(21020210, 509, 'Sibling'),
(20010304, 510, 'Sibling'),
(18030205, 511, 'Sibling'),
(18020307, 512, 'Sibling'),
(20020206, 513, 'Sibling'),
(22030202, 514, 'Mother'),
(21030112, 515, 'Sibling'),
(19020103, 516, 'Sibling'),
(19020310, 517, 'Sibling'),
(22010309, 518, 'Mother'),
(15030201, 519, 'Father'),
(22030115, 520, 'Sibling'),
(22020309, 521, 'Mother'),
(20010204, 522, 'Mother'),
(21020108, 523, 'Sibling'),
(19020205, 524, 'Mother'),
(18030107, 525, 'Sibling'),
(18020215, 526, 'Mother'),
(21020303, 527, 'Father'),
(22030207, 528, 'Father'),
(21010210, 529, 'Sibling'),
(20010205, 530, 'Father'),
(20010101, 531, 'Mother'),
(18010310, 532, 'Mother'),
(18030109, 533, 'Sibling'),
(18010209, 534, 'Sibling'),
(19010306, 535, 'Father'),
(19010114, 536, 'Sibling'),
(19020311, 537, 'Sibling'),
(15010201, 538, 'Sibling'),
(13030201, 539, 'Father'),
(22010108, 540, 'Father'),
(14010103, 541, 'Sibling'),
(22010109, 542, 'Sibling'),
(20030210, 543, 'Sibling'),
(19020111, 544, 'Father'),
(20020119, 545, 'Father'),
(13030202, 546, 'Father'),
(21030308, 547, 'Father'),
(21020107, 548, 'Mother'),
(20020120, 549, 'Sibling'),
(22030116, 550, 'Sibling'),
(18010311, 551, 'Father'),
(19010303, 552, 'Sibling'),
(22020110, 553, 'Mother'),
(17020202, 554, 'Father'),
(22030106, 555, 'Mother'),
(19030109, 556, 'Sibling'),
(18010312, 557, 'Father'),
(22020212, 558, 'Sibling'),
(22030310, 559, 'Sibling'),
(15020301, 560, 'Sibling'),
(19030212, 561, 'Sibling'),
(21010211, 562, 'Father'),
(18010211, 563, 'Mother'),
(19010210, 564, 'Mother'),
(20030204, 565, 'Sibling'),
(22020311, 566, 'Sibling'),
(21020202, 567, 'Sibling'),
(20010206, 568, 'Mother'),
(21010317, 569, 'Sibling'),
(20020207, 570, 'Sibling'),
(20020311, 571, 'Father'),
(21030309, 572, 'Sibling'),
(20020114, 573, 'Sibling'),
(20030213, 574, 'Mother'),
(18030307, 575, 'Sibling'),
(18030311, 576, 'Father'),
(20020109, 577, 'Mother'),
(21020305, 578, 'Sibling'),
(15020101, 579, 'Father'),
(16020302, 580, 'Mother'),
(17010101, 581, 'Sibling'),
(17020104, 582, 'Sibling'),
(17020201, 583, 'Father'),
(18030108, 584, 'Sibling'),
(15020201, 585, 'Sibling'),
(15020202, 586, 'Sibling'),
(14030101, 587, 'Sibling'),
(16030301, 588, 'Sibling'),
(19020204, 589, 'Sibling'),
(17030302, 590, 'Father'),
(17010102, 591, 'Sibling'),
(17030101, 592, 'Mother'),
(20020309, 593, 'Father'),
(14010101, 594, 'Father'),
(13020102, 595, 'Father'),
(17030301, 596, 'Sibling'),
(16030302, 597, 'Mother'),
(15010101, 598, 'Mother'),
(15010301, 599, 'Sibling'),
(16010101, 600, 'Mother')
;

INSERT INTO EXPENSE(exps_id, exps_name, exps_date, exps_cost, exps_type) VALUES 
(0, 'Electricity', '2020/6/13', 785, 1),
(1, 'Electricity', '2021/2/19', 243, 1),
(2, 'Electricity', '2022/8/22', 605, 1),
(3, 'Electricity', '2023/5/14', 1048, 1),
(4, 'Water', '2020/4/21', 312, 0),
(5, 'Water', '2021/1/7', 619, 0),
(6, 'Water', '2022/7/16', 579, 0),
(7, 'Water', '2023/7/7', 227, 1),
(8, 'Internet', '2020/5/5', 774, 1),
(9, 'Internet', '2021/4/23', 668, 0),
(10, 'Internet', '2022/8/17', 781, 1),
(11, 'Internet', '2023/8/27', 386, 1),
(12, 'Gas', '2020/4/26', 572, 1),
(13, 'Gas', '2021/2/6', 891, 1),
(14, 'Gas', '2022/2/10', 718, 0),
(15, 'Gas', '2023/5/26', 835, 1),
(16, 'Cleaning', '2020/8/13', 918, 1),
(17, 'Cleaning', '2021/2/12', 643, 0),
(18, 'Cleaning', '2022/2/18', 209, 1),
(19, 'Cleaning', '2023/3/14', 113, 0),
(20, 'Security', '2020/2/13', 395, 0),
(21, 'Security', '2021/4/18', 229, 1),
(22, 'Security', '2022/1/9', 626, 0),
(23, 'Security', '2023/9/8', 301, 1),
(24, 'Food', '2020/9/23', 242, 1),
(25, 'Food', '2021/9/22', 873, 0),
(26, 'Food', '2022/4/26', 949, 1),
(27, 'Food', '2023/2/28', 771, 0),
(28, 'Salary', '2020/8/9', 620, 0),
(29, 'Salary', '2021/5/2', 137, 1),
(30, 'Salary', '2022/1/14', 983, 0),
(31, 'Salary', '2023/9/14', 799, 0)
;

INSERT INTO EMPLOYEE(empl_id, empl_type, empl_fname, empl_lname, empl_sex, empl_salary, empl_reg_date) VALUES 
(1, 1, 'Ashleigh', 'Parrish', 1, 16700, '2016/7/17'),
(2, 1, 'Guadalupe', 'Gould', 1, 3000, '2022/2/26'),
(3, 1, 'Rachel', 'Saunders', 1, 10200, '2021/5/8'),
(4, 0, 'Houston', 'Barton', 0, 19000, '2022/5/18'),
(5, 1, 'Jaiden', 'Wiley', 1, 8200, '2019/2/6'),
(6, 0, 'Arabella', 'Monroe', 1, 7800, '2015/8/27'),
(7, 0, 'Maryjane', 'Graham', 1, 7200, '2018/3/26'),
(8, 1, 'Moshe', 'Odom', 0, 10000, '2019/2/16'),
(9, 1, 'Tiffany', 'Gilmore', 1, 5600, '2022/7/11'),
(10, 0, 'Josie', 'Hodge', 1, 4900, '2018/5/18'),
(11, 0, 'Lexi', 'Brennan', 1, 2500, '2020/1/7'),
(12, 0, 'Jamie', 'Jimenez', 0, 11400, '2019/2/4'),
(13, 0, 'Leilani', 'Patel', 1, 8900, '2021/8/16'),
(14, 0, 'Leonidas', 'Randolph', 0, 7800, '2019/1/17'),
(15, 1, 'Matilda', 'Barrett', 1, 5200, '2020/1/10'),
(16, 1, 'Makhi', 'Burch', 0, 13800, '2019/6/2'),
(17, 0, 'Gavyn', 'Rosales', 0, 2200, '2015/6/23'),
(18, 1, 'Jaime', 'Duncan', 0, 10700, '2015/1/4'),
(19, 1, 'Jasmin', 'Mcknight', 1, 16100, '2018/5/27'),
(20, 1, 'Khalil', 'Ray', 0, 16900, '2015/9/7'),
(21, 1, 'Cassandra', 'Burton', 1, 12000, '2019/2/8'),
(22, 0, 'Hamza', 'Boyd', 0, 13900, '2021/6/26'),
(23, 0, 'Rex', 'Pitts', 0, 11200, '2020/9/15'),
(24, 1, 'Juan', 'Lin', 0, 6300, '2017/7/13'),
(25, 1, 'Gaven', 'Cruz', 0, 13600, '2015/7/1'),
(26, 1, 'Gilberto', 'Jensen', 0, 2300, '2019/9/13'),
(27, 1, 'Sandra', 'Anthony', 1, 19000, '2021/1/16'),
(28, 0, 'Harley', 'Foster', 1, 2000, '2022/2/3'),
(29, 0, 'Ben', 'Dominguez', 0, 1200, '2022/4/20'),
(30, 0, 'Celia', 'Jennings', 1, 10800, '2022/6/23'),
(31, 0, 'William', 'Harding', 0, 8700, '2018/3/8'),
(32, 1, 'Edward', 'Waller', 0, 9100, '2018/7/22'),
(33, 0, 'Jaida', 'Harvey', 1, 11800, '2015/1/9'),
(34, 1, 'Mariela', 'Hinton', 1, 8900, '2016/4/24'),
(35, 0, 'Jessica', 'Blackwell', 1, 7600, '2018/7/3'),
(36, 0, 'Macie', 'Le', 1, 7700, '2019/4/10'),
(37, 0, 'Sofia', 'Casey', 1, 14800, '2017/5/15'),
(38, 0, 'Jadyn', 'Strong', 0, 16800, '2022/2/10'),
(39, 0, 'Konner', 'Cain', 0, 5800, '2017/8/11'),
(40, 0, 'Halle', 'Norris', 1, 3100, '2015/4/14'),
(41, 1, 'Jerome', 'James', 0, 2800, '2021/7/16'),
(42, 1, 'Misael', 'Hendricks', 0, 19200, '2015/1/18'),
(43, 1, 'Griffin', 'Harrison', 0, 16600, '2017/1/8'),
(44, 1, 'Jolie', 'Lara', 1, 11200, '2017/5/15'),
(45, 1, 'Paola', 'Bautista', 1, 11700, '2018/9/17'),
(46, 0, 'Emanuel', 'Sampson', 0, 15500, '2022/8/22'),
(47, 1, 'Matthias', 'Dickson', 0, 8400, '2019/2/5'),
(48, 0, 'Felicity', 'Booth', 1, 16300, '2018/7/17'),
(49, 0, 'Armani', 'Ewing', 0, 6900, '2019/8/28'),
(50, 0, 'Wyatt', 'Kane', 0, 13000, '2016/4/5'),
(51, 0, 'Kale', 'Lester', 0, 12200, '2015/1/4'),
(52, 1, 'Cameron', 'Middleton', 0, 5500, '2015/3/11'),
(53, 1, 'Elijah', 'Henry', 0, 1400, '2015/6/22'),
(54, 0, 'Giovani', 'Boyle', 0, 11300, '2018/8/27'),
(55, 1, 'Briana', 'Humphrey', 1, 7400, '2021/4/22'),
(56, 0, 'Annabel', 'Mclaughlin', 1, 9500, '2021/8/4'),
(57, 0, 'Kara', 'Bailey', 1, 13600, '2016/6/28'),
(58, 1, 'Alexander', 'Holmes', 0, 6900, '2019/7/19'),
(59, 1, 'Dominique', 'Scott', 0, 14100, '2020/5/19'),
(60, 1, 'Karter', 'Parks', 0, 12000, '2017/3/20'),
(61, 1, 'Brady', 'Hughes', 0, 10200, '2017/6/14'),
(62, 0, 'Bridger', 'Hammond', 0, 8100, '2022/5/11'),
(63, 1, 'Allen', 'Zuniga', 0, 9800, '2020/9/13'),
(64, 1, 'Casey', 'Riggs', 1, 1400, '2015/7/19'),
(65, 1, 'Liberty', 'Combs', 1, 10000, '2017/7/3'),
(66, 0, 'Vivian', 'Keith', 1, 16700, '2022/1/25'),
(67, 1, 'Clinton', 'Lambert', 0, 16300, '2018/3/6'),
(68, 0, 'Tess', 'Salazar', 1, 6900, '2022/7/8'),
(69, 0, 'Hillary', 'Aguirre', 1, 10100, '2018/3/22'),
(70, 0, 'Melanie', 'Orozco', 1, 9500, '2016/4/15'),
(71, 0, 'Gustavo', 'Yu', 0, 14900, '2015/6/12'),
(72, 0, 'Layne', 'Cortez', 0, 7700, '2021/7/17'),
(73, 1, 'Alia', 'Collier', 1, 7200, '2021/3/16'),
(74, 1, 'Caleb', 'Rush', 0, 8400, '2019/7/14'),
(75, 1, 'Cali', 'Deleon', 1, 5100, '2021/4/24'),
(76, 1, 'Nolan', 'Huffman', 0, 11800, '2021/2/15'),
(77, 0, 'Tony', 'Colon', 0, 11700, '2018/1/12'),
(78, 1, 'Will', 'Eaton', 0, 3200, '2016/8/27'),
(79, 0, 'Bethany', 'Duffy', 1, 4300, '2017/1/4'),
(80, 0, 'Hassan', 'Vega', 0, 11100, '2021/3/24'),
(81, 0, 'Talia', 'Hill', 1, 13100, '2019/2/11'),
(82, 1, 'Miah', 'Camacho', 1, 15000, '2015/5/17'),
(83, 0, 'Calvin', 'Smith', 0, 8700, '2021/4/13'),
(84, 0, 'Madeleine', 'Baird', 1, 12700, '2022/9/3'),
(85, 1, 'Terrence', 'Meadows', 0, 2800, '2016/7/6'),
(86, 0, 'Samuel', 'Mcclure', 0, 11900, '2020/6/8'),
(87, 1, 'Jean', 'Campbell', 0, 13700, '2021/4/3'),
(88, 1, 'Valentin', 'Frye', 0, 5400, '2018/8/3'),
(89, 1, 'Soren', 'Noble', 0, 17500, '2020/9/9'),
(90, 1, 'Kristian', 'Sims', 0, 4000, '2020/5/20'),
(91, 1, 'Nico', 'Singh', 0, 8900, '2015/5/25'),
(92, 0, 'Chaz', 'Esparza', 0, 9100, '2020/5/2'),
(93, 1, 'Carly', 'Austin', 1, 19900, '2017/6/23'),
(94, 1, 'Amelie', 'Rocha', 1, 19400, '2019/9/5'),
(95, 1, 'Deja', 'Randall', 1, 16700, '2021/4/23'),
(96, 0, 'Leonardo', 'Friedman', 0, 2600, '2016/8/27'),
(97, 0, 'Skyla', 'Mcgrath', 1, 18200, '2020/3/14'),
(98, 1, 'Parker', 'Curtis', 0, 2900, '2020/5/27'),
(99, 0, 'Donald', 'Landry', 0, 12400, '2022/6/10'),
(100, 0, 'Itzel', 'Schaefer', 1, 8100, '2018/6/7')
;

INSERT INTO STAFF(empl_id) VALUES 
(2),
(3),
(5),
(6),
(7),
(8),
(9),
(10),
(11),
(13),
(14),
(15),
(17),
(24),
(26),
(28),
(29),
(30),
(31),
(32),
(34),
(35),
(36),
(39),
(40),
(41),
(47),
(49),
(52),
(53),
(55),
(56),
(58),
(62),
(63),
(64),
(68),
(69),
(70),
(72),
(73),
(74),
(75),
(78),
(79),
(83),
(85),
(88),
(90),
(91),
(92),
(96),
(98),
(100)
;

INSERT INTO ADMIN_STAFF(empl_id) VALUES 
(1),
(4),
(12),
(16),
(18),
(19),
(20),
(21),
(22),
(23),
(25),
(27),
(33),
(37),
(38),
(42),
(43),
(44),
(45),
(46),
(48),
(50),
(51),
(54),
(57),
(59),
(60),
(61),
(65),
(66),
(67),
(71),
(76),
(77),
(80),
(81),
(82),
(84),
(86),
(87),
(89),
(93),
(94),
(95),
(97),
(99),
;

INSERT INTO COURSE(cour_id, cour_min_req) VALUES 
("BIL113",	30),
("BIL121",	40),
("BIL132",	30),
("BIL141",	40),
("BIL142",	50),
("BIL191",	30),
("BIL211",	30),
("ELE101",	30),
("FIZ101",	50),
("FIZ102",	50),
("HUK115",	20),
("IDE100",	20),
("IDE103",	20),
("IDE104",	20),
("IDE105",	20),
("IDE108",	20),
("IDE110",	20),
("IKT105",	50),
("IKT110",	20),
("ING001",	50),
("ING002",	50),
("ISL113",	20),
("MAK104",	30),
("MAK112",	30),
("MAT101",	50),
("MAT102",	50),
("MAT103",	50),
("MAT104",	20),
("OEG101",	50),
("SUI101",	20),
("SUI102",	20),
("SUI105",	20),
("SUI106",	20),
("SUI108",	20),
("SUI114",	20),
("TAR113",	20),
("TAR131",	20),
("TAR141",	20),
("TAR146",	20),
("TAR191",	20),
("TAR192",	20),
("TDE111",	20),
("TDE121",	20),
("TDE131",	20),
("TDE143",	20),
("TUR101",	50),
("TUR102",	50);

INSERT INTO EMPLOYEE(empl_id, empl_type, empl_fname, empl_lname, empl_sex, empl_salary, empl_reg_date) VALUES 
(10101, 0, 'Cason', 'Buckley', 0, 27800, '2017/4/13'),
(10102, 1, 'Porter', 'Avery', 0, 29300, '2017/2/23'),
(10103, 1, 'Cornelius', 'Merritt', 0, 27600, '2020/9/22'),
(10104, 1, 'Sherlyn', 'Bolton', 1, 21700, '2015/7/11'),
(10201, 1, 'Amelia', 'Reynolds', 1, 23400, '2017/9/16'),
(10202, 1, 'Leonard', 'Clayton', 0, 25700, '2016/6/11'),
(10301, 1, 'Layla', 'Dennis', 1, 20300, '2019/5/9'),
(10302, 1, 'Duncan', 'Gentry', 0, 22300, '2020/1/21'),
(20101, 1, 'Addison', 'Johnson', 1, 24500, '2019/7/5'),
(20102, 0, 'Destinee', 'Coffey', 1, 22300, '2015/2/24'),
(20103, 0, 'Angie', 'Velez', 1, 22100, '2016/3/4'),
(20201, 1, 'Mikayla', 'Carter', 1, 20700, '2021/7/9'),
(20202, 0, 'Kirsten', 'Morris', 1, 28500, '2015/1/17'),
(20203, 0, 'Kason', 'Acevedo', 0, 26200, '2016/9/20'),
(20204, 0, 'Jace', 'Gross', 0, 24900, '2015/1/28'),
(30101, 1, 'Nickolas', 'Martinez', 0, 28500, '2019/4/4'),
(30201, 1, 'Geovanni', 'Skinner', 0, 20900, '2018/1/11'),
(30202, 0, 'Mylie', 'Grant', 1, 22700, '2018/8/28'),
(30301, 1, 'Johnathon', 'Pennington', 0, 23100, '2017/4/16'),
(30302, 1, 'Julianne', 'Bell', 1, 22200, '2019/7/4'),
(30303, 0, 'Nadia', 'Beltran', 1, 23500, '2019/1/8'),
(30304, 0, 'Emmett', 'Huang', 0, 26700, '2022/7/21')
;
INSERT INTO INSTRUCTOR(empl_id) VALUES
(10101),
(10102),
(10103),
(10104),
(10201),
(10202),
(10301),
(10302),
(20101),
(20102),
(20103),
(20201),
(20202),
(20203),
(20204),
(30101),
(30201),
(30202),
(30301),
(30302),
(30303),
(30304)
;
