INSERT INTO STUDENT(stud_id, stud_fname, stud_lname, stud_birth_year, stud_sex, stud_reg_date, stud_gpa, stud_email, stud_number) VALUES 
(17010101, 'Tatiana', 'Lewis', '1999/5/5', 1, '2017/5/23', 2.39, 'Tatiana.Lewis@etu.edu.tr', '05210368323'),
(18020101, 'Landyn', 'Giles', '2000/3/18', 0, '2018/4/13', 0.46, 'Landyn.Giles@etu.edu.tr', '05512642975'),
(18010101, 'Lizbeth', 'Fritz', '2000/4/18', 1, '2018/7/14', 0.19, 'Lizbeth.Fritz@etu.edu.tr', '05015344132'),
(14030301, 'Andre', 'Bond', '1996/10/18', 0, '2014/8/14', 2.97, 'Andre.Bond@etu.edu.tr', '05665443463'),
(16020301, 'Eli', 'Farrell', '1998/5/17', 0, '2016/3/2', 1.76, 'Eli.Farrell@etu.edu.tr', '05771363017'),
(15020201, 'Cristopher', 'Soto', '1997/8/14', 0, '2015/6/13', 1.12, 'Cristopher.Soto@etu.edu.tr', '05472268874'),
(14010301, 'Carolina', 'Washington', '1996/8/8', 1, '2014/6/13', 1.27, 'Carolina.Washington@etu.edu.tr', '05083822159'),
(18020301, 'Malia', 'Krueger', '2000/6/1', 1, '2018/3/19', 2.24, 'Malia.Krueger@etu.edu.tr', '05427520930'),
(18010201, 'Litzy', 'David', '2000/11/9', 1, '2018/9/27', 0.68, 'Litzy.David@etu.edu.tr', '05991917816'),
(18020102, 'Alvaro', 'Davenport', '2000/4/13', 0, '2018/8/26', 2.67, 'Alvaro.Davenport@etu.edu.tr', '05012092217'),
(15010201, 'Alessandra', 'Wolfe', '1997/7/23', 1, '2015/4/3', 3.67, 'Alessandra.Wolfe@etu.edu.tr', '05319950667'),
(14020101, 'Armani', 'Mooney', '1996/2/2', 1, '2014/6/21', 2.22, 'Armani.Mooney@etu.edu.tr', '05681202367'),
(16020201, 'Janae', 'Rubio', '1998/8/26', 1, '2016/7/7', 1.84, 'Janae.Rubio@etu.edu.tr', '05580002359'),
(14010302, 'Dominic', 'Mccormick', '1996/4/20', 0, '2014/4/11', 3.36, 'Dominic.Mccormick@etu.edu.tr', '05096386764'),
(17010201, 'Alisa', 'Knapp', '1999/11/5', 1, '2017/4/18', 1.06, 'Alisa.Knapp@etu.edu.tr', '05787644933'),
(16020302, 'Tatum', 'Lowe', '1998/12/16', 1, '2016/7/5', 2.37, 'Tatum.Lowe@etu.edu.tr', '05579512363'),
(16030101, 'Leanna', 'Oneill', '1998/3/3', 1, '2016/4/11', 0.32, 'Leanna.Oneill@etu.edu.tr', '05570222407'),
(16030102, 'Carleigh', 'Barker', '1998/3/11', 1, '2016/9/18', 0.83, 'Carleigh.Barker@etu.edu.tr', '05482401038'),
(17020301, 'Ishaan', 'Mann', '1999/10/24', 0, '2017/2/13', 2.87, 'Ishaan.Mann@etu.edu.tr', '05402014876'),
(15030301, 'Ashlyn', 'Galvan', '1997/11/3', 1, '2015/1/4', 1.07, 'Ashlyn.Galvan@etu.edu.tr', '05730929569'),
(15010301, 'Diamond', 'Carroll', '1997/9/5', 1, '2015/5/25', 0.99, 'Diamond.Carroll@etu.edu.tr', '05049388174'),
(17010202, 'Aaliyah', 'Ortega', '1999/5/22', 1, '2017/1/13', 0.76, 'Aaliyah.Ortega@etu.edu.tr', '05639594703'),
(16010301, 'Agustin', 'Nielsen', '1998/5/18', 0, '2016/7/12', 2.85, 'Agustin.Nielsen@etu.edu.tr', '05443648433'),
(15020101, 'Sawyer', 'Flowers', '1997/3/28', 0, '2015/2/22', 1.07, 'Sawyer.Flowers@etu.edu.tr', '05383126890'),
(17010301, 'Zechariah', 'Chase', '1999/11/11', 0, '2017/4/26', 3.64, 'Zechariah.Chase@etu.edu.tr', '05504262594'),
(17020302, 'Julien', 'Navarro', '1999/7/28', 0, '2017/6/22', 3.75, 'Julien.Navarro@etu.edu.tr', '05306346190'),
(14030302, 'Miley', 'Beard', '1996/7/14', 1, '2014/7/14', 0.91, 'Miley.Beard@etu.edu.tr', '05217337689'),
(15020102, 'Heidi', 'Lucero', '1997/5/13', 1, '2015/8/9', 0.67, 'Heidi.Lucero@etu.edu.tr', '05199575459'),
(17010102, 'Drew', 'Tucker', '1999/4/8', 0, '2017/7/7', 2.03, 'Drew.Tucker@etu.edu.tr', '05229548643'),
(18020302, 'Jordan', 'Ruiz', '2000/1/22', 0, '2018/1/15', 3.56, 'Jordan.Ruiz@etu.edu.tr', '05189904604'),
(14020301, 'Finnegan', 'Montoya', '1996/11/5', 0, '2014/2/26', 0.49, 'Finnegan.Montoya@etu.edu.tr', '05245674897'),
(17020101, 'Kymani', 'Dixon', '1999/4/11', 0, '2017/2/4', 1.41, 'Kymani.Dixon@etu.edu.tr', '05742893947'),
(18010102, 'Sadie', 'Baldwin', '2000/8/20', 1, '2018/4/20', 2.9, 'Sadie.Baldwin@etu.edu.tr', '05573966488'),
(16020101, 'Dillan', 'Abbott', '1998/12/14', 0, '2016/4/19', 2.63, 'Dillan.Abbott@etu.edu.tr', '05724701738'),
(14030303, 'Erin', 'Lutz', '1996/1/14', 1, '2014/1/22', 1.73, 'Erin.Lutz@etu.edu.tr', '05749814410'),
(14020102, 'Karly', 'Turner', '1996/10/6', 1, '2014/1/2', 2.94, 'Karly.Turner@etu.edu.tr', '05198192751'),
(15010302, 'Liana', 'Park', '1997/2/2', 1, '2015/9/20', 0.24, 'Liana.Park@etu.edu.tr', '05187932715'),
(16020303, 'Cindy', 'Cline', '1998/8/9', 1, '2016/7/18', 2.81, 'Cindy.Cline@etu.edu.tr', '05631293440'),
(14020201, 'Tyree', 'Caldwell', '1996/5/27', 0, '2014/3/3', 1.76, 'Tyree.Caldwell@etu.edu.tr', '05494110999'),
(14030201, 'Anaya', 'Owen', '1996/7/9', 1, '2014/4/10', 2.26, 'Anaya.Owen@etu.edu.tr', '05227007410'),
(15020103, 'Gianna', 'Sexton', '1997/7/17', 1, '2015/1/18', 3.94, 'Gianna.Sexton@etu.edu.tr', '05709845692'),
(15020301, 'Kiara', 'Ferrell', '1997/11/28', 1, '2015/2/25', 1.82, 'Kiara.Ferrell@etu.edu.tr', '05192462058'),
(15010101, 'Lilly', 'Huff', '1997/3/4', 1, '2015/9/3', 3.66, 'Lilly.Huff@etu.edu.tr', '05024022618'),
(15030302, 'Makena', 'Tapia', '1997/9/15', 1, '2015/7/10', 0.05, 'Makena.Tapia@etu.edu.tr', '05273418070'),
(18010103, 'Francesca', 'Henderson', '2000/1/14', 1, '2018/5/13', 2.61, 'Francesca.Henderson@etu.edu.tr', '05165301519'),
(14010201, 'Dante', 'Peck', '1996/8/12', 0, '2014/1/16', 0.93, 'Dante.Peck@etu.edu.tr', '05082177886'),
(18020201, 'Waylon', 'Prince', '2000/9/19', 0, '2018/9/21', 2.57, 'Waylon.Prince@etu.edu.tr', '05963247526'),
(18030201, 'Vicente', 'Arroyo', '2000/7/6', 0, '2018/4/17', 3.63, 'Vicente.Arroyo@etu.edu.tr', '05435036655'),
(16030301, 'Laura', 'Mullins', '1998/9/12', 1, '2016/1/9', 0.13, 'Laura.Mullins@etu.edu.tr', '05212311682'),
(18010301, 'Mariam', 'Mason', '2000/5/2', 1, '2018/2/10', 0.99, 'Mariam.Mason@etu.edu.tr', '05176151895'),
(16020202, 'Kayla', 'Lloyd', '1998/8/23', 1, '2016/2/21', 0.7, 'Kayla.Lloyd@etu.edu.tr', '05224688752'),
(17030301, 'Clay', 'Woodward', '1999/6/28', 0, '2017/7/23', 3.22, 'Clay.Woodward@etu.edu.tr', '05582200782'),
(18010202, 'Damion', 'Fisher', '2000/5/4', 0, '2018/7/4', 3.46, 'Damion.Fisher@etu.edu.tr', '05536175656'),
(17010203, 'Braxton', 'Acosta', '1999/1/20', 0, '2017/4/8', 3.04, 'Braxton.Acosta@etu.edu.tr', '05108876642'),
(14020302, 'Alice', 'Bray', '1996/12/9', 1, '2014/2/5', 2.06, 'Alice.Bray@etu.edu.tr', '05611718041'),
(14010101, 'Genesis', 'Barry', '1996/6/5', 1, '2014/9/17', 2.67, 'Genesis.Barry@etu.edu.tr', '05149309447'),
(18010104, 'Aron', 'Chang', '2000/7/25', 0, '2018/2/27', 1.01, 'Aron.Chang@etu.edu.tr', '05460648052'),
(17020201, 'Frederick', 'Simpson', '1999/7/9', 0, '2017/7/22', 3.53, 'Frederick.Simpson@etu.edu.tr', '05524260226'),
(18030301, 'Cynthia', 'Harmon', '2000/3/7', 1, '2018/5/21', 3.83, 'Cynthia.Harmon@etu.edu.tr', '05755876089'),
(16020203, 'Yoselin', 'Thompson', '1998/6/15', 1, '2016/3/22', 0.76, 'Yoselin.Thompson@etu.edu.tr', '05789111319'),
(17010103, 'Javion', 'Rose', '1999/12/13', 0, '2017/9/14', 1.75, 'Javion.Rose@etu.edu.tr', '05516043167'),
(15030303, 'Iyana', 'Curry', '1997/9/13', 1, '2015/2/21', 2.92, 'Iyana.Curry@etu.edu.tr', '05675867510'),
(18010302, 'Mohammed', 'Adams', '2000/10/27', 0, '2018/8/24', 0.17, 'Mohammed.Adams@etu.edu.tr', '05883777518'),
(14020202, 'Conner', 'Leon', '1996/12/18', 0, '2014/4/23', 3.53, 'Conner.Leon@etu.edu.tr', '05664995605'),
(16030302, 'Lyla', 'Moss', '1998/6/6', 1, '2016/7/19', 1.86, 'Lyla.Moss@etu.edu.tr', '05849439163'),
(14020303, 'Naima', 'Ballard', '1996/10/19', 1, '2014/1/7', 1.43, 'Naima.Ballard@etu.edu.tr', '05934877649'),
(14010102, 'Autumn', 'Solomon', '1996/8/9', 1, '2014/4/28', 1.29, 'Autumn.Solomon@etu.edu.tr', '05909957860'),
(14030202, 'Jaylah', 'Kirby', '1996/6/24', 1, '2014/3/20', 0.7, 'Jaylah.Kirby@etu.edu.tr', '05449939093'),
(16010201, 'Amiah', 'Weaver', '1998/10/23', 1, '2016/8/27', 3.02, 'Amiah.Weaver@etu.edu.tr', '05663439736'),
(18010105, 'Norah', 'Cooley', '2000/4/2', 1, '2018/1/19', 0.25, 'Norah.Cooley@etu.edu.tr', '05297819441'),
(15030304, 'Eliana', 'Kent', '1997/5/4', 1, '2015/8/14', 3.85, 'Eliana.Kent@etu.edu.tr', '05844665428'),
(17010302, 'Riley', 'Gibbs', '1999/1/26', 1, '2017/4/25', 2.07, 'Riley.Gibbs@etu.edu.tr', '05992146557'),
(14010103, 'Diana', 'Wise', '1996/11/28', 1, '2014/4/27', 0.37, 'Diana.Wise@etu.edu.tr', '05353289430'),
(16030201, 'Nathaniel', 'Salas', '1998/7/20', 0, '2016/7/6', 1.91, 'Nathaniel.Salas@etu.edu.tr', '05146460339'),
(18030101, 'Cristofer', 'Schmitt', '2000/8/22', 0, '2018/9/28', 0.22, 'Cristofer.Schmitt@etu.edu.tr', '05990046670'),
(18010106, 'Paxton', 'Mahoney', '2000/8/5', 0, '2018/3/6', 2.4, 'Paxton.Mahoney@etu.edu.tr', '05223452453'),
(14020103, 'Hezekiah', 'Forbes', '1996/9/21', 0, '2014/3/13', 3.04, 'Hezekiah.Forbes@etu.edu.tr', '05009285156'),
(17010303, 'Deven', 'Bates', '1999/8/26', 0, '2017/4/27', 0.01, 'Deven.Bates@etu.edu.tr', '05057679825'),
(16020204, 'Jesse', 'Montes', '1998/6/17', 0, '2016/4/21', 2.49, 'Jesse.Montes@etu.edu.tr', '05392427280'),
(17020202, 'Albert', 'Warren', '1999/5/10', 0, '2017/4/24', 2.77, 'Albert.Warren@etu.edu.tr', '05462484633'),
(16020102, 'Helena', 'Palmer', '1998/2/28', 1, '2016/7/17', 0.64, 'Helena.Palmer@etu.edu.tr', '05493427577'),
(15030201, 'Zara', 'Poole', '1997/3/2', 1, '2015/2/8', 1.47, 'Zara.Poole@etu.edu.tr', '05867323324'),
(18010107, 'Chloe', 'Herring', '2000/1/10', 1, '2018/2/1', 2.62, 'Chloe.Herring@etu.edu.tr', '05232347861'),
(15010303, 'Vincent', 'Pierce', '1997/4/10', 0, '2015/2/21', 0.11, 'Vincent.Pierce@etu.edu.tr', '05231969677'),
(16010101, 'Melina', 'Solis', '1998/8/10', 1, '2016/5/12', 1.74, 'Melina.Solis@etu.edu.tr', '05444723113'),
(15010304, 'Macey', 'Mccarty', '1997/5/3', 1, '2015/9/7', 0.28, 'Macey.Mccarty@etu.edu.tr', '05568315825'),
(18020303, 'Gael', 'Howell', '2000/1/26', 0, '2018/1/3', 1.44, 'Gael.Howell@etu.edu.tr', '05087287692'),
(15010305, 'Diego', 'Mcclain', '1997/10/15', 0, '2015/5/16', 0.05, 'Diego.Mcclain@etu.edu.tr', '05852834126'),
(18010203, 'Joaquin', 'Wells', '2000/9/14', 0, '2018/8/12', 0.35, 'Joaquin.Wells@etu.edu.tr', '05853729008'),
(15030305, 'Giuliana', 'Horn', '1997/11/12', 1, '2015/8/13', 2.02, 'Giuliana.Horn@etu.edu.tr', '05028284938'),
(17030101, 'Ayaan', 'Walsh', '1999/10/24', 0, '2017/2/17', 3.63, 'Ayaan.Walsh@etu.edu.tr', '05169276791'),
(15010306, 'Joe', 'Trujillo', '1997/11/17', 0, '2015/6/18', 0.41, 'Joe.Trujillo@etu.edu.tr', '05396623728'),
(14030304, 'Aleena', 'Madden', '1996/7/10', 1, '2014/4/22', 3.2, 'Aleena.Madden@etu.edu.tr', '05829667349'),
(16010302, 'Nelson', 'Rivas', '1998/1/14', 0, '2016/2/6', 2.04, 'Nelson.Rivas@etu.edu.tr', '05588837324'),
(16010303, 'Jorden', 'Cannon', '1998/12/16', 0, '2016/8/15', 0.01, 'Jorden.Cannon@etu.edu.tr', '05739866608'),
(17030102, 'Britney', 'Drake', '1999/1/14', 1, '2017/5/2', 2.24, 'Britney.Drake@etu.edu.tr', '05316011217'),
(16030303, 'Saniya', 'Salinas', '1998/2/4', 1, '2016/7/23', 1.52, 'Saniya.Salinas@etu.edu.tr', '05443883411'),
(14020104, 'Sylvia', 'Moore', '1996/12/2', 1, '2014/8/3', 1.34, 'Sylvia.Moore@etu.edu.tr', '05997272362'),
(15010202, 'Kaya', 'Christian', '1997/10/19', 1, '2015/9/11', 0.14, 'Kaya.Christian@etu.edu.tr', '05480593275'),
(14010303, 'Sophia', 'Andrews', '1996/11/3', 1, '2014/2/18', 2.33, 'Sophia.Andrews@etu.edu.tr', '05274142758'),
(14010202, 'Omar', 'Greer', '1996/8/18', 0, '2014/6/16', 2.25, 'Omar.Greer@etu.edu.tr', '05288846557'),
(15010102, 'Averie', 'Weiss', '1997/9/19', 1, '2015/5/7', 0.33, 'Averie.Weiss@etu.edu.tr', '05103872895'),
(15030101, 'Zackery', 'Marsh', '1997/7/5', 0, '2015/2/6', 2.44, 'Zackery.Marsh@etu.edu.tr', '05893075226'),
(17020303, 'Deacon', 'Cabrera', '1999/6/12', 0, '2017/5/12', 2.47, 'Deacon.Cabrera@etu.edu.tr', '05559500843'),
(16020103, 'Brynlee', 'Price', '1998/12/27', 1, '2016/4/2', 0.7, 'Brynlee.Price@etu.edu.tr', '05351210267'),
(18020202, 'Miles', 'Gonzalez', '2000/7/6', 0, '2018/8/27', 0.25, 'Miles.Gonzalez@etu.edu.tr', '05149586339'),
(14030305, 'Amber', 'Berg', '1996/12/18', 1, '2014/6/7', 3.11, 'Amber.Berg@etu.edu.tr', '05560488839'),
(17020102, 'Blaine', 'Nunez', '1999/12/16', 0, '2017/4/22', 0.46, 'Blaine.Nunez@etu.edu.tr', '05211427201'),
(15020302, 'London', 'Walker', '1997/10/28', 1, '2015/6/18', 0.08, 'London.Walker@etu.edu.tr', '05476454238'),
(18020304, 'Lilyana', 'Leach', '2000/1/21', 1, '2018/2/2', 1.25, 'Lilyana.Leach@etu.edu.tr', '05917851880'),
(18010108, 'Hunter', 'Herman', '2000/12/18', 0, '2018/7/27', 0.82, 'Hunter.Herman@etu.edu.tr', '05505935328'),
(18020305, 'Aldo', 'Erickson', '2000/4/7', 0, '2018/5/14', 1.7, 'Aldo.Erickson@etu.edu.tr', '05130528259'),
(14020105, 'Melissa', 'Shannon', '1996/1/7', 1, '2014/1/9', 2.32, 'Melissa.Shannon@etu.edu.tr', '05411926160'),
(17020103, 'Kenya', 'Wong', '1999/1/7', 1, '2017/5/10', 1.3, 'Kenya.Wong@etu.edu.tr', '05847374717'),
(18010303, 'Ada', 'Burns', '2000/7/24', 1, '2018/3/15', 3.52, 'Ada.Burns@etu.edu.tr', '05646360657'),
(14030203, 'Jason', 'Stokes', '1996/11/18', 0, '2014/6/27', 3.44, 'Jason.Stokes@etu.edu.tr', '05116608922'),
(17020104, 'Aydin', 'Jordan', '1999/2/27', 0, '2017/5/21', 1.91, 'Aydin.Jordan@etu.edu.tr', '05090110833'),
(18020306, 'Darius', 'Fowler', '2000/6/11', 0, '2018/6/24', 1.28, 'Darius.Fowler@etu.edu.tr', '05709329196'),
(16030103, 'Kimora', 'Brewer', '1998/4/10', 1, '2016/3/6', 3.07, 'Kimora.Brewer@etu.edu.tr', '05563953432'),
(16010304, 'Raina', 'Dudley', '1998/6/14', 1, '2016/6/21', 3.31, 'Raina.Dudley@etu.edu.tr', '05924548492'),
(18020103, 'Angela', 'Frazier', '2000/2/10', 1, '2018/2/15', 2.63, 'Angela.Frazier@etu.edu.tr', '05163197074'),
(14030306, 'Marley', 'Floyd', '1996/11/5', 0, '2014/1/12', 3.71, 'Marley.Floyd@etu.edu.tr', '05859198142'),
(16020205, 'Khloe', 'Costa', '1998/7/16', 1, '2016/1/18', 0.65, 'Khloe.Costa@etu.edu.tr', '05540261194'),
(16030202, 'Terry', 'Mejia', '1998/1/1', 0, '2016/9/18', 0.73, 'Terry.Mejia@etu.edu.tr', '05133628649'),
(14030307, 'Tristan', 'Terrell', '1996/11/26', 0, '2014/9/8', 1.27, 'Tristan.Terrell@etu.edu.tr', '05629808471'),
(18010204, 'Braeden', 'Lyons', '2000/6/27', 0, '2018/4/7', 2.51, 'Braeden.Lyons@etu.edu.tr', '05246385210'),
(17020304, 'Gage', 'Bryant', '1999/3/21', 0, '2017/3/19', 2.26, 'Gage.Bryant@etu.edu.tr', '05194093301'),
(18020203, 'Tyler', 'Miranda', '2000/1/19', 0, '2018/6/8', 1.07, 'Tyler.Miranda@etu.edu.tr', '05540006929'),
(17030201, 'Ronan', 'Goodwin', '1999/12/13', 0, '2017/5/12', 2.98, 'Ronan.Goodwin@etu.edu.tr', '05391411943'),
(16030203, 'Gauge', 'Owens', '1998/6/9', 0, '2016/3/11', 3.65, 'Gauge.Owens@etu.edu.tr', '05503018827'),
(18030102, 'Sarahi', 'Oconnell', '2000/5/1', 1, '2018/3/16', 3.08, 'Sarahi.Oconnell@etu.edu.tr', '05480763202'),
(16020104, 'Callum', 'Newman', '1998/4/11', 0, '2016/4/7', 2.08, 'Callum.Newman@etu.edu.tr', '05591342954'),
(17010104, 'Savanah', 'Potts', '1999/1/25', 1, '2017/3/18', 2.25, 'Savanah.Potts@etu.edu.tr', '05286255677'),
(18030202, 'Nasir', 'Mosley', '2000/9/6', 0, '2018/4/22', 3.04, 'Nasir.Mosley@etu.edu.tr', '05900912392'),
(15010307, 'Faith', 'Williams', '1997/4/13', 1, '2015/8/28', 1.2, 'Faith.Williams@etu.edu.tr', '05916161922'),
(16030304, 'Addison', 'Dougherty', '1998/12/12', 0, '2016/7/13', 3.78, 'Addison.Dougherty@etu.edu.tr', '05854535288'),
(14010203, 'Zachery', 'Brandt', '1996/8/9', 0, '2014/3/21', 3.8, 'Zachery.Brandt@etu.edu.tr', '05830818093'),
(18020307, 'Aidan', 'Lopez', '2000/11/17', 0, '2018/3/19', 2.89, 'Aidan.Lopez@etu.edu.tr', '05816370888'),
(16030204, 'Iliana', 'Andrade', '1998/6/26', 1, '2016/2/22', 2.9, 'Iliana.Andrade@etu.edu.tr', '05228853174'),
(14030308, 'Nyasia', 'Gaines', '1996/3/8', 1, '2014/3/9', 1.28, 'Nyasia.Gaines@etu.edu.tr', '05415999764'),
(15020202, 'Odin', 'Morse', '1997/2/9', 0, '2015/6/28', 3.17, 'Odin.Morse@etu.edu.tr', '05187605824'),
(16030305, 'Kyler', 'Mcdonald', '1998/1/9', 0, '2016/9/20', 0.79, 'Kyler.Mcdonald@etu.edu.tr', '05865687164'),
(16020105, 'Jazmin', 'Norman', '1998/1/2', 1, '2016/2/18', 2.36, 'Jazmin.Norman@etu.edu.tr', '05377630640'),
(17010105, 'Beau', 'Morton', '1999/10/17', 0, '2017/5/15', 2.18, 'Beau.Morton@etu.edu.tr', '05806333371'),
(15010103, 'Rylan', 'Garcia', '1997/10/22', 0, '2015/4/27', 0.54, 'Rylan.Garcia@etu.edu.tr', '05844014474'),
(15010308, 'Ethen', 'Hanna', '1997/3/5', 0, '2015/3/23', 2.72, 'Ethen.Hanna@etu.edu.tr', '05781400004'),
(18030302, 'Mathias', 'Butler', '2000/8/2', 0, '2018/8/2', 2.75, 'Mathias.Butler@etu.edu.tr', '05005183543'),
(16020206, 'Bridget', 'Branch', '1998/6/22', 1, '2016/5/24', 1.36, 'Bridget.Branch@etu.edu.tr', '05854572783'),
(18020204, 'Andrea', 'Crosby', '2000/1/24', 1, '2018/2/16', 2.54, 'Andrea.Crosby@etu.edu.tr', '05965574702'),
(17020305, 'Rashad', 'Kennedy', '1999/3/28', 0, '2017/2/25', 0.26, 'Rashad.Kennedy@etu.edu.tr', '05216477022'),
(15030202, 'Carmelo', 'Hays', '1997/6/10', 0, '2015/5/26', 3.92, 'Carmelo.Hays@etu.edu.tr', '05058398871'),
(15010309, 'Karla', 'Gordon', '1997/10/6', 1, '2015/5/27', 3.64, 'Karla.Gordon@etu.edu.tr', '05153094436'),
(18010109, 'Carlee', 'Stanley', '2000/5/6', 1, '2018/6/7', 0.31, 'Carlee.Stanley@etu.edu.tr', '05053094868'),
(14010104, 'Abril', 'Hoffman', '1996/11/26', 1, '2014/2/14', 3.95, 'Abril.Hoffman@etu.edu.tr', '05182907404'),
(16020106, 'Abbigail', 'Nelson', '1998/6/15', 1, '2016/6/4', 2.4, 'Abbigail.Nelson@etu.edu.tr', '05438497551'),
(14020106, 'Blaze', 'Wright', '1996/3/6', 0, '2014/2/28', 2.68, 'Blaze.Wright@etu.edu.tr', '05218912175'),
(14010304, 'Shawn', 'Kelly', '1996/2/13', 0, '2014/8/3', 3.63, 'Shawn.Kelly@etu.edu.tr', '05384519357'),
(18030103, 'Colten', 'Blair', '2000/7/26', 0, '2018/5/18', 2.73, 'Colten.Blair@etu.edu.tr', '05707451526'),
(14010204, 'Jalen', 'Molina', '1996/10/16', 0, '2014/8/28', 1.33, 'Jalen.Molina@etu.edu.tr', '05961771459'),
(14030309, 'Natalee', 'Alvarez', '1996/7/26', 1, '2014/9/13', 3.37, 'Natalee.Alvarez@etu.edu.tr', '05867503794'),
(17010304, 'Alexandria', 'Higgins', '1999/4/9', 1, '2017/4/7', 0.5, 'Alexandria.Higgins@etu.edu.tr', '05671908972'),
(15030102, 'Jaylin', 'Hensley', '1997/8/2', 0, '2015/8/25', 0.51, 'Jaylin.Hensley@etu.edu.tr', '05100101949'),
(14030204, 'Brenna', 'Swanson', '1996/11/14', 1, '2014/2/2', 3.4, 'Brenna.Swanson@etu.edu.tr', '05716546236'),
(15010203, 'Logan', 'Mccall', '1997/1/16', 1, '2015/5/8', 2.34, 'Logan.Mccall@etu.edu.tr', '05704324929'),
(15010204, 'Annabelle', 'Simmons', '1997/7/11', 1, '2015/3/17', 3.5, 'Annabelle.Simmons@etu.edu.tr', '05998131622'),
(15020303, 'Cory', 'Mckay', '1997/10/10', 0, '2015/6/17', 3.26, 'Cory.Mckay@etu.edu.tr', '05696945991'),
(15010310, 'Yandel', 'Rowland', '1997/2/9', 0, '2015/2/27', 3.65, 'Yandel.Rowland@etu.edu.tr', '05802997873'),
(18020205, 'Kristen', 'Cowan', '2000/10/9', 1, '2018/4/14', 2.81, 'Kristen.Cowan@etu.edu.tr', '05963329430'),
(18020308, 'Yamilet', 'Sellers', '2000/1/18', 1, '2018/4/6', 0.4, 'Yamilet.Sellers@etu.edu.tr', '05278696004'),
(16030205, 'Isis', 'Pollard', '1998/3/9', 1, '2016/6/3', 0.08, 'Isis.Pollard@etu.edu.tr', '05002211134'),
(17010106, 'Samson', 'Waters', '1999/3/28', 0, '2017/4/19', 1.02, 'Samson.Waters@etu.edu.tr', '05047678338'),
(16010102, 'Glenn', 'Key', '1998/8/10', 0, '2016/2/11', 0.04, 'Glenn.Key@etu.edu.tr', '05431830045'),
(16030306, 'Kailee', 'Johnston', '1998/12/10', 1, '2016/9/19', 1.6, 'Kailee.Johnston@etu.edu.tr', '05274106093'),
(14010305, 'Neveah', 'Fox', '1996/6/22', 1, '2014/8/1', 2.97, 'Neveah.Fox@etu.edu.tr', '05340647319'),
(14030101, 'Breanna', 'Rodgers', '1996/12/17', 1, '2014/9/10', 3.75, 'Breanna.Rodgers@etu.edu.tr', '05140603762'),
(17020203, 'Braylon', 'Lawrence', '1999/10/20', 0, '2017/9/16', 1.18, 'Braylon.Lawrence@etu.edu.tr', '05297000331'),
(16010202, 'Maeve', 'Kelley', '1998/2/24', 1, '2016/2/18', 2.8, 'Maeve.Kelley@etu.edu.tr', '05900907145'),
(15030306, 'Maleah', 'Marks', '1997/6/20', 1, '2015/8/7', 1.41, 'Maleah.Marks@etu.edu.tr', '05102077495'),
(17030302, 'Evan', 'Vaughn', '1999/3/11', 0, '2017/9/2', 3.19, 'Evan.Vaughn@etu.edu.tr', '05115647091'),
(14010306, 'Alani', 'Dean', '1996/1/28', 1, '2014/8/28', 1.88, 'Alani.Dean@etu.edu.tr', '05707072689'),
(14020304, 'Cherish', 'Brock', '1996/7/4', 1, '2014/1/12', 2.01, 'Cherish.Brock@etu.edu.tr', '05889317203'),
(18020206, 'Rosemary', 'Bradley', '2000/8/19', 1, '2018/6/25', 2.04, 'Rosemary.Bradley@etu.edu.tr', '05485228692'),
(14030205, 'Cortez', 'Guerrero', '1996/9/1', 0, '2014/8/19', 2.06, 'Cortez.Guerrero@etu.edu.tr', '05202384368'),
(17020105, 'Cassidy', 'Vang', '1999/6/24', 1, '2017/6/23', 3.45, 'Cassidy.Vang@etu.edu.tr', '05690160991'),
(18020104, 'Irvin', 'Sanford', '2000/6/20', 0, '2018/8/13', 2.37, 'Irvin.Sanford@etu.edu.tr', '05849287297'),
(16010103, 'Kennedi', 'Quinn', '1998/12/1', 1, '2016/4/27', 3.22, 'Kennedi.Quinn@etu.edu.tr', '05073392623'),
(14020203, 'Aspen', 'Heath', '1996/8/10', 1, '2014/1/4', 1.53, 'Aspen.Heath@etu.edu.tr', '05092179202'),
(14030206, 'August', 'Massey', '1996/5/12', 0, '2014/5/22', 0.02, 'August.Massey@etu.edu.tr', '05735589934'),
(17010107, 'Larissa', 'Ball', '1999/8/28', 1, '2017/2/19', 1.48, 'Larissa.Ball@etu.edu.tr', '05941271783'),
(14030102, 'Adrian', 'Frank', '1996/4/2', 0, '2014/9/5', 1.59, 'Adrian.Frank@etu.edu.tr', '05480207426'),
(16030206, 'Tiana', 'Foley', '1998/2/23', 1, '2016/8/3', 0.09, 'Tiana.Foley@etu.edu.tr', '05968761570'),
(16020107, 'Hailey', 'Bowman', '1998/4/22', 1, '2016/2/21', 0.66, 'Hailey.Bowman@etu.edu.tr', '05118578517'),
(18010205, 'Neil', 'York', '2000/3/17', 0, '2018/5/26', 3.84, 'Neil.York@etu.edu.tr', '05916704851'),
(15020104, 'Ralph', 'Fleming', '1997/3/8', 0, '2015/4/3', 1.52, 'Ralph.Fleming@etu.edu.tr', '05008324513'),
(16030307, 'Isai', 'Armstrong', '1998/7/7', 0, '2016/6/12', 1.56, 'Isai.Armstrong@etu.edu.tr', '05411082900'),
(18020309, 'Jacquelyn', 'Sheppard', '2000/6/11', 1, '2018/7/7', 0.71, 'Jacquelyn.Sheppard@etu.edu.tr', '05919034653'),
(15030203, 'Nash', 'Long', '1997/4/17', 0, '2015/8/9', 1.68, 'Nash.Long@etu.edu.tr', '05557969712'),
(14020107, 'Mariah', 'Paul', '1996/8/11', 1, '2014/5/14', 0.68, 'Mariah.Paul@etu.edu.tr', '05993665789'),
(15020203, 'Bryce', 'Roberts', '1997/7/16', 0, '2015/8/7', 1.47, 'Bryce.Roberts@etu.edu.tr', '05327125504'),
(17030303, 'Jared', 'Espinoza', '1999/1/11', 0, '2017/2/10', 0.19, 'Jared.Espinoza@etu.edu.tr', '05288817008'),
(14020108, 'Darren', 'Simon', '1996/10/26', 0, '2014/1/8', 1.36, 'Darren.Simon@etu.edu.tr', '05821348803'),
(17030202, 'Karley', 'Wagner', '1999/12/22', 1, '2017/9/1', 1.27, 'Karley.Wagner@etu.edu.tr', '05919642940'),
(15030204, 'Trent', 'Potter', '1997/5/23', 0, '2015/6/18', 3.71, 'Trent.Potter@etu.edu.tr', '05027161269'),
(16020304, 'Jaquan', 'Benjamin', '1998/8/17', 0, '2016/2/9', 3.8, 'Jaquan.Benjamin@etu.edu.tr', '05595998351'),
(18010304, 'Athena', 'Choi', '2000/1/18', 1, '2018/9/28', 0.47, 'Athena.Choi@etu.edu.tr', '05408585005'),
(18020207, 'Martin', 'Bennett', '2000/8/17', 0, '2018/1/10', 3.95, 'Martin.Bennett@etu.edu.tr', '05654300867'),
(16010104, 'Jameson', 'Santiago', '1998/6/15', 0, '2016/3/19', 1.48, 'Jameson.Santiago@etu.edu.tr', '05708030391'),
(17010204, 'Alyssa', 'Rice', '1999/1/8', 1, '2017/9/8', 1.09, 'Alyssa.Rice@etu.edu.tr', '05711509486'),
(17020204, 'Abdiel', 'Walls', '1999/3/1', 0, '2017/9/15', 1.44, 'Abdiel.Walls@etu.edu.tr', '05034381857'),
(18030104, 'Jordyn', 'Nash', '2000/8/1', 0, '2018/5/6', 3.62, 'Jordyn.Nash@etu.edu.tr', '05588962291'),
(14020204, 'Cecilia', 'Alvarado', '1996/4/14', 1, '2014/1/12', 3.88, 'Cecilia.Alvarado@etu.edu.tr', '05450456955'),
(14020109, 'Yusuf', 'Zhang', '1996/12/7', 0, '2014/3/15', 1.79, 'Yusuf.Zhang@etu.edu.tr', '05819616828'),
(14010205, 'Dorian', 'Shea', '1996/11/11', 0, '2014/7/5', 2.58, 'Dorian.Shea@etu.edu.tr', '05928408615'),
(14020305, 'Courtney', 'Pittman', '1996/1/15', 1, '2014/6/24', 3.89, 'Courtney.Pittman@etu.edu.tr', '05964092118'),
(17020306, 'Louis', 'Meyers', '1999/3/16', 0, '2017/4/14', 2.45, 'Louis.Meyers@etu.edu.tr', '05594709880'),
(18010206, 'Brenda', 'Ellis', '2000/10/23', 1, '2018/2/15', 1.6, 'Brenda.Ellis@etu.edu.tr', '05629376338'),
(17020307, 'Ryker', 'Orr', '1999/5/2', 0, '2017/3/11', 1.93, 'Ryker.Orr@etu.edu.tr', '05586902155'),
(17010205, 'Wesley', 'Ayers', '1999/5/13', 0, '2017/2/7', 1.2, 'Wesley.Ayers@etu.edu.tr', '05860455423'),
(18010207, 'Skyler', 'Meyer', '2000/12/3', 1, '2018/8/5', 1.55, 'Skyler.Meyer@etu.edu.tr', '05545757615'),
(18030303, 'Nora', 'Livingston', '2000/12/4', 1, '2018/4/15', 1.07, 'Nora.Livingston@etu.edu.tr', '05897421485'),
(15010104, 'Claudia', 'Boone', '1997/11/22', 1, '2015/4/24', 1.54, 'Claudia.Boone@etu.edu.tr', '05793201559'),
(16020108, 'Bailee', 'Zavala', '1998/9/3', 1, '2016/1/7', 1.48, 'Bailee.Zavala@etu.edu.tr', '05349760765'),
(15010105, 'Rory', 'Schwartz', '1997/12/17', 0, '2015/8/11', 0.63, 'Rory.Schwartz@etu.edu.tr', '05237823847'),
(18020310, 'Lena', 'Calhoun', '2000/5/23', 1, '2018/5/12', 1.26, 'Lena.Calhoun@etu.edu.tr', '05819765856'),
(14010105, 'Emmy', 'Mcintosh', '1996/11/3', 1, '2014/3/27', 2.58, 'Emmy.Mcintosh@etu.edu.tr', '05837887083'),
(18020105, 'Desmond', 'Cole', '2000/10/3', 0, '2018/1/16', 2.84, 'Desmond.Cole@etu.edu.tr', '05652991321'),
(15030307, 'Maia', 'Farmer', '1997/1/22', 1, '2015/7/9', 3.18, 'Maia.Farmer@etu.edu.tr', '05245921422'),
(15020304, 'Kailey', 'Sparks', '1997/8/2', 1, '2015/2/14', 3.59, 'Kailey.Sparks@etu.edu.tr', '05855552403'),
(17030203, 'Josh', 'Savage', '1999/3/25', 0, '2017/3/3', 1.6, 'Josh.Savage@etu.edu.tr', '05081885623'),
(15010205, 'Tobias', 'Holland', '1997/1/22', 0, '2015/9/23', 2.8, 'Tobias.Holland@etu.edu.tr', '05768990448'),
(16010203, 'Zayden', 'Roy', '1998/2/22', 0, '2016/5/20', 2.19, 'Zayden.Roy@etu.edu.tr', '05059502507'),
(18020208, 'Molly', 'Hatfield', '2000/7/15', 1, '2018/8/5', 0.4, 'Molly.Hatfield@etu.edu.tr', '05295064643'),
(18030203, 'Valery', 'Richmond', '2000/8/5', 1, '2018/7/23', 1.42, 'Valery.Richmond@etu.edu.tr', '05830606833'),
(14010206, 'Devyn', 'Goodman', '1996/9/9', 0, '2014/3/15', 0.69, 'Devyn.Goodman@etu.edu.tr', '05938159071'),
(16020207, 'Charles', 'Charles', '1998/6/8', 0, '2016/9/1', 1.37, 'Charles.Charles@etu.edu.tr', '05396236174'),
(18010110, 'Madilynn', 'Allen', '2000/9/1', 1, '2018/5/13', 3.75, 'Madilynn.Allen@etu.edu.tr', '05199151010'),
(15010206, 'Alaina', 'Ferguson', '1997/7/22', 1, '2015/9/22', 1.08, 'Alaina.Ferguson@etu.edu.tr', '05522591838'),
(17030204, 'Blake', 'Daniels', '1999/1/8', 0, '2017/8/2', 0.67, 'Blake.Daniels@etu.edu.tr', '05635124737'),
(17030304, 'Annabella', 'Blanchard', '1999/10/9', 1, '2017/2/18', 3.86, 'Annabella.Blanchard@etu.edu.tr', '05756353124'),
(16020305, 'Mike', 'Ware', '1998/9/18', 0, '2016/9/7', 3.19, 'Mike.Ware@etu.edu.tr', '05776094552'),
(15030103, 'Zaiden', 'Huber', '1997/3/21', 0, '2015/2/8', 3.66, 'Zaiden.Huber@etu.edu.tr', '05677315257'),
(15030308, 'Yesenia', 'French', '1997/3/19', 1, '2015/6/9', 0.7, 'Yesenia.French@etu.edu.tr', '05535852132'),
(18010111, 'Ean', 'Kaufman', '2000/3/26', 0, '2018/3/19', 3.71, 'Ean.Kaufman@etu.edu.tr', '05737530537'),
(16030308, 'Antwan', 'Jacobson', '1998/4/28', 0, '2016/1/21', 0.45, 'Antwan.Jacobson@etu.edu.tr', '05773823064'),
(14010307, 'Kadyn', 'Lane', '1996/5/21', 0, '2014/8/27', 2.01, 'Kadyn.Lane@etu.edu.tr', '05807353930'),
(14020110, 'Anna', 'Dodson', '1996/11/8', 1, '2014/4/3', 3.89, 'Anna.Dodson@etu.edu.tr', '05559657688'),
(17020308, 'Gunner', 'Ibarra', '1999/4/1', 0, '2017/9/2', 2.85, 'Gunner.Ibarra@etu.edu.tr', '05685167685'),
(17030205, 'Nathalie', 'Galloway', '1999/11/15', 1, '2017/7/14', 0.19, 'Nathalie.Galloway@etu.edu.tr', '05208962027'),
(16030207, 'Raquel', 'Mcmahon', '1998/10/7', 1, '2016/8/19', 2.97, 'Raquel.Mcmahon@etu.edu.tr', '05109046283'),
(16010204, 'Jamari', 'Raymond', '1998/6/14', 0, '2016/8/26', 1.42, 'Jamari.Raymond@etu.edu.tr', '05140868755'),
(18010305, 'Josephine', 'Whitehead', '2000/2/12', 1, '2018/4/15', 2.78, 'Josephine.Whitehead@etu.edu.tr', '05367468723'),
(14010106, 'Amina', 'Davis', '1996/3/16', 1, '2014/2/11', 3.6, 'Amina.Davis@etu.edu.tr', '05783858527'),
(14020111, 'Alena', 'Ayala', '1996/5/3', 1, '2014/1/22', 3.98, 'Alena.Ayala@etu.edu.tr', '05596654350'),
(14020205, 'Jeramiah', 'Fields', '1996/7/13', 0, '2014/5/1', 0.32, 'Jeramiah.Fields@etu.edu.tr', '05836507013'),
(18020311, 'Gabriela', 'Bender', '2000/1/27', 1, '2018/9/4', 1.81, 'Gabriela.Bender@etu.edu.tr', '05521483815'),
(16020208, 'Alicia', 'Norton', '1998/3/6', 1, '2016/7/19', 0.38, 'Alicia.Norton@etu.edu.tr', '05136213397'),
(17010305, 'Hadassah', 'Stevenson', '1999/11/5', 1, '2017/5/18', 2.5, 'Hadassah.Stevenson@etu.edu.tr', '05236348489'),
(18020106, 'America', 'Whitney', '2000/1/28', 1, '2018/6/20', 2.07, 'America.Whitney@etu.edu.tr', '05725594513'),
(14010107, 'Moises', 'Michael', '1996/6/25', 0, '2014/3/14', 1.06, 'Moises.Michael@etu.edu.tr', '05584484507'),
(17030206, 'Charity', 'Gardner', '1999/5/19', 1, '2017/9/8', 1.55, 'Charity.Gardner@etu.edu.tr', '05094699158'),
(16030104, 'Humberto', 'Johns', '1998/4/1', 0, '2016/6/14', 3.57, 'Humberto.Johns@etu.edu.tr', '05106541678'),
(16010105, 'Irene', 'Valenzuela', '1998/7/10', 1, '2016/3/28', 0.68, 'Irene.Valenzuela@etu.edu.tr', '05840549295'),
(15010311, 'Esmeralda', 'Garrett', '1997/3/23', 1, '2015/4/11', 0.84, 'Esmeralda.Garrett@etu.edu.tr', '05574807364'),
(18010112, 'Aniya', 'Gillespie', '2000/10/15', 1, '2018/9/8', 0.09, 'Aniya.Gillespie@etu.edu.tr', '05244766391'),
(18020107, 'Nola', 'Harrington', '2000/9/12', 1, '2018/6/16', 3.13, 'Nola.Harrington@etu.edu.tr', '05840593130'),
(18020209, 'Kaelyn', 'Wu', '2000/10/13', 1, '2018/7/4', 0.11, 'Kaelyn.Wu@etu.edu.tr', '05328115151'),
(16030309, 'Arnav', 'Hardin', '1998/9/9', 0, '2016/5/6', 3.28, 'Arnav.Hardin@etu.edu.tr', '05941182700'),
(15030205, 'Azaria', 'Barr', '1997/5/6', 1, '2015/6/17', 2.94, 'Azaria.Barr@etu.edu.tr', '05426799466'),
(17030103, 'Reina', 'Townsend', '1999/4/25', 1, '2017/4/1', 0.55, 'Reina.Townsend@etu.edu.tr', '05315349745'),
(18010306, 'Barrett', 'Barnes', '2000/11/18', 0, '2018/5/21', 1.31, 'Barrett.Barnes@etu.edu.tr', '05464207965'),
(16020209, 'Jaylee', 'Calderon', '1998/11/14', 1, '2016/1/10', 3.37, 'Jaylee.Calderon@etu.edu.tr', '05895762599'),
(17020309, 'Araceli', 'Knox', '1999/9/13', 1, '2017/7/13', 1.24, 'Araceli.Knox@etu.edu.tr', '05772886326'),
(18030304, 'Edgar', 'Reese', '2000/9/13', 0, '2018/2/15', 1.44, 'Edgar.Reese@etu.edu.tr', '05483559856'),
(16020306, 'Makaila', 'Finley', '1998/11/6', 1, '2016/4/3', 3.53, 'Makaila.Finley@etu.edu.tr', '05358551710'),
(17020106, 'Darien', 'Gallegos', '1999/1/16', 0, '2017/9/3', 1.71, 'Darien.Gallegos@etu.edu.tr', '05817255397'),
(14020112, 'Evie', 'Villarreal', '1996/8/5', 1, '2014/3/11', 2.66, 'Evie.Villarreal@etu.edu.tr', '05286727320'),
(17010306, 'Dayanara', 'Love', '1999/2/22', 1, '2017/4/18', 3.16, 'Dayanara.Love@etu.edu.tr', '05329797506'),
(17020107, 'Luke', 'Pearson', '1999/1/2', 0, '2017/3/9', 2.69, 'Luke.Pearson@etu.edu.tr', '05514786181'),
(15020204, 'Harrison', 'Ford', '1997/6/26', 0, '2015/4/11', 0.87, 'Harrison.Ford@etu.edu.tr', '05245097084'),
(14010308, 'Antonio', 'Richards', '1996/8/24', 0, '2014/6/12', 2.41, 'Antonio.Richards@etu.edu.tr', '05539773502'),
(14030310, 'Deanna', 'Mckinney', '1996/2/12', 1, '2014/6/17', 2.95, 'Deanna.Mckinney@etu.edu.tr', '05923358369'),
(15020305, 'Monserrat', 'Mathews', '1997/3/25', 1, '2015/9/25', 0.51, 'Monserrat.Mathews@etu.edu.tr', '05762548144'),
(15010207, 'Amari', 'Adkins', '1997/6/13', 1, '2015/2/22', 1.06, 'Amari.Adkins@etu.edu.tr', '05166175471'),
(15010106, 'Holden', 'Kramer', '1997/6/14', 0, '2015/6/15', 0.56, 'Holden.Kramer@etu.edu.tr', '05504512260'),
(14010207, 'Caitlyn', 'Fuller', '1996/1/19', 1, '2014/1/18', 3.19, 'Caitlyn.Fuller@etu.edu.tr', '05988115380'),
(18020108, 'Cassie', 'Hayes', '2000/9/5', 1, '2018/7/25', 0.83, 'Cassie.Hayes@etu.edu.tr', '05865544112'),
(17020108, 'Dakota', 'Carr', '1999/8/28', 1, '2017/1/23', 2.05, 'Dakota.Carr@etu.edu.tr', '05831560908'),
(18020210, 'Nevaeh', 'Nguyen', '2000/9/1', 1, '2018/2/1', 1.69, 'Nevaeh.Nguyen@etu.edu.tr', '05358481293'),
(16020307, 'Noe', 'Jarvis', '1998/4/7', 0, '2016/8/1', 1.19, 'Noe.Jarvis@etu.edu.tr', '05621303703'),
(14030311, 'Maya', 'Padilla', '1996/12/22', 1, '2014/5/24', 0.02, 'Maya.Padilla@etu.edu.tr', '05263570548'),
(16030310, 'Teagan', 'Benitez', '1998/5/11', 0, '2016/4/1', 0.14, 'Teagan.Benitez@etu.edu.tr', '05895572447'),
(18020109, 'Giovanni', 'Ortiz', '2000/7/14', 0, '2018/9/6', 0.02, 'Giovanni.Ortiz@etu.edu.tr', '05507247159'),
(16010205, 'Dana', 'Carrillo', '1998/4/24', 1, '2016/6/22', 3.43, 'Dana.Carrillo@etu.edu.tr', '05832568578'),
(16010206, 'Danika', 'Cooper', '1998/5/27', 1, '2016/3/19', 1.83, 'Danika.Cooper@etu.edu.tr', '05207206561'),
(14020306, 'Alayna', 'Bullock', '1996/11/7', 1, '2014/6/7', 1.58, 'Alayna.Bullock@etu.edu.tr', '05063366416'),
(18020110, 'Fatima', 'Hernandez', '2000/9/1', 1, '2018/2/18', 0.36, 'Fatima.Hernandez@etu.edu.tr', '05342263694'),
(14020113, 'Sage', 'Lynn', '1996/11/18', 1, '2014/3/14', 1.22, 'Sage.Lynn@etu.edu.tr', '05659586565'),
(18010208, 'Bianca', 'Barber', '2000/12/14', 1, '2018/8/17', 1.43, 'Bianca.Barber@etu.edu.tr', '05805569455'),
(16020109, 'Laney', 'Marquez', '1998/11/16', 1, '2016/4/24', 3.85, 'Laney.Marquez@etu.edu.tr', '05051832651'),
(14030312, 'Gia', 'West', '1996/3/5', 1, '2014/2/24', 0.87, 'Gia.West@etu.edu.tr', '05535980796'),
(15010312, 'Landon', 'Rogers', '1997/3/27', 0, '2015/7/14', 0.46, 'Landon.Rogers@etu.edu.tr', '05980811601'),
(17010307, 'Steven', 'Chan', '1999/5/20', 0, '2017/1/23', 2.18, 'Steven.Chan@etu.edu.tr', '05792407209'),
(14010208, 'Yael', 'Murphy', '1996/8/23', 0, '2014/8/23', 0.98, 'Yael.Murphy@etu.edu.tr', '05649206162'),
(16010106, 'Freddy', 'Reilly', '1998/1/1', 0, '2016/3/23', 0.53, 'Freddy.Reilly@etu.edu.tr', '05226690418'),
(18010209, 'Alessandro', 'Russell', '2000/10/15', 0, '2018/6/7', 2.96, 'Alessandro.Russell@etu.edu.tr', '05747045354'),
(16030311, 'Braelyn', 'Riley', '1998/6/11', 1, '2016/2/24', 2.51, 'Braelyn.Riley@etu.edu.tr', '05953775756'),
(17010108, 'Elsa', 'Fitzgerald', '1999/9/18', 1, '2017/1/12', 1.08, 'Elsa.Fitzgerald@etu.edu.tr', '05604061053'),
(16020210, 'Michelle', 'Haney', '1998/4/20', 1, '2016/5/4', 0.1, 'Michelle.Haney@etu.edu.tr', '05638796533'),
(18010113, 'Marley', 'Braun', '2000/4/27', 1, '2018/6/23', 3.81, 'Marley.Braun@etu.edu.tr', '05290092548'),
(16020308, 'Taryn', 'Rivera', '1998/11/18', 1, '2016/6/10', 2.04, 'Taryn.Rivera@etu.edu.tr', '05851416220'),
(14020307, 'Sierra', 'Ellison', '1996/7/10', 1, '2014/2/10', 1.93, 'Sierra.Ellison@etu.edu.tr', '05942997503'),
(14010309, 'Karissa', 'Day', '1996/1/7', 1, '2014/2/21', 2.66, 'Karissa.Day@etu.edu.tr', '05514372374'),
(15030104, 'Sienna', 'Grimes', '1997/4/7', 1, '2015/7/7', 2.18, 'Sienna.Grimes@etu.edu.tr', '05673904079'),
(14030207, 'Scarlett', 'Haley', '1996/1/5', 1, '2014/9/19', 1.67, 'Scarlett.Haley@etu.edu.tr', '05362662296'),
(16010107, 'Braydon', 'Glenn', '1998/12/20', 0, '2016/2/19', 0.71, 'Braydon.Glenn@etu.edu.tr', '05825762549'),
(18010307, 'Briley', 'Stevens', '2000/5/26', 1, '2018/8/2', 0.75, 'Briley.Stevens@etu.edu.tr', '05656858588'),
(16030208, 'Lewis', 'Logan', '1998/3/11', 0, '2016/9/15', 3.01, 'Lewis.Logan@etu.edu.tr', '05573581441'),
(17020109, 'Eddie', 'Graves', '1999/7/26', 0, '2017/9/17', 1.26, 'Eddie.Graves@etu.edu.tr', '05918022229'),
(17010308, 'Marina', 'Farley', '1999/10/11', 1, '2017/2/19', 3.9, 'Marina.Farley@etu.edu.tr', '05906647603'),
(16010207, 'Ashton', 'Brady', '1998/11/10', 0, '2016/7/10', 0.71, 'Ashton.Brady@etu.edu.tr', '05566555517'),
(14020206, 'Regina', 'Vance', '1996/11/15', 1, '2014/2/14', 0.73, 'Regina.Vance@etu.edu.tr', '05651091775'),
(14030313, 'Zion', 'Benton', '1996/8/13', 0, '2014/5/7', 1.32, 'Zion.Benton@etu.edu.tr', '05802680864'),
(18030204, 'Skylar', 'Meza', '2000/10/12', 0, '2018/3/21', 1.56, 'Skylar.Meza@etu.edu.tr', '05493203712'),
(15030206, 'Natalya', 'Booker', '1997/2/13', 1, '2015/5/6', 1.24, 'Natalya.Booker@etu.edu.tr', '05477936530'),
(18010210, 'Kylie', 'Snow', '2000/6/11', 1, '2018/1/7', 1.51, 'Kylie.Snow@etu.edu.tr', '05434845317'),
(17020310, 'Kaylee', 'Mccann', '1999/11/5', 1, '2017/4/10', 1.62, 'Kaylee.Mccann@etu.edu.tr', '05289831090'),
(17020311, 'Brock', 'Burgess', '1999/1/7', 0, '2017/1/24', 3.45, 'Brock.Burgess@etu.edu.tr', '05539261591'),
(16020110, 'Laila', 'Callahan', '1998/4/17', 1, '2016/1/7', 1.23, 'Laila.Callahan@etu.edu.tr', '05041224159'),
(15030105, 'Audrey', 'Lang', '1997/9/24', 1, '2015/6/17', 2.87, 'Audrey.Lang@etu.edu.tr', '05076243322'),
(17030207, 'Jakobe', 'Proctor', '1999/2/25', 0, '2017/3/20', 2.43, 'Jakobe.Proctor@etu.edu.tr', '05433781315'),
(18030305, 'Cael', 'Elliott', '2000/6/28', 0, '2018/8/19', 1.31, 'Cael.Elliott@etu.edu.tr', '05704606395'),
(15020205, 'Patience', 'Wilkinson', '1997/8/21', 1, '2015/9/15', 0.28, 'Patience.Wilkinson@etu.edu.tr', '05124365233'),
(14030314, 'Deon', 'Cox', '1996/5/24', 0, '2014/2/23', 2.27, 'Deon.Cox@etu.edu.tr', '05220202500'),
(15030207, 'Jaydon', 'Mcdaniel', '1997/7/19', 0, '2015/9/16', 3.76, 'Jaydon.Mcdaniel@etu.edu.tr', '05409982245'),
(17030104, 'Sonny', 'Carpenter', '1999/6/6', 0, '2017/9/10', 0.51, 'Sonny.Carpenter@etu.edu.tr', '05804764802'),
(14020114, 'Eliezer', 'Hunter', '1996/5/3', 0, '2014/2/11', 3.44, 'Eliezer.Hunter@etu.edu.tr', '05807846110'),
(16010208, 'Jonas', 'Anderson', '1998/9/26', 0, '2016/7/1', 3.25, 'Jonas.Anderson@etu.edu.tr', '05842316862'),
(16010108, 'Kendra', 'Morales', '1998/6/17', 1, '2016/2/12', 1.17, 'Kendra.Morales@etu.edu.tr', '05106373461'),
(15020306, 'Abby', 'Romero', '1997/7/3', 1, '2015/3/27', 0.54, 'Abby.Romero@etu.edu.tr', '05653764104'),
(14010108, 'Perla', 'Cameron', '1996/8/5', 1, '2014/3/28', 1.26, 'Perla.Cameron@etu.edu.tr', '05563484447'),
(15010208, 'Johnny', 'Underwood', '1997/1/15', 0, '2015/5/25', 2.83, 'Johnny.Underwood@etu.edu.tr', '05785292401'),
(14030315, 'Emma', 'Hayden', '1996/9/3', 1, '2014/8/18', 3.22, 'Emma.Hayden@etu.edu.tr', '05609755113'),
(14010109, 'Solomon', 'Wilkerson', '1996/6/14', 0, '2014/6/5', 3.65, 'Solomon.Wilkerson@etu.edu.tr', '05947674050'),
(16020309, 'Eric', 'Reyes', '1998/7/23', 0, '2016/7/18', 3.51, 'Eric.Reyes@etu.edu.tr', '05503841844'),
(18030105, 'Kaleigh', 'Mccoy', '2000/12/14', 1, '2018/4/11', 1.78, 'Kaleigh.Mccoy@etu.edu.tr', '05494792731'),
(16030312, 'Harley', 'Martin', '1998/7/22', 0, '2016/9/4', 0.91, 'Harley.Martin@etu.edu.tr', '05424334129'),
(16010305, 'Jocelynn', 'Vasquez', '1998/1/11', 1, '2016/2/1', 1.26, 'Jocelynn.Vasquez@etu.edu.tr', '05064921685'),
(18010114, 'Jaylen', 'Melton', '2000/4/6', 1, '2018/5/24', 2.1, 'Jaylen.Melton@etu.edu.tr', '05955220575'),
(16020111, 'Marlene', 'Pace', '1998/8/18', 1, '2016/2/18', 2.48, 'Marlene.Pace@etu.edu.tr', '05978616006'),
(16030105, 'Finley', 'Dyer', '1998/5/4', 1, '2016/1/8', 0, 'Finley.Dyer@etu.edu.tr', '05099051613'),
(14010209, 'Mackenzie', 'Lucas', '1996/1/3', 1, '2014/1/20', 1.77, 'Mackenzie.Lucas@etu.edu.tr', '05665366151'),
(15030208, 'Spencer', 'King', '1997/10/16', 0, '2015/3/7', 1.44, 'Spencer.King@etu.edu.tr', '05238121767'),
(14020308, 'Mireya', 'Garza', '1996/1/7', 1, '2014/1/12', 3.05, 'Mireya.Garza@etu.edu.tr', '05069261770'),
(18030306, 'Ariel', 'Suarez', '2000/12/17', 0, '2018/8/17', 2.77, 'Ariel.Suarez@etu.edu.tr', '05155980778'),
(17010206, 'Mark', 'Murillo', '1999/1/25', 0, '2017/6/6', 2.27, 'Mark.Murillo@etu.edu.tr', '05996627665'),
(17020205, 'Tanner', 'Odonnell', '1999/12/26', 0, '2017/6/26', 3.93, 'Tanner.Odonnell@etu.edu.tr', '05812956673'),
(18030106, 'Alec', 'Henson', '2000/2/12', 0, '2018/6/6', 2.59, 'Alec.Henson@etu.edu.tr', '05099060910'),
(15010107, 'Lorena', 'Roman', '1997/1/20', 1, '2015/5/28', 3.55, 'Lorena.Roman@etu.edu.tr', '05365577176'),
(17030208, 'Deborah', 'Jones', '1999/9/22', 1, '2017/8/6', 2.3, 'Deborah.Jones@etu.edu.tr', '05960537746'),
(14010110, 'Emilie', 'Cisneros', '1996/4/17', 1, '2014/3/3', 3.82, 'Emilie.Cisneros@etu.edu.tr', '05813802639'),
(18030107, 'Mohamed', 'Sherman', '2000/4/8', 0, '2018/5/25', 2.5, 'Mohamed.Sherman@etu.edu.tr', '05005498477'),
(16020211, 'Caden', 'Clements', '1998/8/28', 0, '2016/6/15', 1.02, 'Caden.Clements@etu.edu.tr', '05898361019'),
(15020105, 'Lilia', 'Bush', '1997/8/14', 1, '2015/6/11', 1.43, 'Lilia.Bush@etu.edu.tr', '05846577508'),
(14020309, 'Micah', 'Lindsey', '1996/6/6', 0, '2014/7/13', 0.36, 'Micah.Lindsey@etu.edu.tr', '05059743481'),
(15010313, 'Valentina', 'Good', '1997/1/12', 1, '2015/4/6', 2.29, 'Valentina.Good@etu.edu.tr', '05886580884'),
(16030313, 'Juliet', 'Haas', '1998/10/20', 1, '2016/3/13', 2.37, 'Juliet.Haas@etu.edu.tr', '05844140661'),
(14030103, 'Leandro', 'Bryan', '1996/3/5', 0, '2014/4/21', 3.26, 'Leandro.Bryan@etu.edu.tr', '05070916184'),
(16030106, 'Deangelo', 'Whitaker', '1998/6/6', 0, '2016/2/12', 2.63, 'Deangelo.Whitaker@etu.edu.tr', '05771017812'),
(15010314, 'Mitchell', 'Cordova', '1997/6/27', 0, '2015/2/23', 2.47, 'Mitchell.Cordova@etu.edu.tr', '05114431276'),
(15010108, 'Jocelyn', 'Bauer', '1997/10/4', 1, '2015/7/12', 1.9, 'Jocelyn.Bauer@etu.edu.tr', '05195769073'),
(17020206, 'Tania', 'Russo', '1999/8/23', 1, '2017/4/18', 3.62, 'Tania.Russo@etu.edu.tr', '05408913734'),
(16010209, 'Alison', 'Shields', '1998/1/10', 1, '2016/3/8', 1.81, 'Alison.Shields@etu.edu.tr', '05658325130'),
(15030209, 'Lainey', 'Greene', '1997/8/6', 1, '2015/9/24', 1.67, 'Lainey.Greene@etu.edu.tr', '05734847001'),
(14010210, 'Hanna', 'Reed', '1996/8/13', 1, '2014/1/2', 3.67, 'Hanna.Reed@etu.edu.tr', '05682843426'),
(15010209, 'Amya', 'Patrick', '1997/7/12', 1, '2015/2/10', 3.47, 'Amya.Patrick@etu.edu.tr', '05501485185'),
(17030105, 'German', 'Herrera', '1999/4/8', 0, '2017/1/2', 3.67, 'German.Herrera@etu.edu.tr', '05595275524'),
(18030205, 'Arthur', 'Holloway', '2000/11/9', 0, '2018/4/23', 2.08, 'Arthur.Holloway@etu.edu.tr', '05523960445'),
(15020206, 'Amirah', 'Diaz', '1997/5/16', 1, '2015/8/5', 2.37, 'Amirah.Diaz@etu.edu.tr', '05691318290'),
(14030208, 'Lukas', 'Holt', '1996/4/1', 0, '2014/2/24', 3.02, 'Lukas.Holt@etu.edu.tr', '05771459944'),
(14030209, 'Alexus', 'White', '1996/4/8', 1, '2014/1/17', 1.08, 'Alexus.White@etu.edu.tr', '05703369312'),
(18020111, 'Phoenix', 'Yoder', '2000/7/28', 0, '2018/6/1', 1.13, 'Phoenix.Yoder@etu.edu.tr', '05716996676'),
(17030106, 'Adriana', 'Archer', '1999/8/16', 1, '2017/2/19', 3.61, 'Adriana.Archer@etu.edu.tr', '05449927548'),
(14030316, 'Joselyn', 'Cherry', '1996/11/9', 1, '2014/8/26', 2.2, 'Joselyn.Cherry@etu.edu.tr', '05345521892'),
(15010109, 'Angelique', 'Rojas', '1997/1/16', 1, '2015/8/14', 3.09, 'Angelique.Rojas@etu.edu.tr', '05046495495'),
(17030107, 'Devan', 'Bird', '1999/9/18', 0, '2017/2/3', 1.58, 'Devan.Bird@etu.edu.tr', '05621673389'),
(16020112, 'June', 'Bass', '1998/8/27', 1, '2016/2/26', 1.34, 'June.Bass@etu.edu.tr', '05057443251'),
(14010310, 'Tyrese', 'Powers', '1996/11/5', 0, '2014/5/8', 3.39, 'Tyrese.Powers@etu.edu.tr', '05730497951'),
(14030104, 'Daisy', 'Richardson', '1996/3/24', 1, '2014/2/17', 1.7, 'Daisy.Richardson@etu.edu.tr', '05106533215'),
(18030206, 'Camille', 'Flynn', '2000/4/1', 1, '2018/2/14', 2.37, 'Camille.Flynn@etu.edu.tr', '05954687608'),
(14010211, 'Jordyn', 'Mcdowell', '1996/12/25', 1, '2014/9/1', 3, 'Jordyn.Mcdowell@etu.edu.tr', '05956397833'),
(18020211, 'Edwin', 'Daugherty', '2000/11/16', 0, '2018/3/10', 1.16, 'Edwin.Daugherty@etu.edu.tr', '05485223156'),
(15020106, 'Kenyon', 'Kaiser', '1997/4/3', 0, '2015/5/26', 0.43, 'Kenyon.Kaiser@etu.edu.tr', '05061875888'),
(17030209, 'Alexzander', 'Delgado', '1999/6/20', 0, '2017/8/10', 2.98, 'Alexzander.Delgado@etu.edu.tr', '05186180661'),
(18020212, 'Jovanni', 'Mccarthy', '2000/2/17', 0, '2018/7/9', 3.28, 'Jovanni.Mccarthy@etu.edu.tr', '05183249160'),
(17020110, 'Jaron', 'Mcintyre', '1999/1/28', 0, '2017/3/9', 2.11, 'Jaron.Mcintyre@etu.edu.tr', '05978005349'),
(14010311, 'Frances', 'Vargas', '1996/3/24', 1, '2014/9/25', 0.48, 'Frances.Vargas@etu.edu.tr', '05399840184'),
(17010207, 'Alina', 'Campos', '1999/6/8', 1, '2017/6/26', 2.92, 'Alina.Campos@etu.edu.tr', '05614685759'),
(16020310, 'Lamont', 'Hampton', '1998/8/26', 0, '2016/4/1', 2.5, 'Lamont.Hampton@etu.edu.tr', '05609530571'),
(14010212, 'Elvis', 'Rangel', '1996/2/23', 0, '2014/6/10', 1.07, 'Elvis.Rangel@etu.edu.tr', '05846011846'),
(17010109, 'Malaki', 'Durham', '1999/7/14', 0, '2017/2/15', 0.5, 'Malaki.Durham@etu.edu.tr', '05807063914'),
(17030210, 'Elaina', 'Cooke', '1999/9/4', 1, '2017/2/27', 0.62, 'Elaina.Cooke@etu.edu.tr', '05273140082'),
(18020213, 'Coby', 'Schneider', '2000/2/20', 0, '2018/1/23', 3.9, 'Coby.Schneider@etu.edu.tr', '05050982585'),
(14020115, 'Carter', 'Rasmussen', '1996/6/10', 0, '2014/1/15', 1.03, 'Carter.Rasmussen@etu.edu.tr', '05873982204'),
(16010109, 'Lina', 'Gibson', '1998/10/9', 1, '2016/4/23', 2.23, 'Lina.Gibson@etu.edu.tr', '05194453387'),
(18020112, 'Ivan', 'Villa', '2000/6/1', 0, '2018/2/21', 3.51, 'Ivan.Villa@etu.edu.tr', '05229683272'),
(14030317, 'Remington', 'Holder', '1996/10/8', 0, '2014/1/9', 0.99, 'Remington.Holder@etu.edu.tr', '05632443934'),
(18010115, 'Abraham', 'House', '2000/2/18', 0, '2018/8/4', 2.65, 'Abraham.House@etu.edu.tr', '05912902776'),
(14020310, 'Destiney', 'Krause', '1996/6/26', 1, '2014/9/25', 2.02, 'Destiney.Krause@etu.edu.tr', '05328769944'),
(18010116, 'Dulce', 'Perkins', '2000/8/18', 1, '2018/2/6', 0.18, 'Dulce.Perkins@etu.edu.tr', '05612125757'),
(14030318, 'Brennan', 'Pena', '1996/11/20', 0, '2014/6/16', 2.07, 'Brennan.Pena@etu.edu.tr', '05546737515'),
(18010308, 'Caylee', 'Todd', '2000/5/22', 1, '2018/9/20', 2.15, 'Caylee.Todd@etu.edu.tr', '05862719647'),
(16020311, 'Pamela', 'Bowers', '1998/4/19', 1, '2016/7/18', 2.97, 'Pamela.Bowers@etu.edu.tr', '05261730522'),
(16030314, 'Amara', 'Medina', '1998/8/13', 1, '2016/9/26', 1.67, 'Amara.Medina@etu.edu.tr', '05867748353'),
(16020312, 'Madisyn', 'Kidd', '1998/11/4', 1, '2016/1/16', 2.17, 'Madisyn.Kidd@etu.edu.tr', '05102693464'),
(15030106, 'Campbell', 'Levy', '1997/11/27', 1, '2015/3/22', 3.61, 'Campbell.Levy@etu.edu.tr', '05263821364'),
(17010208, 'Carolyn', 'Flores', '1999/4/24', 1, '2017/6/13', 1.33, 'Carolyn.Flores@etu.edu.tr', '05171678916'),
(17030305, 'Warren', 'Boyer', '1999/4/12', 0, '2017/4/11', 1.92, 'Warren.Boyer@etu.edu.tr', '05055583794'),
(16020113, 'Samara', 'Cantrell', '1998/9/26', 1, '2016/1/23', 2.14, 'Samara.Cantrell@etu.edu.tr', '05318979329'),
(17030108, 'Ronald', 'Li', '1999/7/4', 0, '2017/9/28', 1.57, 'Ronald.Li@etu.edu.tr', '05474952584'),
(15010315, 'Zion', 'Hanson', '1997/2/16', 1, '2015/3/16', 0.93, 'Zion.Hanson@etu.edu.tr', '05525853034'),
(17010309, 'Ayla', 'Kline', '1999/5/1', 1, '2017/4/15', 1.32, 'Ayla.Kline@etu.edu.tr', '05647905023'),
(18020214, 'Demarcus', 'Mcpherson', '2000/11/3', 0, '2018/5/13', 3.48, 'Demarcus.Mcpherson@etu.edu.tr', '05846681374'),
(16020114, 'Paul', 'Ramsey', '1998/8/10', 0, '2016/9/14', 0.19, 'Paul.Ramsey@etu.edu.tr', '05811219505'),
(15020307, 'Simone', 'Dunlap', '1997/8/6', 1, '2015/3/21', 3.88, 'Simone.Dunlap@etu.edu.tr', '05886207619'),
(17020312, 'Aleah', 'Ward', '1999/5/19', 1, '2017/3/9', 3.04, 'Aleah.Ward@etu.edu.tr', '05598518579'),
(16020212, 'Todd', 'Miles', '1998/8/3', 0, '2016/1/10', 3.14, 'Todd.Miles@etu.edu.tr', '05995984653'),
(16030209, 'Bryson', 'Thornton', '1998/3/24', 0, '2016/6/24', 1.45, 'Bryson.Thornton@etu.edu.tr', '05835664071'),
(16030107, 'Jermaine', 'Valencia', '1998/6/20', 0, '2016/5/2', 3.5, 'Jermaine.Valencia@etu.edu.tr', '05830719963'),
(17030306, 'Harper', 'Jacobs', '1999/3/27', 0, '2017/3/4', 0.81, 'Harper.Jacobs@etu.edu.tr', '05864644822'),
(14030319, 'Miranda', 'Stephens', '1996/3/14', 1, '2014/4/12', 0.46, 'Miranda.Stephens@etu.edu.tr', '05822530114'),
(15010316, 'Evangeline', 'Larsen', '1997/11/28', 1, '2015/4/4', 2.88, 'Evangeline.Larsen@etu.edu.tr', '05159839364'),
(17010310, 'Esteban', 'Glass', '1999/8/23', 0, '2017/7/9', 2.63, 'Esteban.Glass@etu.edu.tr', '05205152646'),
(14030320, 'Abram', 'Tran', '1996/10/23', 0, '2014/6/20', 0.91, 'Abram.Tran@etu.edu.tr', '05445498294'),
(15030107, 'Lilian', 'Payne', '1997/3/21', 1, '2015/5/21', 1.57, 'Lilian.Payne@etu.edu.tr', '05755355027'),
(15010210, 'Walter', 'Osborne', '1997/11/17', 0, '2015/3/18', 3.33, 'Walter.Osborne@etu.edu.tr', '05515664751'),
(18030307, 'Chandler', 'Joseph', '2000/7/13', 0, '2018/7/5', 2.52, 'Chandler.Joseph@etu.edu.tr', '05853479005'),
(15020107, 'Nathanael', 'Walters', '1997/2/11', 0, '2015/8/7', 1.81, 'Nathanael.Walters@etu.edu.tr', '05467110563'),
(16010210, 'Joshua', 'Beck', '1998/9/25', 0, '2016/8/19', 0.31, 'Joshua.Beck@etu.edu.tr', '05886950386'),
(16010306, 'Adan', 'Wilkins', '1998/8/7', 0, '2016/2/4', 3.29, 'Adan.Wilkins@etu.edu.tr', '05440733419'),
(18030108, 'Parker', 'Spencer', '2000/9/10', 1, '2018/3/11', 0.96, 'Parker.Spencer@etu.edu.tr', '05683173489'),
(18020215, 'Jaiden', 'Kirk', '2000/3/11', 0, '2018/5/1', 1.06, 'Jaiden.Kirk@etu.edu.tr', '05259632434'),
(15020108, 'Kaitlin', 'Singleton', '1997/6/28', 1, '2015/1/27', 3.2, 'Kaitlin.Singleton@etu.edu.tr', '05237950814'),
(18030207, 'Akira', 'Hooper', '2000/5/27', 1, '2018/5/18', 2.33, 'Akira.Hooper@etu.edu.tr', '05219935318'),
(14020207, 'Brianna', 'Williamson', '1996/8/7', 1, '2014/1/25', 0.89, 'Brianna.Williamson@etu.edu.tr', '05488745763'),
(17020207, 'Lexie', 'Sloan', '1999/7/10', 1, '2017/6/12', 3.94, 'Lexie.Sloan@etu.edu.tr', '05292482705'),
(15010211, 'Carla', 'Pope', '1997/6/2', 1, '2015/9/9', 2.25, 'Carla.Pope@etu.edu.tr', '05749606136'),
(15010317, 'Clayton', 'Moses', '1997/5/28', 0, '2015/6/2', 0.87, 'Clayton.Moses@etu.edu.tr', '05991070685'),
(17030211, 'Enrique', 'Irwin', '1999/3/2', 0, '2017/5/15', 0.32, 'Enrique.Irwin@etu.edu.tr', '05506129329'),
(16020313, 'Joseph', 'Taylor', '1998/4/10', 0, '2016/4/25', 2.15, 'Joseph.Taylor@etu.edu.tr', '05618702439'),
(14030210, 'Avery', 'Bonilla', '1996/5/18', 1, '2014/1/18', 2.13, 'Avery.Bonilla@etu.edu.tr', '05837770020'),
(18020312, 'Isabela', 'Terry', '2000/1/6', 1, '2018/9/5', 2.23, 'Isabela.Terry@etu.edu.tr', '05381142684'),
(17030212, 'Julius', 'Gonzales', '1999/9/20', 0, '2017/3/17', 3.56, 'Julius.Gonzales@etu.edu.tr', '05548969543'),
(14020208, 'Kian', 'Sosa', '1996/12/5', 0, '2014/3/1', 3.77, 'Kian.Sosa@etu.edu.tr', '05084691351'),
(18030208, 'Terrell', 'Alexander', '2000/2/18', 0, '2018/5/5', 0.04, 'Terrell.Alexander@etu.edu.tr', '05179940276'),
(18010211, 'Jada', 'Ramirez', '2000/3/6', 1, '2018/4/1', 2.43, 'Jada.Ramirez@etu.edu.tr', '05433843101'),
(15030210, 'Ahmad', 'Woods', '1997/4/22', 0, '2015/5/3', 2.8, 'Ahmad.Woods@etu.edu.tr', '05670839449'),
(15020308, 'Immanuel', 'Donaldson', '1997/8/17', 0, '2015/8/25', 1.54, 'Immanuel.Donaldson@etu.edu.tr', '05558060525'),
(16030108, 'Gabrielle', 'Manning', '1998/3/7', 1, '2016/5/15', 2.03, 'Gabrielle.Manning@etu.edu.tr', '05468889880'),
(18030308, 'Andrew', 'Estes', '2000/12/17', 0, '2018/2/20', 1.36, 'Andrew.Estes@etu.edu.tr', '05565891734'),
(16030315, 'Payten', 'Olson', '1998/4/25', 1, '2016/1/25', 0.8, 'Payten.Olson@etu.edu.tr', '05731626095'),
(17030307, 'Frankie', 'Page', '1999/5/9', 0, '2017/7/23', 1.07, 'Frankie.Page@etu.edu.tr', '05843804702'),
(15020109, 'Adonis', 'Doyle', '1997/3/2', 0, '2015/7/7', 0.41, 'Adonis.Doyle@etu.edu.tr', '05386617206'),
(15010318, 'Isaac', 'Mcmillan', '1997/6/9', 0, '2015/2/8', 1.19, 'Isaac.Mcmillan@etu.edu.tr', '05296618379'),
(15030211, 'Chaya', 'Mora', '1997/5/10', 1, '2015/9/23', 2.16, 'Chaya.Mora@etu.edu.tr', '05579297149'),
(17010110, 'Ayanna', 'Baxter', '1999/6/27', 1, '2017/5/10', 3.33, 'Ayanna.Baxter@etu.edu.tr', '05313032826'),
(14010312, 'Derrick', 'Bridges', '1996/12/16', 0, '2014/4/14', 2.44, 'Derrick.Bridges@etu.edu.tr', '05029406551'),
(16030210, 'Angel', 'Dunn', '1998/11/23', 1, '2016/3/5', 2.52, 'Angel.Dunn@etu.edu.tr', '05453691333'),
(16030211, 'Kiley', 'Murray', '1998/1/22', 1, '2016/6/2', 3.17, 'Kiley.Murray@etu.edu.tr', '05353673228'),
(14020209, 'Kamila', 'Horne', '1996/4/4', 1, '2014/4/10', 3.44, 'Kamila.Horne@etu.edu.tr', '05037941577'),
(17030213, 'Sergio', 'Roach', '1999/1/3', 0, '2017/9/4', 2.9, 'Sergio.Roach@etu.edu.tr', '05153346236'),
(14020311, 'Chase', 'Fuentes', '1996/12/11', 0, '2014/3/5', 2.34, 'Chase.Fuentes@etu.edu.tr', '05534512027'),
(14020116, 'Maverick', 'Gilbert', '1996/7/14', 0, '2014/2/5', 3.06, 'Maverick.Gilbert@etu.edu.tr', '05197843489'),
(14030105, 'Cristal', 'Phillips', '1996/8/23', 1, '2014/8/10', 0.88, 'Cristal.Phillips@etu.edu.tr', '05105382428'),
(17010209, 'Samantha', 'Neal', '1999/5/6', 1, '2017/2/14', 2.41, 'Samantha.Neal@etu.edu.tr', '05600395339'),
(18030109, 'Charlotte', 'Liu', '2000/3/6', 1, '2018/5/4', 3.73, 'Charlotte.Liu@etu.edu.tr', '05340667311'),
(16010110, 'Essence', 'Buck', '1998/1/13', 1, '2016/7/13', 0.12, 'Essence.Buck@etu.edu.tr', '05602088676'),
(16010111, 'Rowan', 'Downs', '1998/9/25', 1, '2016/4/3', 2.98, 'Rowan.Downs@etu.edu.tr', '05291613071'),
(17010111, 'Kevin', 'Bradshaw', '1999/5/18', 0, '2017/6/5', 2.56, 'Kevin.Bradshaw@etu.edu.tr', '05095740817'),
(17030214, 'Mara', 'Sutton', '1999/2/8', 1, '2017/3/20', 0.07, 'Mara.Sutton@etu.edu.tr', '05718439590'),
(15010212, 'Mekhi', 'Davies', '1997/3/5', 0, '2015/5/21', 3.43, 'Mekhi.Davies@etu.edu.tr', '05767419860'),
(17010311, 'Rubi', 'Banks', '1999/3/22', 1, '2017/6/28', 3.88, 'Rubi.Banks@etu.edu.tr', '05545685945'),
(17030308, 'Viviana', 'Vazquez', '1999/6/15', 1, '2017/7/21', 1.79, 'Viviana.Vazquez@etu.edu.tr', '05858761973'),
(14020210, 'Jaydin', 'Ho', '1996/9/28', 0, '2014/3/11', 2.03, 'Jaydin.Ho@etu.edu.tr', '05919655810'),
(14010313, 'Kayden', 'Shelton', '1996/1/26', 0, '2014/9/6', 3.99, 'Kayden.Shelton@etu.edu.tr', '05480924253'),
(17020313, 'Emiliano', 'Weber', '1999/9/23', 0, '2017/3/5', 1.87, 'Emiliano.Weber@etu.edu.tr', '05612419242'),
(18030309, 'Charlize', 'Zamora', '2000/2/7', 1, '2018/1/28', 0.18, 'Charlize.Zamora@etu.edu.tr', '05312409589'),
(15010110, 'Asa', 'Moreno', '1997/4/2', 0, '2015/2/12', 3.73, 'Asa.Moreno@etu.edu.tr', '05164580069'),
(17030109, 'Lacey', 'Kim', '1999/9/11', 1, '2017/4/4', 1.67, 'Lacey.Kim@etu.edu.tr', '05995160257'),
(17030110, 'Roman', 'Stewart', '1999/8/23', 0, '2017/2/7', 1.22, 'Roman.Stewart@etu.edu.tr', '05361739181'),
(18010309, 'Leon', 'Mcconnell', '2000/10/11', 0, '2018/6/27', 2.51, 'Leon.Mcconnell@etu.edu.tr', '05265663359'),
(16030316, 'Ezequiel', 'Barajas', '1998/6/24', 0, '2016/4/26', 0.24, 'Ezequiel.Barajas@etu.edu.tr', '05248783041'),
(14030321, 'Ellie', 'Blake', '1996/3/11', 1, '2014/4/8', 3.25, 'Ellie.Blake@etu.edu.tr', '05691621730'),
(16030317, 'Jovan', 'Castro', '1998/6/19', 0, '2016/6/3', 1.3, 'Jovan.Castro@etu.edu.tr', '05914816140'),
(15020110, 'Quincy', 'Stafford', '1997/10/28', 0, '2015/3/25', 3.32, 'Quincy.Stafford@etu.edu.tr', '05140250194'),
(15030108, 'Ashtyn', 'Conway', '1997/8/12', 1, '2015/1/20', 3.99, 'Ashtyn.Conway@etu.edu.tr', '05271771544'),
(16030212, 'Harry', 'Howard', '1998/3/5', 0, '2016/9/8', 1.32, 'Harry.Howard@etu.edu.tr', '05153621275'),
(18010117, 'Rachael', 'Nixon', '2000/12/5', 1, '2018/6/26', 0.04, 'Rachael.Nixon@etu.edu.tr', '05064886346'),
(15020111, 'Tia', 'English', '1997/5/16', 1, '2015/2/19', 1.22, 'Tia.English@etu.edu.tr', '05303989475'),
(17030111, 'Maxwell', 'Dillon', '1999/12/16', 0, '2017/4/6', 0.53, 'Maxwell.Dillon@etu.edu.tr', '05116995076'),
(15020207, 'Levi', 'George', '1997/6/12', 0, '2015/3/6', 3.85, 'Levi.George@etu.edu.tr', '05043423665')
;

INSERT INTO ACTIVE(stud_id) VALUES 
(17010101),
(18020101),
(18010101),
(14030301),
(16020301),
(15020201),
(14010301),
(18020301),
(18010201),
(18020102),
(15010201),
(14020101),
(16020201),
(14010302),
(17010201),
(16020302),
(16030101),
(16030102),
(17020301),
(15030301),
(15010301),
(17010202),
(16010301),
(15020101),
(17010301),
(17020302),
(14030302),
(15020102),
(17010102),
(18020302),
(14020301),
(17020101),
(18010102),
(16020101),
(14030303),
(14020102),
(15010302),
(16020303),
(14020201),
(14030201),
(15020103),
(15020301),
(15010101),
(15030302),
(18010103),
(14010201),
(18020201),
(18030201),
(16030301),
(18010301),
(16020202),
(17030301),
(18010202),
(17010203),
(14020302),
(14010101),
(18010104),
(17020201),
(18030301),
(16020203),
(17010103),
(15030303),
(18010302),
(14020202),
(16030302),
(14020303),
(14010102),
(14030202),
(16010201),
(18010105),
(15030304),
(17010302),
(14010103),
(16030201),
(18030101),
(18010106),
(14020103),
(17010303),
(16020204),
(17020202),
(16020102),
(15030201),
(18010107),
(15010303),
(16010101),
(15010304),
(18020303),
(15010305),
(18010203),
(15030305),
(17030101),
(15010306),
(14030304),
(16010302),
(16010303),
(17030102),
(16030303),
(14020104),
(15010202),
(14010303),
(14010202),
(15010102),
(15030101),
(17020303),
(16020103),
(18020202),
(14030305),
(17020102),
(15020302),
(18020304),
(18010108),
(18020305),
(14020105),
(17020103),
(18010303),
(14030203),
(17020104),
(18020306),
(16030103),
(16010304),
(18020103),
(14030306),
(16020205),
(16030202),
(14030307),
(18010204),
(17020304),
(18020203),
(17030201),
(16030203),
(18030102),
(16020104),
(17010104),
(18030202),
(15010307),
(16030304),
(14010203),
(18020307),
(16030204),
(14030308),
(15020202),
(16030305),
(16020105),
(17010105),
(15010103),
(15010308),
(18030302),
(16020206),
(18020204),
(17020305),
(15030202),
(15010309),
(18010109),
(14010104),
(16020106),
(14020106),
(14010304),
(18030103),
(14010204),
(14030309),
(17010304),
(15030102),
(14030204),
(15010203),
(15010204),
(15020303),
(15010310),
(18020205),
(18020308),
(16030205),
(17010106),
(16010102),
(16030306),
(14010305),
(14030101),
(17020203),
(16010202),
(15030306),
(17030302),
(14010306),
(14020304),
(18020206),
(14030205),
(17020105),
(18020104),
(16010103),
(14020203),
(14030206),
(17010107),
(14030102),
(16030206),
(16020107),
(18010205),
(15020104),
(16030307),
(18020309),
(15030203),
(14020107),
(15020203),
(17030303),
(14020108),
(17030202),
(15030204),
(16020304),
(18010304),
(18020207),
(16010104),
(17010204),
(17020204),
(18030104),
(14020204),
(14020109),
(14010205),
(14020305),
(17020306),
(18010206),
(17020307),
(17010205),
(18010207),
(18030303),
(15010104),
(16020108),
(15010105),
(18020310),
(14010105),
(18020105),
(15030307),
(15020304),
(17030203),
(15010205),
(16010203),
(18020208),
(18030203),
(14010206),
(16020207),
(18010110),
(15010206),
(17030204),
(17030304),
(16020305),
(15030103),
(15030308),
(18010111),
(16030308),
(14010307),
(14020110),
(17020308),
(17030205),
(16030207),
(16010204),
(18010305),
(14010106),
(14020111),
(14020205),
(18020311),
(16020208),
(17010305),
(18020106),
(14010107),
(17030206),
(16030104),
(16010105),
(15010311),
(18010112),
(18020107),
(18020209),
(16030309),
(15030205),
(17030103),
(18010306),
(16020209),
(17020309),
(18030304),
(16020306),
(17020106),
(14020112),
(17010306),
(17020107),
(15020204),
(14010308),
(14030310),
(15020305),
(15010207),
(15010106),
(14010207),
(18020108),
(17020108),
(18020210),
(16020307),
(14030311),
(16030310),
(18020109),
(16010205),
(16010206),
(14020306),
(18020110),
(14020113),
(18010208),
(16020109),
(14030312),
(15010312),
(17010307),
(14010208),
(16010106),
(18010209),
(16030311),
(17010108),
(16020210),
(18010113),
(16020308),
(14020307),
(14010309),
(15030104),
(14030207),
(16010107),
(18010307),
(16030208),
(17020109),
(17010308),
(16010207),
(14020206),
(14030313),
(18030204),
(15030206),
(18010210),
(17020310),
(17020311),
(16020110),
(15030105),
(17030207),
(18030305),
(15020205),
(14030314),
(15030207),
(17030104),
(14020114),
(16010208),
(16010108),
(15020306),
(14010108),
(15010208),
(14030315),
(14010109),
(16020309),
(18030105),
(16030312),
(16010305),
(18010114),
(16020111),
(16030105),
(14010209),
(15030208),
(14020308),
(18030306),
(17010206),
(17020205),
(18030106),
(15010107),
(17030208),
(14010110),
(18030107),
(16020211),
(15020105),
(14020309),
(15010313),
(16030313),
(14030103),
(16030106),
(15010314),
(15010108),
(17020206),
(16010209),
(15030209),
(14010210),
(15010209),
(17030105),
(18030205),
(15020206),
(14030208),
(14030209),
(18020111),
(17030106),
(14030316),
(15010109),
(17030107),
(16020112),
(14010310),
(14030104),
(18030206),
(14010211),
(18020211),
(15020106),
(17030209),
(18020212),
(17020110),
(14010311),
(17010207),
(16020310),
(14010212),
(17010109),
(17030210),
(18020213),
(14020115),
(16010109),
(18020112),
(14030317),
(18010115),
(14020310),
(18010116),
(14030318),
(18010308),
(16020311),
(16030314),
(16020312),
(15030106),
(17010208),
(17030305),
(16020113),
(17030108),
(15010315),
(17010309),
(18020214),
(16020114),
(15020307),
(17020312),
(16020212),
(16030209),
(16030107),
(17030306),
(14030319),
(15010316),
(17010310),
(14030320),
(15030107),
(15010210),
(18030307),
(15020107),
(16010210),
(16010306),
(18030108),
(18020215),
(15020108),
(18030207),
(14020207),
(17020207),
(15010211),
(15010317),
(17030211),
(16020313),
(14030210),
(18020312),
(17030212),
(14020208),
(18030208),
(18010211),
(15030210),
(15020308),
(16030108),
(18030308),
(16030315),
(17030307),
(15020109),
(15010318),
(15030211),
(17010110),
(14010312),
(16030210),
(16030211),
(14020209),
(17030213),
(14020311),
(14020116),
(14030105),
(17010209),
(18030109),
(16010110),
(16010111),
(17010111),
(17030214),
(15010212),
(17010311),
(17030308),
(14020210),
(14010313),
(17020313),
(18030309),
(15010110),
(17030109),
(17030110),
(18010309),
(16030316),
(14030321),
(16030317),
(15020110),
(15030108),
(16030212),
(18010117),
(15020111),
(17030111),
(15020207)
;

INSERT INTO STUDENT(stud_id, stud_fname, stud_lname, stud_birth_year, stud_reg_date, stud_gpa, stud_email, stud_number) VALUES 
(14020312, 'Susan', 'Shepherd', '1996/8/12', '2014/7/22', 2.16, 'Susan.Shepherd@etu.edu.tr', '05301828240'),
(15030309, 'Nehemiah', 'Hobbs', '1997/8/18', '2015/4/9', 2.52, 'Nehemiah.Hobbs@etu.edu.tr', '05077627690'),
(17030112, 'James', 'Lynch', '1999/10/15', '2017/7/2', 1.24, 'James.Lynch@etu.edu.tr', '05967898424'),
(14010314, 'Judah', 'Spence', '1996/6/21', '2014/1/14', 3.03, 'Judah.Spence@etu.edu.tr', '05892699345'),
(18030310, 'Adelaide', 'Hogan', '2000/3/22', '2018/7/8', 0.9, 'Adelaide.Hogan@etu.edu.tr', '05360809602'),
(18020313, 'Quinn', 'Cervantes', '2000/8/10', '2018/7/11', 3.2, 'Quinn.Cervantes@etu.edu.tr', '05926418462'),
(14020117, 'Abigayle', 'Mendoza', '1996/11/9', '2014/1/9', 2.66, 'Abigayle.Mendoza@etu.edu.tr', '05622105783'),
(14020313, 'Zack', 'Leblanc', '1996/9/15', '2014/8/15', 1.79, 'Zack.Leblanc@etu.edu.tr', '05916059393'),
(18020113, 'Cheyenne', 'Fischer', '2000/12/4', '2018/2/8', 2, 'Cheyenne.Fischer@etu.edu.tr', '05966868726'),
(14020118, 'Colt', 'Snyder', '1996/9/6', '2014/2/13', 1.02, 'Colt.Snyder@etu.edu.tr', '05550503167'),
(17020208, 'Roland', 'Briggs', '1999/9/23', '2017/6/16', 0.07, 'Roland.Briggs@etu.edu.tr', '05180311144'),
(15030212, 'Francisco', 'Malone', '1997/2/18', '2015/6/14', 1.84, 'Francisco.Malone@etu.edu.tr', '05046676087'),
(18020314, 'Brenden', 'Sanders', '2000/12/10', '2018/2/12', 1.18, 'Brenden.Sanders@etu.edu.tr', '05182186526'),
(17010210, 'Thomas', 'Hawkins', '1999/3/22', '2017/5/4', 2.08, 'Thomas.Hawkins@etu.edu.tr', '05005513067'),
(16020314, 'Belen', 'Clark', '1998/4/4', '2016/4/6', 2.41, 'Belen.Clark@etu.edu.tr', '05846196673'),
(15030310, 'Grace', 'Davidson', '1997/1/5', '2015/5/14', 0.12, 'Grace.Davidson@etu.edu.tr', '05038168290'),
(15020309, 'Rebekah', 'Cantu', '1997/12/13', '2015/5/2', 3.94, 'Rebekah.Cantu@etu.edu.tr', '05447677141'),
(14010315, 'Luz', 'Melendez', '1996/9/13', '2014/1/14', 3.28, 'Luz.Melendez@etu.edu.tr', '05484348370'),
(17030215, 'Fisher', 'Gill', '1999/11/22', '2017/8/4', 3.12, 'Fisher.Gill@etu.edu.tr', '05943363846'),
(16020115, 'Kaliyah', 'Ryan', '1998/6/18', '2016/9/13', 1.45, 'Kaliyah.Ryan@etu.edu.tr', '05994422554'),
(18010310, 'Sara', 'Mills', '2000/3/28', '2018/3/13', 0.63, 'Sara.Mills@etu.edu.tr', '05539663242'),
(16010211, 'Giselle', 'Walter', '1998/5/1', '2016/9/2', 1.7, 'Giselle.Walter@etu.edu.tr', '05673044511'),
(14030211, 'Dominick', 'Porter', '1996/8/7', '2014/1/13', 3.7, 'Dominick.Porter@etu.edu.tr', '05031487670'),
(18010311, 'Lesly', 'Thomas', '2000/5/14', '2018/9/22', 2.22, 'Lesly.Thomas@etu.edu.tr', '05562645368'),
(15020208, 'Dangelo', 'Conrad', '1997/5/3', '2015/9/28', 2.94, 'Dangelo.Conrad@etu.edu.tr', '05897883434'),
(14010111, 'Easton', 'Donovan', '1996/2/15', '2014/5/18', 1.01, 'Easton.Donovan@etu.edu.tr', '05094517813'),
(14010316, 'Dale', 'Hudson', '1996/8/19', '2014/3/10', 0.72, 'Dale.Hudson@etu.edu.tr', '05376737357'),
(17030216, 'Ingrid', 'Carney', '1999/9/6', '2017/3/21', 1.55, 'Ingrid.Carney@etu.edu.tr', '05797967661'),
(16010212, 'Yahir', 'Brooks', '1998/12/10', '2016/3/7', 2.4, 'Yahir.Brooks@etu.edu.tr', '05488600787'),
(14010112, 'Kenzie', 'Torres', '1996/6/1', '2014/7/15', 0.79, 'Kenzie.Torres@etu.edu.tr', '05357475933'),
(14020314, 'Kameron', 'Hopkins', '1996/8/21', '2014/9/20', 1.35, 'Kameron.Hopkins@etu.edu.tr', '05274814411'),
(14030322, 'Baylee', 'Stone', '1996/8/20', '2014/3/18', 1.04, 'Baylee.Stone@etu.edu.tr', '05322002398'),
(16020315, 'Marco', 'Pineda', '1998/2/15', '2016/7/15', 0.54, 'Marco.Pineda@etu.edu.tr', '05987638048'),
(15020209, 'Cesar', 'Pratt', '1997/4/27', '2015/2/16', 0.14, 'Cesar.Pratt@etu.edu.tr', '05095868657'),
(18010312, 'Ryan', 'Villanueva', '2000/3/22', '2018/6/6', 2.24, 'Ryan.Villanueva@etu.edu.tr', '05705084382'),
(18020216, 'Adrienne', 'Mcfarland', '2000/1/8', '2018/4/6', 3.43, 'Adrienne.Mcfarland@etu.edu.tr', '05126280070'),
(18010212, 'Carlos', 'Mendez', '2000/9/16', '2018/7/3', 1.62, 'Carlos.Mendez@etu.edu.tr', '05125735425'),
(14030106, 'Averi', 'Novak', '1996/7/10', '2014/8/24', 1.59, 'Averi.Novak@etu.edu.tr', '05568336477'),
(15020112, 'Kobe', 'Bradford', '1997/1/8', '2015/7/6', 2.32, 'Kobe.Bradford@etu.edu.tr', '05107810114'),
(15020210, 'Krista', 'Schultz', '1997/10/27', '2015/3/4', 2.85, 'Krista.Schultz@etu.edu.tr', '05516531954'),
(16030318, 'Mallory', 'Larson', '1998/6/23', '2016/1/26', 0.03, 'Mallory.Larson@etu.edu.tr', '05356065048'),
(15010111, 'Precious', 'Peters', '1997/9/16', '2015/4/27', 0.03, 'Precious.Peters@etu.edu.tr', '05320982423'),
(14020315, 'Maximo', 'Chung', '1996/10/14', '2014/3/20', 3.29, 'Maximo.Chung@etu.edu.tr', '05311007839'),
(14010113, 'Saul', 'Hutchinson', '1996/2/23', '2014/9/2', 3.89, 'Saul.Hutchinson@etu.edu.tr', '05234360664'),
(18030311, 'Elliot', 'Shaw', '2000/3/5', '2018/5/26', 3.33, 'Elliot.Shaw@etu.edu.tr', '05495589625'),
(17020111, 'Stephanie', 'Burnett', '1999/9/22', '2017/9/21', 0.13, 'Stephanie.Burnett@etu.edu.tr', '05034765970'),
(18010213, 'Amani', 'Preston', '2000/12/8', '2018/9/7', 0.31, 'Amani.Preston@etu.edu.tr', '05327840323'),
(14010317, 'Zoie', 'Mayer', '1996/5/13', '2014/9/6', 2.05, 'Zoie.Mayer@etu.edu.tr', '05164467806'),
(16010307, 'Katherine', 'May', '1998/10/26', '2016/4/20', 2.46, 'Katherine.May@etu.edu.tr', '05808924731'),
(17020209, 'Adrien', 'Ramos', '1999/9/4', '2017/8/28', 0.85, 'Adrien.Ramos@etu.edu.tr', '05465909442'),
(15020310, 'Ryan', 'Copeland', '1997/5/8', '2015/2/2', 0.76, 'Ryan.Copeland@etu.edu.tr', '05834868084'),
(16020116, 'Jeremy', 'Craig', '1998/7/18', '2016/6/13', 2.63, 'Jeremy.Craig@etu.edu.tr', '05104107299'),
(15030311, 'Paula', 'Wyatt', '1997/11/28', '2015/9/5', 2.82, 'Paula.Wyatt@etu.edu.tr', '05244192005'),
(14010114, 'Lawrence', 'Hicks', '1996/1/5', '2014/3/8', 2.17, 'Lawrence.Hicks@etu.edu.tr', '05174832395'),
(18010313, 'Kaleb', 'Watts', '2000/11/20', '2018/8/21', 2.13, 'Kaleb.Watts@etu.edu.tr', '05841236177'),
(18010314, 'Hadley', 'Hall', '2000/1/15', '2018/8/7', 0.89, 'Hadley.Hall@etu.edu.tr', '05434075130'),
(16030319, 'Ricardo', 'Parsons', '1998/10/27', '2016/5/26', 2.63, 'Ricardo.Parsons@etu.edu.tr', '05356678612'),
(17030217, 'Orlando', 'Clarke', '1999/6/20', '2017/5/6', 2.14, 'Orlando.Clarke@etu.edu.tr', '05348396487'),
(14010318, 'Gideon', 'Berry', '1996/10/22', '2014/1/25', 3.06, 'Gideon.Berry@etu.edu.tr', '05314093746'),
(14010213, 'Sanaa', 'Bishop', '1996/3/1', '2014/2/20', 0.14, 'Sanaa.Bishop@etu.edu.tr', '05367943300'),
(15030109, 'Charlie', 'Lee', '1997/6/27', '2015/2/21', 1.94, 'Charlie.Lee@etu.edu.tr', '05782554303'),
(15020311, 'Victoria', 'Mercer', '1997/8/4', '2015/7/6', 3.55, 'Victoria.Mercer@etu.edu.tr', '05223257883'),
(15020211, 'Kassandra', 'Douglas', '1997/2/24', '2015/9/19', 3.22, 'Kassandra.Douglas@etu.edu.tr', '05425832692'),
(14020211, 'Kathryn', 'Harrell', '1996/11/13', '2014/6/1', 2.43, 'Kathryn.Harrell@etu.edu.tr', '05198119177'),
(17030113, 'Gianni', 'Green', '1999/3/6', '2017/5/18', 0.97, 'Gianni.Green@etu.edu.tr', '05136515258'),
(16030213, 'Jayden', 'Roberson', '1998/4/12', '2016/8/3', 1.51, 'Jayden.Roberson@etu.edu.tr', '05514144532'),
(14010319, 'Adrianna', 'Arnold', '1996/10/28', '2014/3/26', 2.13, 'Adrianna.Arnold@etu.edu.tr', '05420908356'),
(16030214, 'Landin', 'Rollins', '1998/4/13', '2016/6/9', 3.3, 'Landin.Rollins@etu.edu.tr', '05140565666'),
(14010115, 'Atticus', 'Robertson', '1996/9/22', '2014/7/3', 3.99, 'Atticus.Robertson@etu.edu.tr', '05499591169'),
(18030110, 'Aedan', 'Duarte', '2000/3/24', '2018/3/12', 1.42, 'Aedan.Duarte@etu.edu.tr', '05164610641'),
(17020112, 'Messiah', 'Strickland', '1999/2/1', '2017/8/1', 3.68, 'Messiah.Strickland@etu.edu.tr', '05602947591'),
(14020212, 'Pedro', 'Fitzpatrick', '1996/8/1', '2014/8/9', 0.74, 'Pedro.Fitzpatrick@etu.edu.tr', '05486635919'),
(17030114, 'Danny', 'Robles', '1999/11/28', '2017/2/1', 0.91, 'Danny.Robles@etu.edu.tr', '05624570144'),
(16010213, 'Audrina', 'Chambers', '1998/5/3', '2016/6/21', 2.16, 'Audrina.Chambers@etu.edu.tr', '05515088373'),
(15010213, 'Sharon', 'Yang', '1997/9/24', '2015/6/2', 3.96, 'Sharon.Yang@etu.edu.tr', '05770320332'),
(18030209, 'Sarah', 'Golden', '2000/3/14', '2018/3/9', 0.77, 'Sarah.Golden@etu.edu.tr', '05094442379'),
(18010315, 'Keon', 'Houston', '2000/5/8', '2018/5/12', 0.73, 'Keon.Houston@etu.edu.tr', '05703655871'),
(16020213, 'Trystan', 'Sanchez', '1998/7/27', '2016/8/18', 0.89, 'Trystan.Sanchez@etu.edu.tr', '05683813998'),
(17030115, 'Whitney', 'Case', '1999/12/24', '2017/1/1', 0.23, 'Whitney.Case@etu.edu.tr', '05980411309'),
(16030109, 'Andy', 'Aguilar', '1998/9/3', '2016/5/12', 0.33, 'Andy.Aguilar@etu.edu.tr', '05030280844'),
(15010112, 'Jair', 'Tate', '1997/6/15', '2015/1/19', 1.11, 'Jair.Tate@etu.edu.tr', '05140145134'),
(16030320, 'Carlo', 'Obrien', '1998/1/12', '2016/4/16', 0.58, 'Carlo.Obrien@etu.edu.tr', '05891794917'),
(17010112, 'Estrella', 'Frey', '1999/9/2', '2017/3/17', 3.7, 'Estrella.Frey@etu.edu.tr', '05140543155'),
(16030110, 'Hugh', 'Peterson', '1998/4/27', '2016/2/20', 1.52, 'Hugh.Peterson@etu.edu.tr', '05863944770'),
(17010113, 'Jase', 'Stephenson', '1999/3/27', '2017/2/2', 2.33, 'Jase.Stephenson@etu.edu.tr', '05968777216'),
(15030312, 'Nigel', 'Travis', '1997/8/25', '2015/3/14', 1.34, 'Nigel.Travis@etu.edu.tr', '05784060651'),
(14030107, 'Clarissa', 'Stout', '1996/1/5', '2014/2/2', 1.13, 'Clarissa.Stout@etu.edu.tr', '05098711860'),
(16020316, 'Kassidy', 'Mcneil', '1998/12/9', '2016/3/19', 2.32, 'Kassidy.Mcneil@etu.edu.tr', '05268859155'),
(17030218, 'Jaslene', 'Griffith', '1999/1/10', '2017/3/18', 2.46, 'Jaslene.Griffith@etu.edu.tr', '05296946895'),
(18030312, 'Jagger', 'Gay', '2000/10/21', '2018/7/17', 2.87, 'Jagger.Gay@etu.edu.tr', '05523616840'),
(14030212, 'Nathen', 'Wilcox', '1996/6/19', '2014/5/22', 3.82, 'Nathen.Wilcox@etu.edu.tr', '05801719268'),
(15020312, 'Brett', 'Rivers', '1997/9/8', '2015/5/7', 3.16, 'Brett.Rivers@etu.edu.tr', '05236977190'),
(18020114, 'Bria', 'Christensen', '2000/11/11', '2018/3/16', 2.97, 'Bria.Christensen@etu.edu.tr', '05387761858'),
(15010319, 'Jessie', 'Valentine', '1997/9/11', '2015/3/13', 1.35, 'Jessie.Valentine@etu.edu.tr', '05132431398'),
(18030210, 'Amiya', 'Moyer', '2000/6/27', '2018/8/12', 1.82, 'Amiya.Moyer@etu.edu.tr', '05859949669'),
(16020317, 'Madalyn', 'Morgan', '1998/1/19', '2016/2/11', 0.8, 'Madalyn.Morgan@etu.edu.tr', '05659904807'),
(15030213, 'Catalina', 'Wiggins', '1997/10/12', '2015/2/22', 1.37, 'Catalina.Wiggins@etu.edu.tr', '05815711131'),
(18020217, 'Franco', 'Coleman', '2000/9/15', '2018/5/2', 3.91, 'Franco.Coleman@etu.edu.tr', '05578265301'),
(16030321, 'Sullivan', 'Wang', '1998/3/25', '2016/2/28', 2.83, 'Sullivan.Wang@etu.edu.tr', '05881945517'),
(14010214, 'Frida', 'Carlson', '1996/11/14', '2014/8/20', 0.89, 'Frida.Carlson@etu.edu.tr', '05739910351')
;

INSERT INTO GRADUATE(stud_id, grad_grad_date) VALUES 
(14020312, '2019/8/13'),
(15030309, '2019/9/14'),
(17030112, '2021/9/26'),
(14010314, '2018/9/12'),
(18030310, '2022/1/2'),
(18020313, '2023/8/6'),
(14020117, '2019/3/16'),
(14020313, '2018/5/11'),
(18020113, '2023/9/24'),
(14020118, '2018/7/9'),
(17020208, '2022/3/11'),
(15030212, '2019/6/4'),
(18020314, '2022/7/16'),
(17010210, '2022/8/17'),
(16020314, '2021/4/5'),
(15030310, '2020/8/27'),
(15020309, '2020/5/27'),
(14010315, '2018/8/4'),
(17030215, '2022/2/27'),
(16020115, '2020/8/2'),
(18010310, '2022/3/16'),
(16010211, '2021/5/7'),
(14030211, '2018/5/13'),
(18010311, '2022/7/13'),
(15020208, '2019/9/11'),
(14010111, '2018/9/17'),
(14010316, '2018/4/1'),
(17030216, '2021/2/8'),
(16010212, '2020/7/23'),
(14010112, '2018/3/5'),
(14020314, '2019/9/13'),
(14030322, '2019/7/22'),
(16020315, '2020/3/28'),
(15020209, '2020/7/26'),
(18010312, '2022/2/6'),
(18020216, '2023/4/11'),
(18010212, '2023/9/21'),
(14030106, '2018/7/18'),
(15020112, '2019/1/21'),
(15020210, '2019/9/9'),
(16030318, '2020/7/28'),
(15010111, '2019/2/21'),
(14020315, '2018/9/28'),
(14010113, '2018/6/15'),
(18030311, '2022/5/22'),
(17020111, '2022/2/3'),
(18010213, '2023/3/25'),
(14010317, '2019/8/19'),
(16010307, '2020/3/5'),
(17020209, '2022/2/24'),
(15020310, '2019/4/15'),
(16020116, '2021/8/22'),
(15030311, '2019/1/23'),
(14010114, '2019/4/2'),
(18010313, '2022/9/4'),
(18010314, '2023/6/8'),
(16030319, '2021/5/5'),
(17030217, '2021/3/5'),
(14010318, '2019/5/19'),
(14010213, '2019/8/8'),
(15030109, '2019/5/28'),
(15020311, '2020/2/26'),
(15020211, '2019/6/21'),
(14020211, '2018/5/8'),
(17030113, '2022/6/3'),
(16030213, '2020/1/24'),
(14010319, '2019/9/9'),
(16030214, '2021/6/2'),
(14010115, '2019/6/14'),
(18030110, '2022/6/15'),
(17020112, '2021/1/8'),
(14020212, '2019/6/19'),
(17030114, '2021/6/14'),
(16010213, '2021/6/6'),
(15010213, '2020/3/23'),
(18030209, '2022/9/1'),
(18010315, '2023/4/28'),
(16020213, '2021/6/25'),
(17030115, '2021/9/24'),
(16030109, '2021/2/3'),
(15010112, '2020/3/23'),
(16030320, '2020/3/6'),
(17010112, '2022/4/3'),
(16030110, '2021/2/18'),
(17010113, '2022/4/20'),
(15030312, '2020/6/4'),
(14030107, '2018/9/13'),
(16020316, '2021/5/18'),
(17030218, '2021/4/12'),
(18030312, '2023/2/28'),
(14030212, '2019/8/16'),
(15020312, '2020/4/1'),
(18020114, '2023/8/17'),
(15010319, '2019/7/14'),
(18030210, '2022/4/5'),
(16020317, '2020/8/16'),
(15030213, '2019/4/6'),
(18020217, '2023/6/17'),
(16030321, '2021/5/23'),
(14010214, '2019/3/28')
;

INSERT INTO PARENT(pare_id, pare_fname, pare_lname, pare_sex, pare_email, pare_number) VALUES 
(1, 'Cameron', 'Wang', 1, 'Cameron.Wang@gmail.com', '05719522643'),
(2, 'Kamron', 'Coleman', 0, 'Kamron.Coleman@gmail.com', '05783278562'),
(3, 'Ainsley', 'Morgan', 1, 'Ainsley.Morgan@gmail.com', '05503913408'),
(4, 'Amare', 'Rivers', 0, 'Amare.Rivers@gmail.com', '05870578322'),
(5, 'Joanna', 'Wilcox', 1, 'Joanna.Wilcox@gmail.com', '05879807378'),
(6, 'Lucy', 'Gay', 1, 'Lucy.Gay@gmail.com', '05941145444'),
(7, 'Aaden', 'Griffith', 0, 'Aaden.Griffith@gmail.com', '05468920719'),
(8, 'Riya', 'Mcneil', 1, 'Riya.Mcneil@gmail.com', '05691452470'),
(9, 'Melany', 'Stout', 1, 'Melany.Stout@gmail.com', '05213049557'),
(10, 'Jayce', 'Stephenson', 0, 'Jayce.Stephenson@gmail.com', '05523877816'),
(11, 'Margaret', 'Tate', 1, 'Margaret.Tate@gmail.com', '05001796967'),
(12, 'Jamiya', 'Aguilar', 1, 'Jamiya.Aguilar@gmail.com', '05194713795'),
(13, 'Jade', 'Case', 1, 'Jade.Case@gmail.com', '05064891354'),
(14, 'Madalynn', 'Sanchez', 1, 'Madalynn.Sanchez@gmail.com', '05820035259'),
(15, 'Kinley', 'Houston', 1, 'Kinley.Houston@gmail.com', '05649594243'),
(16, 'Rylee', 'Robles', 1, 'Rylee.Robles@gmail.com', '05668495232'),
(17, 'Ana', 'Fitzpatrick', 1, 'Ana.Fitzpatrick@gmail.com', '05253748500'),
(18, 'Walker', 'Rollins', 0, 'Walker.Rollins@gmail.com', '05674555748'),
(19, 'Shaun', 'Arnold', 0, 'Shaun.Arnold@gmail.com', '05038513464'),
(20, 'Elisha', 'Roberson', 0, 'Elisha.Roberson@gmail.com', '05449955825'),
(21, 'Melvin', 'Harrell', 0, 'Melvin.Harrell@gmail.com', '05962430489'),
(22, 'Demarion', 'Douglas', 0, 'Demarion.Douglas@gmail.com', '05969144032'),
(23, 'Lauren', 'Mercer', 1, 'Lauren.Mercer@gmail.com', '05257838476'),
(24, 'Alexia', 'Bishop', 1, 'Alexia.Bishop@gmail.com', '05141729398'),
(25, 'Ace', 'Berry', 0, 'Ace.Berry@gmail.com', '05446724645'),
(26, 'Kolby', 'Parsons', 0, 'Kolby.Parsons@gmail.com', '05355705155'),
(27, 'Rolando', 'Watts', 0, 'Rolando.Watts@gmail.com', '05208046742'),
(28, 'Adam', 'Hicks', 0, 'Adam.Hicks@gmail.com', '05440363130'),
(29, 'Fabian', 'Copeland', 0, 'Fabian.Copeland@gmail.com', '05690441096'),
(30, 'Ray', 'Burnett', 0, 'Ray.Burnett@gmail.com', '05032558376'),
(31, 'Laylah', 'Hutchinson', 1, 'Laylah.Hutchinson@gmail.com', '05044483561'),
(32, 'Leland', 'Clarke', 0, 'Leland.Clarke@gmail.com', '05623973380'),
(33, 'Gwendolyn', 'Stevenson', 1, 'Gwendolyn.Stevenson@gmail.com', '05550491930'),
(34, 'Michaela', 'Carlson', 1, 'Michaela.Carlson@gmail.com', '05017361171'),
(35, 'Corey', 'Fields', 0, 'Corey.Fields@gmail.com', '05285414537'),
(36, 'Nick', 'Galloway', 0, 'Nick.Galloway@gmail.com', '05412307561'),
(37, 'Lara', 'Jacobson', 1, 'Lara.Jacobson@gmail.com', '05514162842'),
(38, 'Giovanna', 'Blanchard', 1, 'Giovanna.Blanchard@gmail.com', '05185122558'),
(39, 'Lucille', 'Obrien', 1, 'Lucille.Obrien@gmail.com', '05413944477'),
(40, 'Reed', 'Daniels', 0, 'Reed.Daniels@gmail.com', '05503964066'),
(41, 'Yareli', 'Davies', 1, 'Yareli.Davies@gmail.com', '05682740364'),
(42, 'Emmalee', 'Hatfield', 1, 'Emmalee.Hatfield@gmail.com', '05159220817'),
(43, 'Paulina', 'Ellison', 1, 'Paulina.Ellison@gmail.com', '05742619756'),
(44, 'Mckayla', 'Richmond', 1, 'Mckayla.Richmond@gmail.com', '05510836745'),
(45, 'Noah', 'Hernandez', 0, 'Noah.Hernandez@gmail.com', '05223546376'),
(46, 'Melody', 'Cole', 1, 'Melody.Cole@gmail.com', '05214218934'),
(47, 'Gloria', 'Herrera', 1, 'Gloria.Herrera@gmail.com', '05674560974'),
(48, 'Josue', 'Calhoun', 0, 'Josue.Calhoun@gmail.com', '05544664044'),
(49, 'Ernesto', 'Ellis', 0, 'Ernesto.Ellis@gmail.com', '05985628709'),
(50, 'Yosef', 'Cisneros', 0, 'Yosef.Cisneros@gmail.com', '05070890681'),
(51, 'Isla', 'Mason', 1, 'Isla.Mason@gmail.com', '05329787079'),
(52, 'Rudy', 'Torres', 0, 'Rudy.Torres@gmail.com', '05773898254'),
(53, 'Kate', 'Meyers', 1, 'Kate.Meyers@gmail.com', '05419007232'),
(54, 'Malakai', 'Zhang', 0, 'Malakai.Zhang@gmail.com', '05427406858'),
(55, 'Mira', 'Rubio', 1, 'Mira.Rubio@gmail.com', '05142372571'),
(56, 'Deandre', 'Weber', 0, 'Deandre.Weber@gmail.com', '05505309568'),
(57, 'Malachi', 'Green', 0, 'Malachi.Green@gmail.com', '05434535667'),
(58, 'Elisa', 'Doyle', 1, 'Elisa.Doyle@gmail.com', '05972468010'),
(59, 'Ariel', 'Nash', 1, 'Ariel.Nash@gmail.com', '05456534505'),
(60, 'Emmanuel', 'Bennett', 0, 'Emmanuel.Bennett@gmail.com', '05523546115'),
(61, 'Nancy', 'Choi', 1, 'Nancy.Choi@gmail.com', '05623822849'),
(62, 'Kaylen', 'Roberts', 1, 'Kaylen.Roberts@gmail.com', '05071879523'),
(63, 'Dylan', 'Medina', 0, 'Dylan.Medina@gmail.com', '05601808815'),
(64, 'Lucian', 'Potter', 0, 'Lucian.Potter@gmail.com', '05403289884'),
(65, 'Ronin', 'Dodson', 0, 'Ronin.Dodson@gmail.com', '05930516766'),
(66, 'Anabelle', 'Rice', 1, 'Anabelle.Rice@gmail.com', '05938457555'),
(67, 'Kasey', 'Madden', 0, 'Kasey.Madden@gmail.com', '05149696607'),
(68, 'Luca', 'Wagner', 0, 'Luca.Wagner@gmail.com', '05038706298'),
(69, 'Kali', 'Holt', 1, 'Kali.Holt@gmail.com', '05456632541'),
(70, 'Valentino', 'Simon', 0, 'Valentino.Simon@gmail.com', '05122090804'),
(71, 'Penelope', 'Hampton', 1, 'Penelope.Hampton@gmail.com', '05084548310'),
(72, 'Jacqueline', 'Herman', 1, 'Jacqueline.Herman@gmail.com', '05163439703'),
(73, 'Tamia', 'Fleming', 1, 'Tamia.Fleming@gmail.com', '05210042193'),
(74, 'Garrett', 'Cameron', 0, 'Garrett.Cameron@gmail.com', '05121179131'),
(75, 'Clara', 'York', 1, 'Clara.York@gmail.com', '05295825895'),
(76, 'Mercedes', 'Love', 1, 'Mercedes.Love@gmail.com', '05081952941'),
(77, 'Tanya', 'Lane', 1, 'Tanya.Lane@gmail.com', '05752246703'),
(78, 'Jaylene', 'Sanford', 1, 'Jaylene.Sanford@gmail.com', '05466264385'),
(79, 'Ruben', 'Cline', 0, 'Ruben.Cline@gmail.com', '05861018011'),
(80, 'Ismael', 'Brock', 0, 'Ismael.Brock@gmail.com', '05252542839'),
(81, 'Justus', 'Dean', 0, 'Justus.Dean@gmail.com', '05777783125'),
(82, 'Hayden', 'Thornton', 1, 'Hayden.Thornton@gmail.com', '05007096973'),
(83, 'Amari', 'Norton', 0, 'Amari.Norton@gmail.com', '05701380812'),
(84, 'Keegan', 'Vaughn', 0, 'Keegan.Vaughn@gmail.com', '05278981487'),
(85, 'Phillip', 'Wilkerson', 0, 'Phillip.Wilkerson@gmail.com', '05997425911'),
(86, 'Slade', 'Kelley', 0, 'Slade.Kelley@gmail.com', '05026934009'),
(87, 'Lizeth', 'Ferguson', 1, 'Lizeth.Ferguson@gmail.com', '05870820270'),
(88, 'Macy', 'Lawrence', 1, 'Macy.Lawrence@gmail.com', '05520965291'),
(89, 'Roderick', 'Woodward', 0, 'Roderick.Woodward@gmail.com', '05751804533'),
(90, 'Savannah', 'Duarte', 1, 'Savannah.Duarte@gmail.com', '05300890603'),
(91, 'Hector', 'Turner', 0, 'Hector.Turner@gmail.com', '05698751130'),
(92, 'Tristen', 'Foley', 0, 'Tristen.Foley@gmail.com', '05184215410'),
(93, 'Dayana', 'Craig', 1, 'Dayana.Craig@gmail.com', '05476953266'),
(94, 'Marcus', 'Mullins', 0, 'Marcus.Mullins@gmail.com', '05502285531'),
(95, 'Gerardo', 'Rodgers', 0, 'Gerardo.Rodgers@gmail.com', '05763411014'),
(96, 'Zane', 'Buck', 0, 'Zane.Buck@gmail.com', '05598865344'),
(97, 'Leia', 'Sellers', 1, 'Leia.Sellers@gmail.com', '05812104555'),
(98, 'Rhett', 'Mckay', 0, 'Rhett.Mckay@gmail.com', '05704062752'),
(99, 'Douglas', 'Harmon', 0, 'Douglas.Harmon@gmail.com', '05155290062'),
(100, 'Laci', 'Mcdowell', 1, 'Laci.Mcdowell@gmail.com', '05375547444'),
(101, 'Max', 'Swanson', 0, 'Max.Swanson@gmail.com', '05754785513'),
(102, 'Makayla', 'Blair', 1, 'Makayla.Blair@gmail.com', '05887611964'),
(103, 'Brayan', 'Liu', 0, 'Brayan.Liu@gmail.com', '05611717272'),
(104, 'Salvador', 'Benton', 0, 'Salvador.Benton@gmail.com', '05218333111'),
(105, 'Mila', 'Alvarez', 1, 'Mila.Alvarez@gmail.com', '05428821342'),
(106, 'Trevon', 'Molina', 0, 'Trevon.Molina@gmail.com', '05794330987'),
(107, 'Tripp', 'Hays', 0, 'Tripp.Hays@gmail.com', '05642010395'),
(108, 'Reynaldo', 'Nelson', 0, 'Reynaldo.Nelson@gmail.com', '05899675979'),
(109, 'Daniella', 'Strickland', 1, 'Daniella.Strickland@gmail.com', '05941450031'),
(110, 'Taylor', 'King', 1, 'Taylor.King@gmail.com', '05065342418'),
(111, 'Marcos', 'Davis', 0, 'Marcos.Davis@gmail.com', '05706756665'),
(112, 'Jerimiah', 'Thompson', 0, 'Jerimiah.Thompson@gmail.com', '05018522645'),
(113, 'Maren', 'Livingston', 1, 'Maren.Livingston@gmail.com', '05048936964'),
(114, 'Casey', 'Paul', 0, 'Casey.Paul@gmail.com', '05734514570'),
(115, 'Xavier', 'Goodman', 0, 'Xavier.Goodman@gmail.com', '05563141832'),
(116, 'Ali', 'Stanley', 0, 'Ali.Stanley@gmail.com', '05474171337'),
(117, 'Jasper', 'Chase', 0, 'Jasper.Chase@gmail.com', '05833285074'),
(118, 'Christine', 'Armstrong', 1, 'Christine.Armstrong@gmail.com', '05063590216'),
(119, 'Lindsay', 'Beard', 1, 'Lindsay.Beard@gmail.com', '05063836959'),
(120, 'Azul', 'Gordon', 1, 'Azul.Gordon@gmail.com', '05275552140'),
(121, 'Aracely', 'Gillespie', 1, 'Aracely.Gillespie@gmail.com', '05787271699'),
(122, 'Salvatore', 'Bradley', 0, 'Salvatore.Bradley@gmail.com', '05902025725'),
(123, 'Shelby', 'Kirk', 1, 'Shelby.Kirk@gmail.com', '05578081957'),
(124, 'Mohammad', 'Garcia', 0, 'Mohammad.Garcia@gmail.com', '05918699335'),
(125, 'Reagan', 'Cantrell', 1, 'Reagan.Cantrell@gmail.com', '05840650575'),
(126, 'Julian', 'Morton', 0, 'Julian.Morton@gmail.com', '05986602145'),
(127, 'Makenzie', 'Gaines', 1, 'Makenzie.Gaines@gmail.com', '05712842939'),
(128, 'Cohen', 'Haney', 0, 'Cohen.Haney@gmail.com', '05605886280'),
(129, 'Jazlynn', 'Lopez', 1, 'Jazlynn.Lopez@gmail.com', '05636072448'),
(130, 'Hailie', 'Bender', 1, 'Hailie.Bender@gmail.com', '05066050747'),
(131, 'Austin', 'Norman', 0, 'Austin.Norman@gmail.com', '05789376137'),
(132, 'Emily', 'Dougherty', 1, 'Emily.Dougherty@gmail.com', '05301471759'),
(133, 'Luciano', 'Robertson', 0, 'Luciano.Robertson@gmail.com', '05489170246'),
(134, 'Royce', 'Abbott', 0, 'Royce.Abbott@gmail.com', '05929033867'),
(135, 'Myla', 'Adkins', 1, 'Myla.Adkins@gmail.com', '05034738954'),
(136, 'Manuel', 'Farmer', 0, 'Manuel.Farmer@gmail.com', '05740269130'),
(137, 'Russell', 'Simmons', 0, 'Russell.Simmons@gmail.com', '05383453661'),
(138, 'Jax', 'Potts', 0, 'Jax.Potts@gmail.com', '05394474620'),
(139, 'Keaton', 'Newman', 0, 'Keaton.Newman@gmail.com', '05201894483'),
(140, 'Killian', 'Valencia', 0, 'Killian.Valencia@gmail.com', '05408578788'),
(141, 'Cristian', 'Ibarra', 0, 'Cristian.Ibarra@gmail.com', '05435119530'),
(142, 'Ariella', 'Pierce', 1, 'Ariella.Pierce@gmail.com', '05274853913'),
(143, 'Amira', 'Owens', 1, 'Amira.Owens@gmail.com', '05286632357'),
(144, 'Siena', 'Rogers', 1, 'Siena.Rogers@gmail.com', '05759537226'),
(145, 'Jaelynn', 'Roy', 1, 'Jaelynn.Roy@gmail.com', '05417572071'),
(146, 'Jaelyn', 'Murray', 1, 'Jaelyn.Murray@gmail.com', '05901191892'),
(147, 'Julio', 'Hudson', 0, 'Julio.Hudson@gmail.com', '05893673548'),
(148, 'Devon', 'Walker', 0, 'Devon.Walker@gmail.com', '05825041780'),
(149, 'Edith', 'Mcdonald', 1, 'Edith.Mcdonald@gmail.com', '05814043677'),
(150, 'Madelynn', 'Acosta', 1, 'Madelynn.Acosta@gmail.com', '05584942664'),
(151, 'Heaven', 'Moore', 1, 'Heaven.Moore@gmail.com', '05729166938'),
(152, 'Oliver', 'Ayala', 0, 'Oliver.Ayala@gmail.com', '05015956060'),
(153, 'Myles', 'Oneill', 0, 'Myles.Oneill@gmail.com', '05333655333'),
(154, 'Rose', 'Lyons', 1, 'Rose.Lyons@gmail.com', '05488708400'),
(155, 'Callie', 'Marks', 1, 'Callie.Marks@gmail.com', '05336879009'),
(156, 'Selena', 'Beck', 1, 'Selena.Beck@gmail.com', '05776379661'),
(157, 'Charlie', 'Costa', 1, 'Charlie.Costa@gmail.com', '05830372992'),
(158, 'Erick', 'Clements', 0, 'Erick.Clements@gmail.com', '05748940808'),
(159, 'Francis', 'Villa', 0, 'Francis.Villa@gmail.com', '05549955712'),
(160, 'Eugene', 'Braun', 0, 'Eugene.Braun@gmail.com', '05513927998'),
(161, 'Shyanne', 'Hardin', 1, 'Shyanne.Hardin@gmail.com', '05396244517'),
(162, 'Naomi', 'Tapia', 1, 'Naomi.Tapia@gmail.com', '05964303095'),
(163, 'Ally', 'Herring', 1, 'Ally.Herring@gmail.com', '05823782760'),
(164, 'Celeste', 'Olson', 1, 'Celeste.Olson@gmail.com', '05008730867'),
(165, 'Paige', 'Gonzales', 1, 'Paige.Gonzales@gmail.com', '05567741304'),
(166, 'Janiyah', 'Whitehead', 1, 'Janiyah.Whitehead@gmail.com', '05997820076'),
(167, 'Kadin', 'Cooley', 0, 'Kadin.Cooley@gmail.com', '05672929554'),
(168, 'Howard', 'Washington', 0, 'Howard.Washington@gmail.com', '05335928432'),
(169, 'Leo', 'Orr', 0, 'Leo.Orr@gmail.com', '05376019066'),
(170, 'Rodney', 'Zamora', 0, 'Rodney.Zamora@gmail.com', '05483955383'),
(171, 'Mary', 'Mcpherson', 1, 'Mary.Mcpherson@gmail.com', '05984265146'),
(172, 'Shane', 'Spence', 0, 'Shane.Spence@gmail.com', '05680861332'),
(173, 'Savanna', 'Preston', 1, 'Savanna.Preston@gmail.com', '05666290906'),
(174, 'Kael', 'Quinn', 0, 'Kael.Quinn@gmail.com', '05056828018'),
(175, 'Ricky', 'French', 0, 'Ricky.French@gmail.com', '05646762148'),
(176, 'Dean', 'Raymond', 0, 'Dean.Raymond@gmail.com', '05726117914'),
(177, 'Adelyn', 'Higgins', 1, 'Adelyn.Higgins@gmail.com', '05185511966'),
(178, 'Reece', 'Sexton', 0, 'Reece.Sexton@gmail.com', '05924753439'),
(179, 'Oscar', 'Heath', 0, 'Oscar.Heath@gmail.com', '05343460284'),
(180, 'Jaylyn', 'Rose', 1, 'Jaylyn.Rose@gmail.com', '05882432692'),
(181, 'Bernard', 'Vasquez', 0, 'Bernard.Vasquez@gmail.com', '05193505805'),
(182, 'Gabriella', 'Barry', 1, 'Gabriella.Barry@gmail.com', '05665840367'),
(183, 'Sanai', 'Underwood', 1, 'Sanai.Underwood@gmail.com', '05020544482'),
(184, 'Sonia', 'Golden', 1, 'Sonia.Golden@gmail.com', '05740166054'),
(185, 'David', 'Hayden', 0, 'David.Hayden@gmail.com', '05873586687'),
(186, 'Marc', 'Neal', 0, 'Marc.Neal@gmail.com', '05584398388'),
(187, 'Kenna', 'Barker', 1, 'Kenna.Barker@gmail.com', '05705346498'),
(188, 'Keira', 'Wyatt', 1, 'Keira.Wyatt@gmail.com', '05783735745'),
(189, 'Lucia', 'Moss', 1, 'Lucia.Moss@gmail.com', '05481185763'),
(190, 'Jayson', 'Branch', 0, 'Jayson.Branch@gmail.com', '05497295426'),
(191, 'Cassius', 'Galvan', 0, 'Cassius.Galvan@gmail.com', '05922370453'),
(192, 'Isabella', 'Peters', 1, 'Isabella.Peters@gmail.com', '05238309376'),
(193, 'Theresa', 'Williams', 1, 'Theresa.Williams@gmail.com', '05265344430'),
(194, 'Vance', 'Christian', 0, 'Vance.Christian@gmail.com', '05568614575'),
(195, 'Angeline', 'Peck', 1, 'Angeline.Peck@gmail.com', '05575421216'),
(196, 'Oswaldo', 'Glass', 0, 'Oswaldo.Glass@gmail.com', '05770327221'),
(197, 'Yuliana', 'Goodwin', 1, 'Yuliana.Goodwin@gmail.com', '05450694655'),
(198, 'Haylee', 'Henderson', 1, 'Haylee.Henderson@gmail.com', '05016242565'),
(199, 'Angelica', 'Salas', 1, 'Angelica.Salas@gmail.com', '05854799641'),
(200, 'Rowan', 'Dixon', 0, 'Rowan.Dixon@gmail.com', '05070667092'),
(201, 'Shea', 'Chung', 1, 'Shea.Chung@gmail.com', '05091734808'),
(202, 'Jovanny', 'Johnston', 0, 'Jovanny.Johnston@gmail.com', '05145593256'),
(203, 'Zoey', 'Oconnell', 1, 'Zoey.Oconnell@gmail.com', '05608561277'),
(204, 'Natalie', 'Davenport', 1, 'Natalie.Davenport@gmail.com', '05079593771'),
(205, 'Hana', 'Michael', 1, 'Hana.Michael@gmail.com', '05945806505'),
(206, 'Cullen', 'Mayer', 0, 'Cullen.Mayer@gmail.com', '05466941175'),
(207, 'Priscilla', 'Santiago', 1, 'Priscilla.Santiago@gmail.com', '05862250591'),
(208, 'Anabel', 'Cooper', 1, 'Anabel.Cooper@gmail.com', '05980081260'),
(209, 'Jaydan', 'Crosby', 0, 'Jaydan.Crosby@gmail.com', '05325919593'),
(210, 'Winston', 'Lutz', 0, 'Winston.Lutz@gmail.com', '05239575815'),
(211, 'Reid', 'Vazquez', 0, 'Reid.Vazquez@gmail.com', '05201120511'),
(212, 'Aditya', 'Drake', 0, 'Aditya.Drake@gmail.com', '05628787902'),
(213, 'Adalyn', 'Walls', 1, 'Adalyn.Walls@gmail.com', '05865860511'),
(214, 'Addisyn', 'Rivas', 1, 'Addisyn.Rivas@gmail.com', '05642051843'),
(215, 'Jazlene', 'Espinoza', 1, 'Jazlene.Espinoza@gmail.com', '05955897326'),
(216, 'Uriah', 'Stokes', 0, 'Uriah.Stokes@gmail.com', '05676916531'),
(217, 'Roy', 'Fisher', 0, 'Roy.Fisher@gmail.com', '05437708919'),
(218, 'Aubrey', 'Montoya', 1, 'Aubrey.Montoya@gmail.com', '05241003839'),
(219, 'Raelynn', 'Rowland', 1, 'Raelynn.Rowland@gmail.com', '05123531791'),
(220, 'Karson', 'Bass', 0, 'Karson.Bass@gmail.com', '05278678878'),
(221, 'Carson', 'Ruiz', 0, 'Carson.Ruiz@gmail.com', '05264345647'),
(222, 'Henry', 'Salinas', 0, 'Henry.Salinas@gmail.com', '05232436776'),
(223, 'Isabell', 'Charles', 1, 'Isabell.Charles@gmail.com', '05072993871'),
(224, 'Iris', 'Cox', 1, 'Iris.Cox@gmail.com', '05098549476'),
(225, 'Kai', 'Farrell', 0, 'Kai.Farrell@gmail.com', '05023061015'),
(226, 'Markus', 'Mcintosh', 0, 'Markus.Mcintosh@gmail.com', '05861453051'),
(227, 'Angelo', 'Baldwin', 0, 'Angelo.Baldwin@gmail.com', '05199584464'),
(228, 'Bradley', 'Shannon', 0, 'Bradley.Shannon@gmail.com', '05387314875'),
(229, 'Kathy', 'Lang', 1, 'Kathy.Lang@gmail.com', '05300428782'),
(230, 'Maurice', 'Gibbs', 0, 'Maurice.Gibbs@gmail.com', '05871784349'),
(231, 'Justin', 'Hanson', 0, 'Justin.Hanson@gmail.com', '05128594505'),
(232, 'Kaitlyn', 'Bond', 1, 'Kaitlyn.Bond@gmail.com', '05278347442'),
(233, 'Izaiah', 'Dudley', 0, 'Izaiah.Dudley@gmail.com', '05810091309'),
(234, 'River', 'Waters', 0, 'River.Waters@gmail.com', '05333370343'),
(235, 'Cole', 'Mann', 0, 'Cole.Mann@gmail.com', '05689766993'),
(236, 'Veronica', 'Terry', 1, 'Veronica.Terry@gmail.com', '05507489526'),
(237, 'Franklin', 'Giles', 0, 'Franklin.Giles@gmail.com', '05396788872'),
(238, 'Giada', 'Berg', 1, 'Giada.Berg@gmail.com', '05443223327'),
(239, 'Tucker', 'Key', 0, 'Tucker.Key@gmail.com', '05157980019'),
(240, 'Brian', 'Mooney', 0, 'Brian.Mooney@gmail.com', '05011404573'),
(241, 'Dominique', 'Flynn', 1, 'Dominique.Flynn@gmail.com', '05584007990'),
(242, 'Anderson', 'Glenn', 0, 'Anderson.Glenn@gmail.com', '05617895402'),
(243, 'Brodie', 'Conrad', 0, 'Brodie.Conrad@gmail.com', '05091080657'),
(244, 'Mathew', 'Nielsen', 0, 'Mathew.Nielsen@gmail.com', '05825754918'),
(245, 'Ignacio', 'Wong', 0, 'Ignacio.Wong@gmail.com', '05369064823'),
(246, 'Leslie', 'Dyer', 1, 'Leslie.Dyer@gmail.com', '05176843655'),
(247, 'Kyra', 'Kaiser', 1, 'Kyra.Kaiser@gmail.com', '05078197132'),
(248, 'Marlon', 'Vargas', 0, 'Marlon.Vargas@gmail.com', '05424189018'),
(249, 'Cedric', 'Cowan', 0, 'Cedric.Cowan@gmail.com', '05136156380'),
(250, 'Kathleen', 'Savage', 1, 'Kathleen.Savage@gmail.com', '05645049517'),
(251, 'Brielle', 'Frey', 1, 'Brielle.Frey@gmail.com', '05049052995'),
(252, 'Brylee', 'Cannon', 1, 'Brylee.Cannon@gmail.com', '05069444978'),
(253, 'Stephen', 'Navarro', 0, 'Stephen.Navarro@gmail.com', '05605125933'),
(254, 'Alma', 'Zavala', 1, 'Alma.Zavala@gmail.com', '05004913609'),
(255, 'Layton', 'Carr', 0, 'Layton.Carr@gmail.com', '05799184701'),
(256, 'Braden', 'Hall', 0, 'Braden.Hall@gmail.com', '05804332878'),
(257, 'Coleman', 'Knapp', 0, 'Coleman.Knapp@gmail.com', '05713563374'),
(258, 'Danica', 'Mahoney', 1, 'Danica.Mahoney@gmail.com', '05789216303'),
(259, 'Kyan', 'Donaldson', 0, 'Kyan.Donaldson@gmail.com', '05731840569'),
(260, 'Mariyah', 'Krueger', 1, 'Mariyah.Krueger@gmail.com', '05823702269'),
(261, 'Kallie', 'Bates', 1, 'Kallie.Bates@gmail.com', '05508594957'),
(262, 'Julianna', 'Frank', 1, 'Julianna.Frank@gmail.com', '05067666965'),
(263, 'Rosa', 'Ayers', 1, 'Rosa.Ayers@gmail.com', '05391085713'),
(264, 'Izabella', 'Caldwell', 1, 'Izabella.Caldwell@gmail.com', '05180009090'),
(265, 'Maxim', 'Flowers', 0, 'Maxim.Flowers@gmail.com', '05110171928'),
(266, 'Miracle', 'Holland', 1, 'Miracle.Holland@gmail.com', '05951174929'),
(267, 'Peyton', 'Li', 0, 'Peyton.Li@gmail.com', '05645828639'),
(268, 'Mollie', 'Butler', 1, 'Mollie.Butler@gmail.com', '05042995127'),
(269, 'Lorenzo', 'Benjamin', 0, 'Lorenzo.Benjamin@gmail.com', '05013946261'),
(270, 'Alexis', 'Kennedy', 1, 'Alexis.Kennedy@gmail.com', '05612440055'),
(271, 'Camron', 'Huff', 0, 'Camron.Huff@gmail.com', '05483622252'),
(272, 'Roberto', 'Solomon', 0, 'Roberto.Solomon@gmail.com', '05707291787'),
(273, 'Denise', 'Brandt', 1, 'Denise.Brandt@gmail.com', '05585189413'),
(274, 'Ronnie', 'Carroll', 0, 'Ronnie.Carroll@gmail.com', '05689129656'),
(275, 'Aryan', 'Owen', 0, 'Aryan.Owen@gmail.com', '05832593473'),
(276, 'Kailyn', 'Nixon', 1, 'Kailyn.Nixon@gmail.com', '05195744081'),
(277, 'Jairo', 'Wolfe', 0, 'Jairo.Wolfe@gmail.com', '05362341680'),
(278, 'Tyrone', 'Dunlap', 0, 'Tyrone.Dunlap@gmail.com', '05799409980'),
(279, 'Alissa', 'Carpenter', 1, 'Alissa.Carpenter@gmail.com', '05106554262'),
(280, 'Bruce', 'Wilkins', 0, 'Bruce.Wilkins@gmail.com', '05321441894'),
(281, 'Ali', 'David', 1, 'Ali.David@gmail.com', '05355670054'),
(282, 'Aarav', 'Alvarado', 0, 'Aarav.Alvarado@gmail.com', '05282395994'),
(283, 'Savion', 'Andrews', 0, 'Savion.Andrews@gmail.com', '05396473987'),
(284, 'Pierre', 'Ball', 0, 'Pierre.Ball@gmail.com', '05788219621'),
(285, 'Marshall', 'Allen', 0, 'Marshall.Allen@gmail.com', '05957603933'),
(286, 'Cadence', 'Fritz', 1, 'Cadence.Fritz@gmail.com', '05314295123'),
(287, 'Micaela', 'Tucker', 1, 'Micaela.Tucker@gmail.com', '05668579859'),
(288, 'Maddox', 'Adams', 0, 'Maddox.Adams@gmail.com', '05255372142'),
(289, 'Osvaldo', 'Valentine', 0, 'Osvaldo.Valentine@gmail.com', '05268004841'),
(290, 'Shyann', 'Chang', 1, 'Shyann.Chang@gmail.com', '05405229626'),
(291, 'Delilah', 'Wells', 1, 'Delilah.Wells@gmail.com', '05229901930'),
(292, 'Bailey', 'Pena', 0, 'Bailey.Pena@gmail.com', '05679492256'),
(293, 'Izayah', 'Leon', 0, 'Izayah.Leon@gmail.com', '05390868493'),
(294, 'Lamar', 'Walsh', 0, 'Lamar.Walsh@gmail.com', '05903119621'),
(295, 'Aniyah', 'Mcmillan', 1, 'Aniyah.Mcmillan@gmail.com', '05109127842'),
(296, 'Jadyn', 'Holder', 1, 'Jadyn.Holder@gmail.com', '05334638523'),
(297, 'Damari', 'Ballard', 0, 'Damari.Ballard@gmail.com', '05949559886'),
(298, 'Zackary', 'Kirby', 0, 'Zackary.Kirby@gmail.com', '05767094039'),
(299, 'Madison', 'George', 1, 'Madison.George@gmail.com', '05080795199'),
(300, 'Jerry', 'Travis', 0, 'Jerry.Travis@gmail.com', '05922595178'),
(301, 'Travis', 'Massey', 0, 'Travis.Massey@gmail.com', '05904902497'),
(302, 'Liliana', 'Vang', 1, 'Liliana.Vang@gmail.com', '05634456658'),
(303, 'Hailee', 'Castro', 1, 'Hailee.Castro@gmail.com', '05002578495'),
(304, 'Sidney', 'Wise', 0, 'Sidney.Wise@gmail.com', '05297177970'),
(305, 'Dominik', 'Guerrero', 0, 'Dominik.Guerrero@gmail.com', '05365393174'),
(306, 'Connor', 'Ortega', 0, 'Connor.Ortega@gmail.com', '05524775939'),
(307, 'Keyon', 'Curry', 0, 'Keyon.Curry@gmail.com', '05150318457'),
(308, 'Jamie', 'May', 1, 'Jamie.May@gmail.com', '05294919702'),
(309, 'Sebastian', 'Fitzgerald', 0, 'Sebastian.Fitzgerald@gmail.com', '05867308106'),
(310, 'Brooks', 'Lewis', 0, 'Brooks.Lewis@gmail.com', '05509285165'),
(311, 'Claire', 'Lowe', 1, 'Claire.Lowe@gmail.com', '05204023093'),
(312, 'Cash', 'Cantu', 0, 'Cash.Cantu@gmail.com', '05347819178'),
(313, 'Taniyah', 'Forbes', 1, 'Taniyah.Forbes@gmail.com', '05642962129'),
(314, 'Nicolas', 'Mccall', 0, 'Nicolas.Mccall@gmail.com', '05611444225'),
(315, 'Jazmine', 'Burgess', 1, 'Jazmine.Burgess@gmail.com', '05456031118'),
(316, 'Kyleigh', 'Price', 1, 'Kyleigh.Price@gmail.com', '05292800123'),
(317, 'Cloe', 'Bray', 1, 'Cloe.Bray@gmail.com', '05790569330'),
(318, 'Davis', 'Nunez', 0, 'Davis.Nunez@gmail.com', '05515945666'),
(319, 'Semaj', 'Murphy', 0, 'Semaj.Murphy@gmail.com', '05185861505'),
(320, 'Riley', 'Suarez', 0, 'Riley.Suarez@gmail.com', '05696188250'),
(321, 'Turner', 'Weiss', 0, 'Turner.Weiss@gmail.com', '05925942914'),
(322, 'Journey', 'Perkins', 1, 'Journey.Perkins@gmail.com', '05135142009'),
(323, 'Rohan', 'Leach', 0, 'Rohan.Leach@gmail.com', '05834130641'),
(324, 'Camryn', 'Montes', 0, 'Camryn.Montes@gmail.com', '05022130897'),
(325, 'Santos', 'Warren', 0, 'Santos.Warren@gmail.com', '05754696431'),
(326, 'Reese', 'Palmer', 1, 'Reese.Palmer@gmail.com', '05559660099'),
(327, 'Frank', 'Archer', 0, 'Frank.Archer@gmail.com', '05716482421'),
(328, 'Darion', 'Pittman', 0, 'Darion.Pittman@gmail.com', '05586736834'),
(329, 'Jaylynn', 'Bonilla', 1, 'Jaylynn.Bonilla@gmail.com', '05806314947'),
(330, 'Keyla', 'Lucero', 1, 'Keyla.Lucero@gmail.com', '05164748484'),
(331, 'Haven', 'Greene', 1, 'Haven.Greene@gmail.com', '05360521956'),
(332, 'Jeffrey', 'Rangel', 0, 'Jeffrey.Rangel@gmail.com', '05277440190'),
(333, 'Billy', 'Poole', 0, 'Billy.Poole@gmail.com', '05256246321'),
(334, 'Brennen', 'Tran', 0, 'Brennen.Tran@gmail.com', '05818142514'),
(335, 'Brooklynn', 'Prince', 1, 'Brooklynn.Prince@gmail.com', '05966410817'),
(336, 'Chaim', 'Solis', 0, 'Chaim.Solis@gmail.com', '05398921948'),
(337, 'Cody', 'Mcmahon', 0, 'Cody.Mcmahon@gmail.com', '05988722716'),
(338, 'Isaias', 'Mosley', 0, 'Isaias.Mosley@gmail.com', '05324717139'),
(339, 'Case', 'Mccarty', 0, 'Case.Mccarty@gmail.com', '05284831650'),
(340, 'Roselyn', 'Bowman', 1, 'Roselyn.Bowman@gmail.com', '05113400994'),
(341, 'Nicholas', 'Kaufman', 0, 'Nicholas.Kaufman@gmail.com', '05144327669'),
(342, 'Reagan', 'Lee', 0, 'Reagan.Lee@gmail.com', '05441786744'),
(343, 'Johnathan', 'Lindsey', 0, 'Johnathan.Lindsey@gmail.com', '05898411013'),
(344, 'Janiah', 'Howell', 1, 'Janiah.Howell@gmail.com', '05231258033'),
(345, 'Troy', 'Moreno', 0, 'Troy.Moreno@gmail.com', '05157843217'),
(346, 'Eduardo', 'Peterson', 0, 'Eduardo.Peterson@gmail.com', '05527284055'),
(347, 'Ulises', 'Trujillo', 0, 'Ulises.Trujillo@gmail.com', '05859719899'),
(348, 'Luka', 'Stewart', 0, 'Luka.Stewart@gmail.com', '05362934634'),
(349, 'Joel', 'Kelly', 0, 'Joel.Kelly@gmail.com', '05248102266'),
(350, 'Rodrigo', 'Horn', 0, 'Rodrigo.Horn@gmail.com', '05744751423'),
(351, 'Trinity', 'Miranda', 1, 'Trinity.Miranda@gmail.com', '05798207412'),
(352, 'Raphael', 'Fowler', 0, 'Raphael.Fowler@gmail.com', '05292811986'),
(353, 'Junior', 'Wright', 0, 'Junior.Wright@gmail.com', '05631544364'),
(354, 'Preston', 'Marsh', 0, 'Preston.Marsh@gmail.com', '05989099271'),
(355, 'Catherine', 'Ryan', 1, 'Catherine.Ryan@gmail.com', '05606668179'),
(356, 'Asher', 'Fuentes', 0, 'Asher.Fuentes@gmail.com', '05213609662'),
(357, 'Milo', 'Pollard', 0, 'Milo.Pollard@gmail.com', '05604680911'),
(358, 'Summer', 'Powers', 1, 'Summer.Powers@gmail.com', '05133831765'),
(359, 'Addyson', 'Hanna', 1, 'Addyson.Hanna@gmail.com', '05356129059'),
(360, 'Zain', 'Cabrera', 0, 'Zain.Cabrera@gmail.com', '05208744191'),
(361, 'Noelle', 'Gonzalez', 1, 'Noelle.Gonzalez@gmail.com', '05598965565'),
(362, 'Tomas', 'Andrade', 0, 'Tomas.Andrade@gmail.com', '05887331078'),
(363, 'Shaylee', 'Reese', 1, 'Shaylee.Reese@gmail.com', '05007083660'),
(364, 'Gina', 'Krause', 1, 'Gina.Krause@gmail.com', '05360220970'),
(365, 'Vanessa', 'Terrell', 1, 'Vanessa.Terrell@gmail.com', '05499365643'),
(366, 'Kendall', 'Erickson', 0, 'Kendall.Erickson@gmail.com', '05518735261'),
(367, 'Finn', 'Frazier', 0, 'Finn.Frazier@gmail.com', '05823759839'),
(368, 'Sophie', 'Richardson', 1, 'Sophie.Richardson@gmail.com', '05423902674'),
(369, 'Ann', 'Mejia', 1, 'Ann.Mejia@gmail.com', '05999736753'),
(370, 'Damon', 'Stevens', 0, 'Damon.Stevens@gmail.com', '05646907250'),
(371, 'Heidy', 'Bryant', 1, 'Heidy.Bryant@gmail.com', '05443621389'),
(372, 'Simeon', 'Whitney', 0, 'Simeon.Whitney@gmail.com', '05644915019'),
(373, 'Gordon', 'Gardner', 0, 'Gordon.Gardner@gmail.com', '05690643841'),
(374, 'Dashawn', 'Taylor', 0, 'Dashawn.Taylor@gmail.com', '05096092873'),
(375, 'Owen', 'Rivera', 0, 'Owen.Rivera@gmail.com', '05432134769'),
(376, 'Nikhil', 'Gallegos', 0, 'Nikhil.Gallegos@gmail.com', '05482935327'),
(377, 'Karlee', 'Valenzuela', 1, 'Karlee.Valenzuela@gmail.com', '05139332668'),
(378, 'Tara', 'Harrington', 1, 'Tara.Harrington@gmail.com', '05057154399'),
(379, 'Felix', 'Mora', 0, 'Felix.Mora@gmail.com', '05348547933'),
(380, 'Landen', 'Patrick', 0, 'Landen.Patrick@gmail.com', '05358464728'),
(381, 'Makai', 'Wu', 0, 'Makai.Wu@gmail.com', '05838421491'),
(382, 'Kellen', 'Larson', 0, 'Kellen.Larson@gmail.com', '05851829751'),
(383, 'Kash', 'Barr', 0, 'Kash.Barr@gmail.com', '05570238928'),
(384, 'Lillie', 'Townsend', 1, 'Lillie.Townsend@gmail.com', '05289056901'),
(385, 'Santino', 'Chambers', 0, 'Santino.Chambers@gmail.com', '05797831361'),
(386, 'John', 'Bridges', 0, 'John.Bridges@gmail.com', '05210680568'),
(387, 'Jayleen', 'Carrillo', 1, 'Jayleen.Carrillo@gmail.com', '05295217240'),
(388, 'Damien', 'Barnes', 0, 'Damien.Barnes@gmail.com', '05856207403'),
(389, 'Mia', 'Calderon', 1, 'Mia.Calderon@gmail.com', '05005229403'),
(390, 'Dakota', 'Knox', 0, 'Dakota.Knox@gmail.com', '05685376789'),
(391, 'Hazel', 'Finley', 1, 'Hazel.Finley@gmail.com', '05093597772'),
(392, 'Sterling', 'Villarreal', 0, 'Sterling.Villarreal@gmail.com', '05698698338'),
(393, 'Pablo', 'Mccoy', 0, 'Pablo.Mccoy@gmail.com', '05020099662'),
(394, 'Leyla', 'Pearson', 1, 'Leyla.Pearson@gmail.com', '05300531019'),
(395, 'Abigail', 'Callahan', 1, 'Abigail.Callahan@gmail.com', '05625028601'),
(396, 'Seamus', 'Ford', 0, 'Seamus.Ford@gmail.com', '05528872793'),
(397, 'Devin', 'Mckinney', 0, 'Devin.Mckinney@gmail.com', '05683540865'),
(398, 'Amy', 'Kramer', 1, 'Amy.Kramer@gmail.com', '05292360838'),
(399, 'Karli', 'Fuller', 1, 'Karli.Fuller@gmail.com', '05223646096'),
(400, 'Kylan', 'Long', 0, 'Kylan.Long@gmail.com', '05785174164'),
(401, 'Brent', 'Walters', 0, 'Brent.Walters@gmail.com', '05973536184'),
(402, 'Lisa', 'Mccarthy', 1, 'Lisa.Mccarthy@gmail.com', '05032429714'),
(403, 'Zaria', 'Boone', 1, 'Zaria.Boone@gmail.com', '05085613391'),
(404, 'Kaiya', 'Nguyen', 1, 'Kaiya.Nguyen@gmail.com', '05915849585'),
(405, 'Joyce', 'Jarvis', 1, 'Joyce.Jarvis@gmail.com', '05956654432'),
(406, 'Isaiah', 'Proctor', 0, 'Isaiah.Proctor@gmail.com', '05672350344'),
(407, 'Jabari', 'Wiggins', 0, 'Jabari.Wiggins@gmail.com', '05585008704'),
(408, 'Livia', 'Padilla', 1, 'Livia.Padilla@gmail.com', '05682173328'),
(409, 'Elaine', 'Benitez', 1, 'Elaine.Benitez@gmail.com', '05046503410'),
(410, 'Sariah', 'Sparks', 1, 'Sariah.Sparks@gmail.com', '05174852939'),
(411, 'Rihanna', 'Schneider', 1, 'Rihanna.Schneider@gmail.com', '05008006265'),
(412, 'Mario', 'Kidd', 0, 'Mario.Kidd@gmail.com', '05201751359'),
(413, 'Shyla', 'Ortiz', 1, 'Shyla.Ortiz@gmail.com', '05565028865'),
(414, 'Jeffery', 'Bullock', 0, 'Jeffery.Bullock@gmail.com', '05228928869'),
(415, 'Antoine', 'Lynn', 0, 'Antoine.Lynn@gmail.com', '05542422224'),
(416, 'Van', 'Estes', 0, 'Van.Estes@gmail.com', '05077806934'),
(417, 'Carissa', 'Barber', 1, 'Carissa.Barber@gmail.com', '05660490472'),
(418, 'Rebecca', 'Marquez', 1, 'Rebecca.Marquez@gmail.com', '05892025040'),
(419, 'Aylin', 'West', 1, 'Aylin.West@gmail.com', '05683882705'),
(420, 'Prince', 'Mcclain', 0, 'Prince.Mcclain@gmail.com', '05845743610'),
(421, 'Willie', 'Hooper', 0, 'Willie.Hooper@gmail.com', '05583695915'),
(422, 'Carl', 'Ramos', 0, 'Carl.Ramos@gmail.com', '05428014663'),
(423, 'Ryder', 'Chan', 0, 'Ryder.Chan@gmail.com', '05587464399'),
(424, 'Lane', 'Meza', 0, 'Lane.Meza@gmail.com', '05794447276'),
(425, 'Kenneth', 'Reilly', 0, 'Kenneth.Reilly@gmail.com', '05215728026'),
(426, 'Kasey', 'Russell', 1, 'Kasey.Russell@gmail.com', '05355303543'),
(427, 'Trevor', 'Gibson', 0, 'Trevor.Gibson@gmail.com', '05665191926'),
(428, 'Scott', 'Riley', 0, 'Scott.Riley@gmail.com', '05694503334'),
(429, 'Kira', 'Day', 1, 'Kira.Day@gmail.com', '05102467065'),
(430, 'Adison', 'Grimes', 1, 'Adison.Grimes@gmail.com', '05480360578'),
(431, 'Sheldon', 'Haley', 0, 'Sheldon.Haley@gmail.com', '05076486089'),
(432, 'Allie', 'Cherry', 1, 'Allie.Cherry@gmail.com', '05804664664'),
(433, 'Payton', 'Blake', 1, 'Payton.Blake@gmail.com', '05923808862'),
(434, 'Augustus', 'Logan', 0, 'Augustus.Logan@gmail.com', '05400007090'),
(435, 'Justice', 'Graves', 0, 'Justice.Graves@gmail.com', '05314695607'),
(436, 'Reese', 'Christensen', 0, 'Reese.Christensen@gmail.com', '05257545364'),
(437, 'Kristin', 'Bauer', 1, 'Kristin.Bauer@gmail.com', '05841856966'),
(438, 'Anika', 'Farley', 1, 'Anika.Farley@gmail.com', '05643206651'),
(439, 'Jenny', 'Greer', 1, 'Jenny.Greer@gmail.com', '05582946705'),
(440, 'Cristina', 'Brady', 1, 'Cristina.Brady@gmail.com', '05360864977'),
(441, 'Maximillian', 'Vance', 0, 'Maximillian.Vance@gmail.com', '05781332161'),
(442, 'Javon', 'Shea', 0, 'Javon.Shea@gmail.com', '05383176306'),
(443, 'Leah', 'Snow', 1, 'Leah.Snow@gmail.com', '05105549569'),
(444, 'Jamya', 'Mccann', 1, 'Jamya.Mccann@gmail.com', '05498659585'),
(445, 'Davion', 'Howard', 0, 'Davion.Howard@gmail.com', '05991629558'),
(446, 'Ari', 'Dunn', 0, 'Ari.Dunn@gmail.com', '05198547149'),
(447, 'Ayana', 'Conway', 1, 'Ayana.Conway@gmail.com', '05340859518'),
(448, 'Jorge', 'Fischer', 0, 'Jorge.Fischer@gmail.com', '05489528683'),
(449, 'Aria', 'Elliott', 1, 'Aria.Elliott@gmail.com', '05546726126'),
(450, 'Philip', 'Wilkinson', 0, 'Philip.Wilkinson@gmail.com', '05345704889'),
(451, 'Evelin', 'Mcdaniel', 1, 'Evelin.Mcdaniel@gmail.com', '05198683852'),
(452, 'Dennis', 'Hensley', 0, 'Dennis.Hensley@gmail.com', '05315117495'),
(453, 'Kasen', 'Hunter', 0, 'Kasen.Hunter@gmail.com', '05173222725'),
(454, 'Brenton', 'English', 0, 'Brenton.English@gmail.com', '05637890555'),
(455, 'Krish', 'Morales', 0, 'Krish.Morales@gmail.com', '05443284318'),
(456, 'Kierra', 'Romero', 1, 'Kierra.Romero@gmail.com', '05056943501'),
(457, 'Kade', 'Horne', 0, 'Kade.Horne@gmail.com', '05176884228'),
(458, 'Brayden', 'Clark', 0, 'Brayden.Clark@gmail.com', '05085607110'),
(459, 'Emery', 'Morse', 1, 'Emery.Morse@gmail.com', '05495540978'),
(460, 'Angel', 'Garrett', 0, 'Angel.Garrett@gmail.com', '05004036644'),
(461, 'Rodolfo', 'Sosa', 0, 'Rodolfo.Sosa@gmail.com', '05649646715'),
(462, 'Cierra', 'Todd', 1, 'Cierra.Todd@gmail.com', '05337423959'),
(463, 'Sarai', 'Melton', 1, 'Sarai.Melton@gmail.com', '05127859213'),
(464, 'Kaden', 'Pace', 0, 'Kaden.Pace@gmail.com', '05916863635'),
(465, 'Zavier', 'Garza', 0, 'Zavier.Garza@gmail.com', '05128572173'),
(466, 'Amaris', 'Ware', 1, 'Amaris.Ware@gmail.com', '05615671265'),
(467, 'Issac', 'Mccormick', 0, 'Issac.Mccormick@gmail.com', '05710837639'),
(468, 'Zaniyah', 'Haas', 1, 'Zaniyah.Haas@gmail.com', '05047281247'),
(469, 'Maddison', 'Lloyd', 1, 'Maddison.Lloyd@gmail.com', '05904504823'),
(470, 'Jimena', 'Murillo', 1, 'Jimena.Murillo@gmail.com', '05918803592'),
(471, 'Toby', 'Hayes', 0, 'Toby.Hayes@gmail.com', '05793669901'),
(472, 'Cecelia', 'Henson', 1, 'Cecelia.Henson@gmail.com', '05957303421'),
(473, 'Antony', 'Ramsey', 0, 'Antony.Ramsey@gmail.com', '05499391096'),
(474, 'Malik', 'Booker', 0, 'Malik.Booker@gmail.com', '05069400226'),
(475, 'Wayne', 'Odonnell', 0, 'Wayne.Odonnell@gmail.com', '05790476456'),
(476, 'Nyla', 'Good', 1, 'Nyla.Good@gmail.com', '05265352400'),
(477, 'Meghan', 'Roman', 1, 'Meghan.Roman@gmail.com', '05470542897'),
(478, 'Jayla', 'Jones', 1, 'Jayla.Jones@gmail.com', '05621026625'),
(479, 'Dawson', 'Sherman', 0, 'Dawson.Sherman@gmail.com', '05645730092'),
(480, 'Tianna', 'Bush', 1, 'Tianna.Bush@gmail.com', '05964739638'),
(481, 'Efrain', 'Cordova', 0, 'Efrain.Cordova@gmail.com', '05914832047'),
(482, 'Piper', 'Bryan', 1, 'Piper.Bryan@gmail.com', '05048266459'),
(483, 'Erika', 'Shaw', 1, 'Erika.Shaw@gmail.com', '05824177934'),
(484, 'Brendon', 'Joseph', 0, 'Brendon.Joseph@gmail.com', '05871280617'),
(485, 'Joy', 'Whitaker', 1, 'Joy.Whitaker@gmail.com', '05119603440'),
(486, 'Elliana', 'Floyd', 1, 'Elliana.Floyd@gmail.com', '05743248725'),
(487, 'Arielle', 'Russo', 1, 'Arielle.Russo@gmail.com', '05555806514'),
(488, 'Emilio', 'Shields', 0, 'Emilio.Shields@gmail.com', '05388992907'),
(489, 'Chance', 'Reed', 0, 'Chance.Reed@gmail.com', '05222799884'),
(490, 'Patrick', 'Holloway', 0, 'Patrick.Holloway@gmail.com', '05656401098'),
(491, 'Chana', 'Burns', 1, 'Chana.Burns@gmail.com', '05308421883'),
(492, 'Alijah', 'Diaz', 0, 'Alijah.Diaz@gmail.com', '05804444300'),
(493, 'Dalia', 'Barajas', 1, 'Dalia.Barajas@gmail.com', '05762491768'),
(494, 'Greta', 'Pineda', 1, 'Greta.Pineda@gmail.com', '05959207054'),
(495, 'Ellen', 'Weaver', 1, 'Ellen.Weaver@gmail.com', '05620661820'),
(496, 'Trace', 'White', 0, 'Trace.White@gmail.com', '05996860930'),
(497, 'Aliya', 'Kent', 1, 'Aliya.Kent@gmail.com', '05199429907'),
(498, 'Santiago', 'Yoder', 0, 'Santiago.Yoder@gmail.com', '05087672389'),
(499, 'Daphne', 'Rojas', 1, 'Daphne.Rojas@gmail.com', '05391588798'),
(500, 'Jimmy', 'Bird', 0, 'Jimmy.Bird@gmail.com', '05299562511'),
(501, 'Baron', 'Daugherty', 0, 'Baron.Daugherty@gmail.com', '05964504699'),
(502, 'Sammy', 'Martin', 0, 'Sammy.Martin@gmail.com', '05603167295'),
(503, 'Camren', 'Delgado', 0, 'Camren.Delgado@gmail.com', '05665662523'),
(504, 'Crystal', 'Campos', 1, 'Crystal.Campos@gmail.com', '05813354499'),
(505, 'Larry', 'Richards', 0, 'Larry.Richards@gmail.com', '05531274293'),
(506, 'Saniyah', 'Durham', 1, 'Saniyah.Durham@gmail.com', '05355530306'),
(507, 'Leonel', 'Anderson', 0, 'Leonel.Anderson@gmail.com', '05133584315'),
(508, 'Braedon', 'Dillon', 0, 'Braedon.Dillon@gmail.com', '05061690614'),
(509, 'Arianna', 'Mendoza', 1, 'Arianna.Mendoza@gmail.com', '05241239292'),
(510, 'Jay', 'Cooke', 0, 'Jay.Cooke@gmail.com', '05259980633'),
(511, 'Jamar', 'Rasmussen', 0, 'Jamar.Rasmussen@gmail.com', '05637778573'),
(512, 'Bo', 'Meyer', 0, 'Bo.Meyer@gmail.com', '05282796794'),
(513, 'Kingston', 'House', 0, 'Kingston.House@gmail.com', '05674226273'),
(514, 'Uriel', 'Schwartz', 0, 'Uriel.Schwartz@gmail.com', '05079085374'),
(515, 'Nicole', 'Park', 1, 'Nicole.Park@gmail.com', '05951123644'),
(516, 'Jakayla', 'Bowers', 1, 'Jakayla.Bowers@gmail.com', '05298967353'),
(517, 'Theodore', 'Hoffman', 0, 'Theodore.Hoffman@gmail.com', '05108660983'),
(518, 'Samir', 'Snyder', 0, 'Samir.Snyder@gmail.com', '05795331075'),
(519, 'Lorelai', 'Malone', 1, 'Lorelai.Malone@gmail.com', '05998212179'),
(520, 'Ezra', 'Levy', 0, 'Ezra.Levy@gmail.com', '05894932672'),
(521, 'Emerson', 'Flores', 0, 'Emerson.Flores@gmail.com', '05123958308'),
(522, 'Quinten', 'Brewer', 0, 'Quinten.Brewer@gmail.com', '05782056947'),
(523, 'Leticia', 'Reyes', 1, 'Leticia.Reyes@gmail.com', '05982493251'),
(524, 'Lilah', 'Stone', 1, 'Lilah.Stone@gmail.com', '05503570775'),
(525, 'Bradyn', 'Boyer', 0, 'Bradyn.Boyer@gmail.com', '05547913594'),
(526, 'Annalise', 'Kline', 1, 'Annalise.Kline@gmail.com', '05318033168'),
(527, 'Kaeden', 'Ward', 0, 'Kaeden.Ward@gmail.com', '05674015055'),
(528, 'Giovanny', 'Miles', 0, 'Giovanny.Miles@gmail.com', '05583120265'),
(529, 'Stella', 'Jacobs', 1, 'Stella.Jacobs@gmail.com', '05069893962'),
(530, 'Kaylynn', 'Stephens', 1, 'Kaylynn.Stephens@gmail.com', '05954756953'),
(531, 'Yaretzi', 'Gilbert', 1, 'Yaretzi.Gilbert@gmail.com', '05347593928'),
(532, 'Lana', 'Larsen', 1, 'Lana.Larsen@gmail.com', '05059508391'),
(533, 'Miya', 'Payne', 1, 'Miya.Payne@gmail.com', '05014993429'),
(534, 'Kaia', 'Mathews', 1, 'Kaia.Mathews@gmail.com', '05318261988'),
(535, 'Anne', 'Osborne', 1, 'Anne.Osborne@gmail.com', '05380718732'),
(536, 'Teagan', 'Soto', 1, 'Teagan.Soto@gmail.com', '05871861729'),
(537, 'Alonso', 'Spencer', 0, 'Alonso.Spencer@gmail.com', '05288795255'),
(538, 'Paisley', 'Williamson', 1, 'Paisley.Williamson@gmail.com', '05754950073'),
(539, 'Aryanna', 'Sloan', 1, 'Aryanna.Sloan@gmail.com', '05408540033'),
(540, 'Keely', 'Pope', 1, 'Keely.Pope@gmail.com', '05847216197'),
(541, 'Jeremiah', 'Yang', 0, 'Jeremiah.Yang@gmail.com', '05972393294'),
(542, 'Danna', 'Irwin', 1, 'Danna.Irwin@gmail.com', '05221899169'),
(543, 'April', 'Cervantes', 1, 'April.Cervantes@gmail.com', '05266400084'),
(544, 'Zayne', 'Moyer', 0, 'Zayne.Moyer@gmail.com', '05616064371'),
(545, 'Alfonso', 'Alexander', 0, 'Alfonso.Alexander@gmail.com', '05700610609'),
(546, 'Trevin', 'Ramirez', 0, 'Trevin.Ramirez@gmail.com', '05718848231'),
(547, 'Olivia', 'Woods', 1, 'Olivia.Woods@gmail.com', '05546849978'),
(548, 'Jaeden', 'Jordan', 0, 'Jaeden.Jordan@gmail.com', '05223401409'),
(549, 'Lauryn', 'Simpson', 1, 'Lauryn.Simpson@gmail.com', '05695434362'),
(550, 'Fiona', 'Manning', 1, 'Fiona.Manning@gmail.com', '05028603295'),
(551, 'Paityn', 'Page', 1, 'Paityn.Page@gmail.com', '05689628786'),
(552, 'Eva', 'Baxter', 1, 'Eva.Baxter@gmail.com', '05897716751'),
(553, 'Lyric', 'Phillips', 0, 'Lyric.Phillips@gmail.com', '05382166239'),
(554, 'Karlie', 'Schmitt', 1, 'Karlie.Schmitt@gmail.com', '05771840667'),
(555, 'Kylee', 'Huber', 1, 'Kylee.Huber@gmail.com', '05756603555'),
(556, 'Alejandro', 'Downs', 0, 'Alejandro.Downs@gmail.com', '05776109296'),
(557, 'Armando', 'Bradshaw', 0, 'Armando.Bradshaw@gmail.com', '05334533069'),
(558, 'Jewel', 'Schultz', 1, 'Jewel.Schultz@gmail.com', '05471161717'),
(559, 'Nathan', 'Sutton', 0, 'Nathan.Sutton@gmail.com', '05832574009'),
(560, 'Skye', 'Banks', 1, 'Skye.Banks@gmail.com', '05593484480'),
(561, 'Darian', 'Fox', 0, 'Darian.Fox@gmail.com', '05268002656'),
(562, 'Dylan', 'Ho', 1, 'Dylan.Ho@gmail.com', '05900645758'),
(563, 'Dustin', 'Shelton', 0, 'Dustin.Shelton@gmail.com', '05346477107'),
(564, 'Houston', 'Mills', 0, 'Houston.Mills@gmail.com', '05872970293'),
(565, 'Yasmine', 'Brooks', 1, 'Yasmine.Brooks@gmail.com', '05796881987'),
(566, 'Moshe', 'Kim', 0, 'Moshe.Kim@gmail.com', '05967427939'),
(567, 'Jamie', 'Mcconnell', 0, 'Jamie.Mcconnell@gmail.com', '05584449932'),
(568, 'Leonidas', 'Stafford', 0, 'Leonidas.Stafford@gmail.com', '05612535513'),
(569, 'Dixie', 'Arroyo', 1, 'Dixie.Arroyo@gmail.com', '05163836486'),
(570, 'Makhi', 'Shepherd', 0, 'Makhi.Shepherd@gmail.com', '05008063161'),
(571, 'Aurora', 'Ferrell', 1, 'Aurora.Ferrell@gmail.com', '05713240507'),
(572, 'Alanna', 'Hobbs', 1, 'Alanna.Hobbs@gmail.com', '05907744447'),
(573, 'Amaya', 'Lynch', 1, 'Amaya.Lynch@gmail.com', '05808219522'),
(574, 'Gavyn', 'Hogan', 0, 'Gavyn.Hogan@gmail.com', '05846875655'),
(575, 'Kelly', 'Roach', 1, 'Kelly.Roach@gmail.com', '05710952661'),
(576, 'Cara', 'Leblanc', 1, 'Cara.Leblanc@gmail.com', '05769943017'),
(577, 'Hannah', 'Briggs', 1, 'Hannah.Briggs@gmail.com', '05503228302'),
(578, 'Tabitha', 'Sanders', 1, 'Tabitha.Sanders@gmail.com', '05800616573'),
(579, 'Jaime', 'Hawkins', 0, 'Jaime.Hawkins@gmail.com', '05036387970'),
(580, 'Khalil', 'Davidson', 0, 'Khalil.Davidson@gmail.com', '05560471489'),
(581, 'Shania', 'Melendez', 1, 'Shania.Melendez@gmail.com', '05081451180'),
(582, 'Hamza', 'Gill', 0, 'Hamza.Gill@gmail.com', '05959876567'),
(583, 'Brooklyn', 'Lucas', 1, 'Brooklyn.Lucas@gmail.com', '05722514576'),
(584, 'Gracie', 'Walter', 1, 'Gracie.Walter@gmail.com', '05922416927'),
(585, 'Rex', 'Porter', 0, 'Rex.Porter@gmail.com', '05228027067'),
(586, 'Monique', 'Mcintyre', 1, 'Monique.Mcintyre@gmail.com', '05800764288'),
(587, 'Juan', 'Thomas', 0, 'Juan.Thomas@gmail.com', '05997908439'),
(588, 'Erica', 'Donovan', 1, 'Erica.Donovan@gmail.com', '05249704231'),
(589, 'Allisson', 'Singleton', 1, 'Allisson.Singleton@gmail.com', '05590500582'),
(590, 'Ashlee', 'Carney', 1, 'Ashlee.Carney@gmail.com', '05779591512'),
(591, 'Marely', 'Hopkins', 1, 'Marely.Hopkins@gmail.com', '05588970901'),
(592, 'Gaven', 'Pratt', 0, 'Gaven.Pratt@gmail.com', '05903637514'),
(593, 'Gretchen', 'Johns', 1, 'Gretchen.Johns@gmail.com', '05605815930'),
(594, 'Kendal', 'Villanueva', 1, 'Kendal.Villanueva@gmail.com', '05118323902'),
(595, 'Mina', 'Moses', 1, 'Mina.Moses@gmail.com', '05203144338'),
(596, 'Jasmine', 'Mcfarland', 1, 'Jasmine.Mcfarland@gmail.com', '05384152338'),
(597, 'Harper', 'Mendez', 1, 'Harper.Mendez@gmail.com', '05443424314'),
(598, 'Rayne', 'Sheppard', 1, 'Rayne.Sheppard@gmail.com', '05915257509'),
(599, 'Janiya', 'Novak', 1, 'Janiya.Novak@gmail.com', '05645521764'),
(600, 'Caroline', 'Bradford', 1, 'Caroline.Bradford@gmail.com', '05976285489')
;

INSERT INTO RELATIVE(stud_id, pare_id, rela_type) VALUES 
(16030321, 1, 'Mother'),
(18020217, 2, 'Sibling'),
(16020317, 3, 'Sibling'),
(15020312, 4, 'Sibling'),
(14030212, 5, 'Mother'),
(18030312, 6, 'Sibling'),
(17030218, 7, 'Father'),
(16020316, 8, 'Sibling'),
(14030107, 9, 'Mother'),
(17010113, 10, 'Father'),
(15010112, 11, 'Sibling'),
(16030109, 12, 'Mother'),
(17030115, 13, 'Sibling'),
(16020213, 14, 'Mother'),
(18010315, 15, 'Sibling'),
(17030114, 16, 'Sibling'),
(14020212, 17, 'Mother'),
(16030214, 18, 'Sibling'),
(14010319, 19, 'Father'),
(16030213, 20, 'Father'),
(14020211, 21, 'Sibling'),
(15020211, 22, 'Father'),
(15020311, 23, 'Mother'),
(14010213, 24, 'Mother'),
(14010318, 25, 'Sibling'),
(16030319, 26, 'Father'),
(18010313, 27, 'Father'),
(14010114, 28, 'Sibling'),
(15020310, 29, 'Father'),
(17020111, 30, 'Father'),
(14010113, 31, 'Mother'),
(17030217, 32, 'Sibling'),
(17010305, 33, 'Mother'),
(14010214, 34, 'Mother'),
(14020205, 35, 'Sibling'),
(17030205, 36, 'Father'),
(16030308, 37, 'Mother'),
(17030304, 38, 'Sibling'),
(16030320, 39, 'Sibling'),
(17030204, 40, 'Father'),
(15010212, 41, 'Mother'),
(18020208, 42, 'Sibling'),
(14020307, 43, 'Mother'),
(18030203, 44, 'Mother'),
(18020110, 45, 'Sibling'),
(18020105, 46, 'Mother'),
(17030105, 47, 'Sibling'),
(18020310, 48, 'Father'),
(18010206, 49, 'Father'),
(14010110, 50, 'Father'),
(18010301, 51, 'Mother'),
(14010112, 52, 'Father'),
(17020306, 53, 'Mother'),
(14020109, 54, 'Sibling'),
(16020201, 55, 'Mother'),
(17020313, 56, 'Father'),
(17030113, 57, 'Father'),
(15020109, 58, 'Sibling'),
(18030104, 59, 'Mother'),
(18020207, 60, 'Father'),
(18010304, 61, 'Sibling'),
(15020203, 62, 'Sibling'),
(16030314, 63, 'Father'),
(15030204, 64, 'Father'),
(14020110, 65, 'Father'),
(17010204, 66, 'Mother'),
(14030304, 67, 'Sibling'),
(17030202, 68, 'Father'),
(14030208, 69, 'Mother'),
(14020108, 70, 'Father'),
(16020310, 71, 'Sibling'),
(18010108, 72, 'Sibling'),
(15020104, 73, 'Mother'),
(14010108, 74, 'Sibling'),
(18010205, 75, 'Mother'),
(17010306, 76, 'Sibling'),
(14010307, 77, 'Mother'),
(18020104, 78, 'Mother'),
(16020303, 79, 'Sibling'),
(14020304, 80, 'Sibling'),
(14010306, 81, 'Father'),
(16030209, 82, 'Mother'),
(16020208, 83, 'Father'),
(17030302, 84, 'Sibling'),
(14010109, 85, 'Sibling'),
(16010202, 86, 'Father'),
(15010206, 87, 'Mother'),
(17020203, 88, 'Sibling'),
(17030301, 89, 'Father'),
(18030110, 90, 'Mother'),
(14020102, 91, 'Sibling'),
(16030206, 92, 'Father'),
(16020116, 93, 'Mother'),
(16030301, 94, 'Sibling'),
(14030101, 95, 'Sibling'),
(16010110, 96, 'Sibling'),
(18020308, 97, 'Sibling'),
(15020303, 98, 'Father'),
(18030301, 99, 'Father'),
(14010211, 100, 'Sibling'),
(14030204, 101, 'Father'),
(18030103, 102, 'Sibling'),
(18030109, 103, 'Sibling'),
(14030313, 104, 'Father'),
(14030309, 105, 'Sibling'),
(14010204, 106, 'Sibling'),
(15030202, 107, 'Father'),
(16020106, 108, 'Sibling'),
(17020112, 109, 'Sibling'),
(15030208, 110, 'Sibling'),
(14010106, 111, 'Sibling'),
(16020203, 112, 'Father'),
(18030303, 113, 'Mother'),
(14020107, 114, 'Father'),
(14010206, 115, 'Sibling'),
(18010109, 116, 'Sibling'),
(17010301, 117, 'Father'),
(16030307, 118, 'Sibling'),
(14030302, 119, 'Mother'),
(15010309, 120, 'Sibling'),
(18010112, 121, 'Mother'),
(18020206, 122, 'Father'),
(18020215, 123, 'Mother'),
(15010103, 124, 'Sibling'),
(16020113, 125, 'Sibling'),
(17010105, 126, 'Sibling'),
(14030308, 127, 'Sibling'),
(16020210, 128, 'Father'),
(18020307, 129, 'Sibling'),
(18020311, 130, 'Mother'),
(16020105, 131, 'Father'),
(16030304, 132, 'Mother'),
(14010115, 133, 'Sibling'),
(16020101, 134, 'Sibling'),
(15010207, 135, 'Mother'),
(15030307, 136, 'Sibling'),
(15010204, 137, 'Father'),
(17010104, 138, 'Father'),
(16020104, 139, 'Sibling'),
(16030107, 140, 'Father'),
(17020308, 141, 'Sibling'),
(15010303, 142, 'Sibling'),
(16030203, 143, 'Mother'),
(15010312, 144, 'Mother'),
(16010203, 145, 'Mother'),
(16030211, 146, 'Sibling'),
(14010316, 147, 'Father'),
(15020302, 148, 'Sibling'),
(16030305, 149, 'Mother'),
(17010203, 150, 'Sibling'),
(14020104, 151, 'Mother'),
(14020111, 152, 'Father'),
(16030101, 153, 'Sibling'),
(18010204, 154, 'Mother'),
(15030306, 155, 'Mother'),
(16010210, 156, 'Sibling'),
(16020205, 157, 'Sibling'),
(16020211, 158, 'Father'),
(18020112, 159, 'Father'),
(18010113, 160, 'Father'),
(16030309, 161, 'Sibling'),
(15030302, 162, 'Mother'),
(18010107, 163, 'Sibling'),
(16030315, 164, 'Mother'),
(17030212, 165, 'Mother'),
(18010305, 166, 'Sibling'),
(18010105, 167, 'Sibling'),
(14010301, 168, 'Sibling'),
(17020307, 169, 'Sibling'),
(18030309, 170, 'Father'),
(18020214, 171, 'Mother'),
(14010314, 172, 'Father'),
(18010213, 173, 'Sibling'),
(16010103, 174, 'Sibling'),
(15030308, 175, 'Father'),
(16010204, 176, 'Sibling'),
(17010304, 177, 'Mother'),
(15020103, 178, 'Father'),
(14020203, 179, 'Father'),
(17010103, 180, 'Sibling'),
(16010305, 181, 'Father'),
(14010101, 182, 'Sibling'),
(15010208, 183, 'Sibling'),
(18030209, 184, 'Mother'),
(14030315, 185, 'Sibling'),
(17010209, 186, 'Sibling'),
(16030102, 187, 'Mother'),
(15030311, 188, 'Mother'),
(16030302, 189, 'Sibling'),
(16020206, 190, 'Sibling'),
(15030301, 191, 'Sibling'),
(15010111, 192, 'Sibling'),
(15010307, 193, 'Mother'),
(15010202, 194, 'Sibling'),
(14010201, 195, 'Sibling'),
(17010310, 196, 'Sibling'),
(17030201, 197, 'Sibling'),
(18010103, 198, 'Sibling'),
(16030201, 199, 'Sibling'),
(17020101, 200, 'Father'),
(14020315, 201, 'Mother'),
(16030306, 202, 'Father'),
(18030102, 203, 'Mother'),
(18020102, 204, 'Sibling'),
(14010107, 205, 'Sibling'),
(14010317, 206, 'Sibling'),
(16010104, 207, 'Sibling'),
(16010206, 208, 'Sibling'),
(18020204, 209, 'Father'),
(14030303, 210, 'Father'),
(17030308, 211, 'Sibling'),
(17030102, 212, 'Sibling'),
(17020204, 213, 'Sibling'),
(16010302, 214, 'Mother'),
(17030303, 215, 'Mother'),
(14030203, 216, 'Father'),
(18010202, 217, 'Sibling'),
(14020301, 218, 'Mother'),
(15010310, 219, 'Mother'),
(16020112, 220, 'Father'),
(18020302, 221, 'Sibling'),
(16030303, 222, 'Sibling'),
(16020207, 223, 'Mother'),
(14030314, 224, 'Sibling'),
(16020301, 225, 'Father'),
(14010105, 226, 'Father'),
(18010102, 227, 'Sibling'),
(14020105, 228, 'Father'),
(15030105, 229, 'Sibling'),
(17010302, 230, 'Father'),
(15010315, 231, 'Sibling'),
(14030301, 232, 'Mother'),
(16010304, 233, 'Sibling'),
(17010106, 234, 'Sibling'),
(17020301, 235, 'Father'),
(18020312, 236, 'Mother'),
(18020101, 237, 'Sibling'),
(14030305, 238, 'Mother'),
(16010102, 239, 'Sibling'),
(14020101, 240, 'Sibling'),
(18030206, 241, 'Mother'),
(16010107, 242, 'Sibling'),
(15020208, 243, 'Sibling'),
(16010301, 244, 'Sibling'),
(17020103, 245, 'Father'),
(16030105, 246, 'Sibling'),
(15020106, 247, 'Sibling'),
(14010311, 248, 'Father'),
(18020205, 249, 'Father'),
(17030203, 250, 'Mother'),
(17010112, 251, 'Mother'),
(16010303, 252, 'Sibling'),
(17020302, 253, 'Father'),
(16020108, 254, 'Sibling'),
(17020108, 255, 'Sibling'),
(18010314, 256, 'Sibling'),
(17010201, 257, 'Father'),
(18010106, 258, 'Mother'),
(15020308, 259, 'Father'),
(18020301, 260, 'Sibling'),
(17010303, 261, 'Sibling'),
(14030102, 262, 'Mother'),
(17010205, 263, 'Sibling'),
(14020201, 264, 'Mother'),
(15020101, 265, 'Father'),
(15010205, 266, 'Mother'),
(17030108, 267, 'Sibling'),
(18030302, 268, 'Mother'),
(16020304, 269, 'Father'),
(17020305, 270, 'Sibling'),
(15010101, 271, 'Father'),
(14010102, 272, 'Sibling'),
(14010203, 273, 'Sibling'),
(15010301, 274, 'Father'),
(14030201, 275, 'Father'),
(18010117, 276, 'Sibling'),
(15010201, 277, 'Sibling'),
(15020307, 278, 'Sibling'),
(17030104, 279, 'Mother'),
(16010306, 280, 'Father'),
(18010201, 281, 'Mother'),
(14020204, 282, 'Sibling'),
(14010303, 283, 'Father'),
(17010107, 284, 'Father'),
(18010110, 285, 'Sibling'),
(18010101, 286, 'Sibling'),
(17010102, 287, 'Mother'),
(18010302, 288, 'Sibling'),
(15010319, 289, 'Sibling'),
(18010104, 290, 'Mother'),
(18010203, 291, 'Mother'),
(14030318, 292, 'Father'),
(14020202, 293, 'Sibling'),
(17030101, 294, 'Father'),
(15010318, 295, 'Sibling'),
(14030317, 296, 'Mother'),
(14020303, 297, 'Sibling'),
(14030202, 298, 'Father'),
(15020207, 299, 'Sibling'),
(15030312, 300, 'Sibling'),
(14030206, 301, 'Sibling'),
(17020105, 302, 'Sibling'),
(16030317, 303, 'Sibling'),
(14010103, 304, 'Sibling'),
(14030205, 305, 'Father'),
(17010202, 306, 'Sibling'),
(15030303, 307, 'Sibling'),
(16010307, 308, 'Sibling'),
(17010108, 309, 'Father'),
(17010101, 310, 'Sibling'),
(16020302, 311, 'Sibling'),
(15020309, 312, 'Father'),
(14020103, 313, 'Mother'),
(15010203, 314, 'Father'),
(17020311, 315, 'Mother'),
(16020103, 316, 'Sibling'),
(14020302, 317, 'Mother'),
(17020102, 318, 'Father'),
(14010208, 319, 'Father'),
(18030306, 320, 'Father'),
(15010102, 321, 'Sibling'),
(18010116, 322, 'Mother'),
(18020304, 323, 'Sibling'),
(16020204, 324, 'Sibling'),
(17020202, 325, 'Sibling'),
(16020102, 326, 'Mother'),
(17030106, 327, 'Sibling'),
(14020305, 328, 'Father'),
(14030210, 329, 'Mother'),
(15020102, 330, 'Mother'),
(15030209, 331, 'Mother'),
(14010212, 332, 'Father'),
(15030201, 333, 'Father'),
(14030320, 334, 'Sibling'),
(18020201, 335, 'Sibling'),
(16010101, 336, 'Sibling'),
(16030207, 337, 'Father'),
(18030202, 338, 'Father'),
(15010304, 339, 'Sibling'),
(16020107, 340, 'Sibling'),
(18010111, 341, 'Father'),
(15030109, 342, 'Sibling'),
(14020309, 343, 'Sibling'),
(18020303, 344, 'Mother'),
(15010110, 345, 'Sibling'),
(16030110, 346, 'Sibling'),
(15010306, 347, 'Sibling'),
(17030110, 348, 'Father'),
(14010304, 349, 'Sibling'),
(15030305, 350, 'Sibling'),
(18020203, 351, 'Mother'),
(18020306, 352, 'Sibling'),
(14020106, 353, 'Father'),
(15030101, 354, 'Father'),
(16020115, 355, 'Sibling'),
(14020311, 356, 'Father'),
(16030205, 357, 'Father'),
(14010310, 358, 'Sibling'),
(15010308, 359, 'Mother'),
(17020303, 360, 'Father'),
(18020202, 361, 'Sibling'),
(16030204, 362, 'Sibling'),
(18030304, 363, 'Mother'),
(14020310, 364, 'Sibling'),
(14030307, 365, 'Mother'),
(18020305, 366, 'Father'),
(18020103, 367, 'Sibling'),
(14030104, 368, 'Sibling'),
(16030202, 369, 'Sibling'),
(18010307, 370, 'Sibling'),
(17020304, 371, 'Mother'),
(18020106, 372, 'Sibling'),
(17030206, 373, 'Father'),
(16020313, 374, 'Father'),
(16020308, 375, 'Father'),
(17020106, 376, 'Father'),
(16010105, 377, 'Sibling'),
(18020107, 378, 'Mother'),
(15030211, 379, 'Sibling'),
(15010209, 380, 'Sibling'),
(18020209, 381, 'Sibling'),
(16030318, 382, 'Sibling'),
(15030205, 383, 'Father'),
(17030103, 384, 'Mother'),
(16010213, 385, 'Sibling'),
(14010312, 386, 'Sibling'),
(16010205, 387, 'Sibling'),
(18010306, 388, 'Father'),
(16020209, 389, 'Sibling'),
(17020309, 390, 'Father'),
(16020306, 391, 'Sibling'),
(14020112, 392, 'Sibling'),
(18030105, 393, 'Father'),
(17020107, 394, 'Sibling'),
(16020110, 395, 'Mother'),
(15020204, 396, 'Father'),
(14030310, 397, 'Father'),
(15010106, 398, 'Sibling'),
(14010207, 399, 'Sibling'),
(15030203, 400, 'Father'),
(15020107, 401, 'Sibling'),
(18020212, 402, 'Mother'),
(15010104, 403, 'Mother'),
(18020210, 404, 'Sibling'),
(16020307, 405, 'Mother'),
(17030207, 406, 'Father'),
(15030213, 407, 'Father'),
(14030311, 408, 'Mother'),
(16030310, 409, 'Sibling'),
(15020304, 410, 'Mother'),
(18020213, 411, 'Mother'),
(16020312, 412, 'Father'),
(18020109, 413, 'Sibling'),
(14020306, 414, 'Sibling'),
(14020113, 415, 'Father'),
(18030308, 416, 'Father'),
(18010208, 417, 'Sibling'),
(16020109, 418, 'Sibling'),
(14030312, 419, 'Mother'),
(15010305, 420, 'Sibling'),
(18030207, 421, 'Sibling'),
(17020209, 422, 'Sibling'),
(17010307, 423, 'Father'),
(18030204, 424, 'Sibling'),
(16010106, 425, 'Father'),
(18010209, 426, 'Sibling'),
(16010109, 427, 'Sibling'),
(16030311, 428, 'Sibling'),
(14010309, 429, 'Mother'),
(15030104, 430, 'Mother'),
(14030207, 431, 'Sibling'),
(14030316, 432, 'Sibling'),
(14030321, 433, 'Sibling'),
(16030208, 434, 'Father'),
(17020109, 435, 'Sibling'),
(18020114, 436, 'Father'),
(15010108, 437, 'Sibling'),
(17010308, 438, 'Sibling'),
(14010202, 439, 'Mother'),
(16010207, 440, 'Sibling'),
(14020206, 441, 'Father'),
(14010205, 442, 'Father'),
(18010210, 443, 'Mother'),
(17020310, 444, 'Sibling'),
(16030212, 445, 'Father'),
(16030210, 446, 'Father'),
(15030108, 447, 'Mother'),
(18020113, 448, 'Sibling'),
(18030305, 449, 'Sibling'),
(15020205, 450, 'Sibling'),
(15030207, 451, 'Mother'),
(15030102, 452, 'Father'),
(14020114, 453, 'Sibling'),
(15020111, 454, 'Sibling'),
(16010108, 455, 'Sibling'),
(15020306, 456, 'Mother'),
(14020209, 457, 'Father'),
(16020314, 458, 'Sibling'),
(15020202, 459, 'Sibling'),
(15010311, 460, 'Father'),
(14020208, 461, 'Sibling'),
(18010308, 462, 'Mother'),
(18010114, 463, 'Mother'),
(16020111, 464, 'Father'),
(14020308, 465, 'Father'),
(16020305, 466, 'Mother'),
(14010302, 467, 'Father'),
(16030313, 468, 'Mother'),
(16020202, 469, 'Mother'),
(17010206, 470, 'Mother'),
(18020108, 471, 'Father'),
(18030106, 472, 'Sibling'),
(16020114, 473, 'Father'),
(15030206, 474, 'Father'),
(17020205, 475, 'Father'),
(15010313, 476, 'Mother'),
(15010107, 477, 'Sibling'),
(17030208, 478, 'Sibling'),
(18030107, 479, 'Sibling'),
(15020105, 480, 'Mother'),
(15010314, 481, 'Sibling'),
(14030103, 482, 'Mother'),
(18030311, 483, 'Sibling'),
(18030307, 484, 'Father'),
(16030106, 485, 'Sibling'),
(14030306, 486, 'Mother'),
(17020206, 487, 'Mother'),
(16010209, 488, 'Sibling'),
(14010210, 489, 'Sibling'),
(18030205, 490, 'Father'),
(18010303, 491, 'Mother'),
(15020206, 492, 'Sibling'),
(16030316, 493, 'Mother'),
(16020315, 494, 'Mother'),
(16010201, 495, 'Mother'),
(14030209, 496, 'Father'),
(15030304, 497, 'Sibling'),
(18020111, 498, 'Sibling'),
(15010109, 499, 'Sibling'),
(17030107, 500, 'Father'),
(18020211, 501, 'Sibling'),
(16030312, 502, 'Father'),
(17030209, 503, 'Sibling'),
(17010207, 504, 'Mother'),
(14010308, 505, 'Sibling'),
(17010109, 506, 'Mother'),
(16010208, 507, 'Sibling'),
(17030111, 508, 'Sibling'),
(14020117, 509, 'Mother'),
(17030210, 510, 'Sibling'),
(14020115, 511, 'Sibling'),
(18010207, 512, 'Sibling'),
(18010115, 513, 'Sibling'),
(15010105, 514, 'Sibling'),
(15010302, 515, 'Sibling'),
(16020311, 516, 'Sibling'),
(14010104, 517, 'Sibling'),
(14020118, 518, 'Sibling'),
(15030212, 519, 'Mother'),
(15030106, 520, 'Father'),
(17010208, 521, 'Sibling'),
(16030103, 522, 'Father'),
(16020309, 523, 'Mother'),
(14030322, 524, 'Sibling'),
(17030305, 525, 'Sibling'),
(17010309, 526, 'Sibling'),
(17020312, 527, 'Sibling'),
(16020212, 528, 'Sibling'),
(17030306, 529, 'Mother'),
(14030319, 530, 'Sibling'),
(14020116, 531, 'Mother'),
(15010316, 532, 'Sibling'),
(15030107, 533, 'Sibling'),
(15020305, 534, 'Mother'),
(15010210, 535, 'Sibling'),
(15020201, 536, 'Mother'),
(18030108, 537, 'Father'),
(14020207, 538, 'Sibling'),
(17020207, 539, 'Mother'),
(15010211, 540, 'Mother'),
(15010213, 541, 'Sibling'),
(17030211, 542, 'Sibling'),
(18020313, 543, 'Mother'),
(18030210, 544, 'Sibling'),
(18030208, 545, 'Sibling'),
(18010211, 546, 'Sibling'),
(15030210, 547, 'Mother'),
(17020104, 548, 'Sibling'),
(17020201, 549, 'Mother'),
(16030108, 550, 'Mother'),
(17030307, 551, 'Sibling'),
(17010110, 552, 'Sibling'),
(14030105, 553, 'Father'),
(18030101, 554, 'Mother'),
(15030103, 555, 'Mother'),
(16010111, 556, 'Father'),
(17010111, 557, 'Sibling'),
(15020210, 558, 'Mother'),
(17030214, 559, 'Father'),
(17010311, 560, 'Sibling'),
(14010305, 561, 'Father'),
(14020210, 562, 'Sibling'),
(14010313, 563, 'Father'),
(18010310, 564, 'Father'),
(16010212, 565, 'Mother'),
(17030109, 566, 'Sibling'),
(18010309, 567, 'Father'),
(15020110, 568, 'Sibling'),
(18030201, 569, 'Mother'),
(14020312, 570, 'Sibling'),
(15020301, 571, 'Mother'),
(15030309, 572, 'Mother'),
(17030112, 573, 'Sibling'),
(18030310, 574, 'Sibling'),
(17030213, 575, 'Sibling'),
(14020313, 576, 'Sibling'),
(17020208, 577, 'Mother'),
(18020314, 578, 'Mother'),
(17010210, 579, 'Sibling'),
(15030310, 580, 'Father'),
(14010315, 581, 'Sibling'),
(17030215, 582, 'Father'),
(14010209, 583, 'Sibling'),
(16010211, 584, 'Mother'),
(14030211, 585, 'Sibling'),
(17020110, 586, 'Sibling'),
(18010311, 587, 'Sibling'),
(14010111, 588, 'Sibling'),
(15020108, 589, 'Mother'),
(17030216, 590, 'Mother'),
(14020314, 591, 'Sibling'),
(15020209, 592, 'Father'),
(16030104, 593, 'Mother'),
(18010312, 594, 'Mother'),
(15010317, 595, 'Mother'),
(18020216, 596, 'Mother'),
(18010212, 597, 'Sibling'),
(18020309, 598, 'Sibling'),
(14030106, 599, 'Sibling'),
(15020112, 600, 'Sibling')
;

INSERT INTO EXPENSE(exps_id, exps_name, exps_date, exps_cost, exps_type) VALUES 
(0, 'Electricity', '2020/8/4', 175, 0),
(1, 'Electricity', '2021/8/19', 319, 0),
(2, 'Electricity', '2022/2/18', 275, 0),
(3, 'Electricity', '2023/7/5', 503, 1),
(4, 'Water', '2020/3/2', 977, 0),
(5, 'Water', '2021/6/20', 710, 1),
(6, 'Water', '2022/7/5', 188, 1),
(7, 'Water', '2023/7/18', 695, 1),
(8, 'Internet', '2020/9/18', 888, 0),
(9, 'Internet', '2021/8/17', 699, 0),
(10, 'Internet', '2022/1/20', 904, 0),
(11, 'Internet', '2023/3/2', 413, 1),
(12, 'Gas', '2020/5/13', 378, 1),
(13, 'Gas', '2021/1/21', 812, 1),
(14, 'Gas', '2022/4/4', 494, 0),
(15, 'Gas', '2023/9/11', 317, 0),
(16, 'Cleaning', '2020/2/23', 539, 1),
(17, 'Cleaning', '2021/9/28', 814, 0),
(18, 'Cleaning', '2022/8/22', 890, 1),
(19, 'Cleaning', '2023/7/9', 476, 1),
(20, 'Security', '2020/6/22', 264, 1),
(21, 'Security', '2021/2/2', 814, 0),
(22, 'Security', '2022/4/19', 368, 0),
(23, 'Security', '2023/7/9', 1080, 0),
(24, 'Food', '2020/6/7', 336, 1),
(25, 'Food', '2021/8/25', 817, 0),
(26, 'Food', '2022/1/17', 263, 0),
(27, 'Food', '2023/5/9', 917, 1),
(28, 'Salary', '2020/9/22', 221, 1),
(29, 'Salary', '2021/4/23', 131, 0),
(30, 'Salary', '2022/3/27', 371, 0),
(31, 'Salary', '2023/7/21', 1088, 1)
;

INSERT INTO EMPLOYEE(empl_id, empl_type, empl_fname, empl_lname, empl_salary, empl_reg_date) VALUES 
(1, 1, 'Gilberto', 'Parrish', 19395, '2016/2/28'),
(2, 1, 'Leila', 'Gould', 17687, '2018/4/3'),
(3, 1, 'Nylah', 'Saunders', 9342, '2017/4/6'),
(4, 0, 'Ben', 'Barton', 17703, '2017/5/26'),
(5, 1, 'Brooke', 'Wiley', 17773, '2015/9/23'),
(6, 0, 'William', 'Monroe', 9140, '2021/7/25'),
(7, 1, 'Serena', 'Graham', 7061, '2019/3/4'),
(8, 0, 'Edward', 'Odom', 10252, '2022/2/19'),
(9, 0, 'Jadyn', 'Gilmore', 12489, '2015/1/22'),
(10, 1, 'Izabelle', 'Hodge', 15914, '2015/4/23'),
(11, 0, 'Konner', 'Brennan', 13627, '2022/3/3'),
(12, 1, 'Jerome', 'Jimenez', 8894, '2022/2/16'),
(13, 1, 'Lia', 'Patel', 4669, '2021/1/2'),
(14, 0, 'Misael', 'Randolph', 4783, '2022/1/5'),
(15, 0, 'Griffin', 'Barrett', 2352, '2017/2/18'),
(16, 0, 'Elena', 'Burch', 15879, '2017/2/25'),
(17, 1, 'Emanuel', 'Rosales', 12259, '2018/8/28'),
(18, 0, 'Matthias', 'Duncan', 10399, '2018/2/10'),
(19, 0, 'Armani', 'Mcknight', 10207, '2016/3/27'),
(20, 1, 'Kaylyn', 'Ray', 10004, '2019/8/18'),
(21, 1, 'Shayla', 'Burton', 17929, '2019/3/3'),
(22, 1, 'Kendall', 'Boyd', 14528, '2020/1/17'),
(23, 0, 'Asia', 'Pitts', 14881, '2016/3/16'),
(24, 1, 'Wyatt', 'Lin', 8477, '2020/3/12'),
(25, 0, 'Kale', 'Cruz', 2922, '2018/4/11'),
(26, 0, 'Cheyanne', 'Jensen', 1223, '2020/9/13'),
(27, 0, 'Cameron', 'Anthony', 6793, '2015/6/22'),
(28, 1, 'Elijah', 'Foster', 13177, '2017/6/12'),
(29, 1, 'Ashleigh', 'Dominguez', 15291, '2019/1/14'),
(30, 0, 'Guadalupe', 'Jennings', 14786, '2018/9/9'),
(31, 0, 'Rachel', 'Harding', 19273, '2017/2/18'),
(32, 1, 'Giovani', 'Waller', 11472, '2017/9/20'),
(33, 0, 'Jaiden', 'Harvey', 13334, '2016/6/18'),
(34, 0, 'Arabella', 'Hinton', 19988, '2022/4/17'),
(35, 1, 'Maryjane', 'Blackwell', 11604, '2020/1/23'),
(36, 1, 'Tiffany', 'Le', 18527, '2017/6/12'),
(37, 0, 'Alexander', 'Casey', 1331, '2022/3/8'),
(38, 0, 'Dominique', 'Strong', 7532, '2015/3/12'),
(39, 0, 'Karter', 'Cain', 1786, '2021/3/22'),
(40, 1, 'Brady', 'Norris', 14463, '2017/3/9'),
(41, 1, 'Bridger', 'James', 19393, '2022/8/16'),
(42, 1, 'Josie', 'Hendricks', 11766, '2016/6/12'),
(43, 1, 'Lexi', 'Harrison', 12615, '2016/4/14'),
(44, 0, 'Leilani', 'Lara', 13854, '2020/9/2'),
(45, 1, 'Allen', 'Bautista', 5329, '2020/1/7'),
(46, 1, 'Clinton', 'Sampson', 14032, '2022/9/1'),
(47, 0, 'Gustavo', 'Dickson', 8868, '2020/5/8'),
(48, 0, 'Layne', 'Booth', 13933, '2020/3/10'),
(49, 1, 'Caleb', 'Ewing', 12596, '2019/2/19'),
(50, 0, 'Nolan', 'Kane', 9574, '2020/4/10'),
(51, 0, 'Matilda', 'Lester', 15501, '2021/8/8'),
(52, 0, 'Tony', 'Middleton', 8120, '2019/4/12'),
(53, 1, 'Jasmin', 'Henry', 12136, '2015/8/2'),
(54, 1, 'Will', 'Boyle', 17311, '2016/4/10'),
(55, 1, 'Hassan', 'Humphrey', 10793, '2017/1/9'),
(56, 0, 'Calvin', 'Mclaughlin', 1193, '2019/2/7'),
(57, 1, 'Terrence', 'Bailey', 2904, '2017/9/16'),
(58, 0, 'Cassandra', 'Holmes', 10166, '2019/4/13'),
(59, 1, 'Sandra', 'Scott', 1581, '2019/2/1'),
(60, 0, 'Samuel', 'Parks', 10469, '2015/7/22'),
(61, 1, 'Jean', 'Hughes', 10657, '2015/8/16'),
(62, 1, 'Valentin', 'Hammond', 5106, '2020/4/8'),
(63, 1, 'Harley', 'Zuniga', 15753, '2019/8/19'),
(64, 0, 'Celia', 'Riggs', 3630, '2016/4/13'),
(65, 1, 'Soren', 'Combs', 7837, '2018/6/23'),
(66, 0, 'Jaida', 'Keith', 14358, '2021/9/24'),
(67, 1, 'Kristian', 'Lambert', 13601, '2020/9/28'),
(68, 0, 'Nico', 'Salazar', 3095, '2017/9/22'),
(69, 1, 'Mariela', 'Aguirre', 1091, '2022/3/1'),
(70, 1, 'Jessica', 'Orozco', 13338, '2021/7/12'),
(71, 0, 'Chaz', 'Yu', 1654, '2020/7/7'),
(72, 1, 'Leonardo', 'Cortez', 9884, '2019/9/14'),
(73, 1, 'Macie', 'Collier', 2573, '2022/1/10'),
(74, 0, 'Sofia', 'Rush', 4896, '2020/7/10'),
(75, 1, 'Halle', 'Deleon', 12146, '2015/1/12'),
(76, 1, 'Jolie', 'Huffman', 8567, '2018/8/13'),
(77, 0, 'Paola', 'Colon', 5193, '2021/7/19'),
(78, 1, 'Felicity', 'Eaton', 18135, '2018/7/7'),
(79, 0, 'Parker', 'Duffy', 10280, '2021/7/1'),
(80, 1, 'Briana', 'Vega', 11091, '2022/9/17'),
(81, 1, 'Donald', 'Hill', 10040, '2021/7/5'),
(82, 1, 'Annabel', 'Camacho', 1547, '2017/1/16'),
(83, 1, 'Kara', 'Smith', 11882, '2015/1/24'),
(84, 1, 'Casey', 'Baird', 4925, '2019/7/7'),
(85, 1, 'Liberty', 'Meadows', 5363, '2020/6/5'),
(86, 0, 'Vivian', 'Mcclure', 5395, '2022/2/5'),
(87, 1, 'Cason', 'Campbell', 12088, '2022/9/14'),
(88, 0, 'Porter', 'Frye', 13374, '2017/4/12'),
(89, 0, 'Cornelius', 'Noble', 16713, '2018/8/15'),
(90, 0, 'Leonard', 'Sims', 10202, '2020/1/2'),
(91, 0, 'Tess', 'Singh', 2272, '2021/9/7'),
(92, 1, 'Duncan', 'Esparza', 5315, '2021/3/18'),
(93, 0, 'Hillary', 'Austin', 2514, '2021/6/6'),
(94, 1, 'Melanie', 'Rocha', 14255, '2017/9/4'),
(95, 1, 'Alia', 'Randall', 4072, '2018/9/24'),
(96, 0, 'Kason', 'Friedman', 8005, '2022/8/13'),
(97, 0, 'Jace', 'Mcgrath', 10007, '2021/8/23'),
(98, 1, 'Nickolas', 'Curtis', 7430, '2016/9/25'),
(99, 0, 'Cali', 'Landry', 19518, '2017/9/8'),
(100, 1, 'Bethany', 'Schaefer', 12777, '2017/8/22')
;

INSERT INTO STAFF(empl_id) VALUES 
(3),
(6),
(7),
(12),
(13),
(14),
(15),
(24),
(25),
(26),
(27),
(37),
(38),
(39),
(45),
(47),
(50),
(52),
(56),
(57),
(59),
(60),
(61),
(62),
(64),
(65),
(68),
(69),
(71),
(72),
(73),
(74),
(76),
(77),
(81),
(82),
(84),
(85),
(86),
(90),
(91),
(92),
(93),
(95),
(96),
(97),
(98)
;

INSERT INTO ADMIN_STAFF(empl_id) VALUES 
(1),
(2),
(4),
(5),
(8),
(9),
(10),
(11),
(16),
(17),
(18),
(19),
(20),
(21),
(22),
(23),
(28),
(29),
(30),
(31),
(32),
(33),
(34),
(35),
(36),
(40),
(41),
(42),
(43),
(44),
(46),
(48),
(49),
(51),
(53),
(54),
(55),
(58),
(63),
(66),
(67),
(70),
(75),
(78),
(79),
(80),
(83),
(87),
(88),
(89),
(94),
(99),
(100)
;

