INSERT INTO STUDENT(stud_id, stud_fname, stud_lname, stud_birth_year, stud_sex, stud_reg_date, stud_gpa, stud_email, stud_number) VALUES 
(18020201, 'Tatiana', 'Lewis', '1996/12/10', 1, '2018/2/7', 3.14, 'Tatiana.Lewis@etu.edu.tr', '05568720953'),
(21010101, 'Landyn', 'Giles', '2000/2/8', 0, '2021/8/24', 2.21, 'Landyn.Giles@etu.edu.tr', '05418361180'),
(19030101, 'Andre', 'Fritz', '1997/4/3', 0, '2019/1/24', 3.91, 'Andre.Fritz@etu.edu.tr', '05265028509'),
(20010101, 'Eli', 'Bond', '1999/10/26', 0, '2020/4/12', 0.29, 'Eli.Bond@etu.edu.tr', '05419832945'),
(19020301, 'Cristopher', 'Farrell', '1999/6/20', 0, '2019/1/24', 0.14, 'Cristopher.Farrell@etu.edu.tr', '05041339091'),
(22020101, 'Alvaro', 'Soto', '2004/4/13', 0, '2022/5/4', 0.37, 'Alvaro.Soto@etu.edu.tr', '05146035576'),
(20030301, 'Dominic', 'Washington', '1999/10/19', 0, '2020/9/2', 2.27, 'Dominic.Washington@etu.edu.tr', '05286236585'),
(20010301, 'Ishaan', 'Krueger', '2000/1/20', 0, '2020/3/22', 3.28, 'Ishaan.Krueger@etu.edu.tr', '05345611601'),
(22030201, 'Agustin', 'David', '2002/6/16', 0, '2022/8/14', 2.77, 'Agustin.David@etu.edu.tr', '05145890926'),
(18020101, 'Sawyer', 'Davenport', '1999/11/21', 0, '2018/3/12', 2.67, 'Sawyer.Davenport@etu.edu.tr', '05981824839'),
(19010201, 'Lizbeth', 'Wolfe', '1999/6/1', 1, '2019/3/11', 0.77, 'Lizbeth.Wolfe@etu.edu.tr', '05958068014'),
(21030101, 'Zechariah', 'Mooney', '2000/4/23', 0, '2021/2/2', 1.75, 'Zechariah.Mooney@etu.edu.tr', '05669883655'),
(21020301, 'Carolina', 'Rubio', '2003/3/28', 1, '2021/5/9', 1.24, 'Carolina.Rubio@etu.edu.tr', '05006077907'),
(19030102, 'Julien', 'Mccormick', '2001/9/23', 0, '2019/8/12', 0.09, 'Julien.Mccormick@etu.edu.tr', '05768243520'),
(21030102, 'Malia', 'Knapp', '2000/7/19', 1, '2021/8/20', 1.01, 'Malia.Knapp@etu.edu.tr', '05898368756'),
(22020201, 'Drew', 'Lowe', '2003/10/22', 0, '2022/8/16', 1.17, 'Drew.Lowe@etu.edu.tr', '05283049985'),
(21030201, 'Litzy', 'Oneill', '1999/10/15', 1, '2021/5/15', 0.57, 'Litzy.Oneill@etu.edu.tr', '05450078523'),
(18010301, 'Alessandra', 'Barker', '1996/4/18', 1, '2018/7/8', 3.36, 'Alessandra.Barker@etu.edu.tr', '05317515507'),
(22010301, 'Jordan', 'Mann', '2000/11/2', 0, '2022/9/7', 2.41, 'Jordan.Mann@etu.edu.tr', '05645582552'),
(21020302, 'Finnegan', 'Galvan', '2000/10/24', 0, '2021/3/1', 0.55, 'Finnegan.Galvan@etu.edu.tr', '05033933648'),
(18010302, 'Kymani', 'Carroll', '2000/4/26', 0, '2018/6/26', 1.19, 'Kymani.Carroll@etu.edu.tr', '05613127526'),
(18030101, 'Dillan', 'Ortega', '1998/5/19', 0, '2018/3/3', 3.01, 'Dillan.Ortega@etu.edu.tr', '05296986052'),
(20030201, 'Armani', 'Nielsen', '1998/12/19', 1, '2020/5/18', 1.04, 'Armani.Nielsen@etu.edu.tr', '05324271540'),
(21010102, 'Tyree', 'Flowers', '2003/6/1', 0, '2021/4/8', 0.31, 'Tyree.Flowers@etu.edu.tr', '05230601395'),
(20020101, 'Janae', 'Chase', '2001/12/15', 1, '2020/5/25', 0.42, 'Janae.Chase@etu.edu.tr', '05240917663'),
(19020302, 'Dante', 'Navarro', '1999/8/28', 0, '2019/5/4', 2.95, 'Dante.Navarro@etu.edu.tr', '05225064974'),
(19010101, 'Waylon', 'Beard', '1999/2/17', 0, '2019/7/23', 2.12, 'Waylon.Beard@etu.edu.tr', '05754795034'),
(18030301, 'Alisa', 'Lucero', '2000/9/25', 1, '2018/7/9', 2.78, 'Alisa.Lucero@etu.edu.tr', '05649080612'),
(21020101, 'Vicente', 'Tucker', '1999/5/5', 0, '2021/2/12', 2.82, 'Vicente.Tucker@etu.edu.tr', '05361523783'),
(19020101, 'Clay', 'Ruiz', '2000/11/23', 0, '2019/5/1', 0.45, 'Clay.Ruiz@etu.edu.tr', '05470008172'),
(22020202, 'Damion', 'Montoya', '2000/12/4', 0, '2022/2/28', 1.73, 'Damion.Montoya@etu.edu.tr', '05980744000'),
(18010303, 'Braxton', 'Dixon', '1998/6/25', 0, '2018/2/28', 0.75, 'Braxton.Dixon@etu.edu.tr', '05682793498'),
(20020201, 'Aron', 'Baldwin', '2002/9/11', 0, '2020/7/14', 1.50, 'Aron.Baldwin@etu.edu.tr', '05207153018'),
(20030101, 'Frederick', 'Abbott', '2001/6/17', 0, '2020/8/17', 0.15, 'Frederick.Abbott@etu.edu.tr', '05746493921'),
(19020201, 'Tatum', 'Lutz', '1997/7/2', 1, '2019/3/10', 0.00, 'Tatum.Lutz@etu.edu.tr', '05307284007'),
(21020303, 'Javion', 'Turner', '2002/10/8', 0, '2021/4/25', 0.04, 'Javion.Turner@etu.edu.tr', '05764269938'),
(19020102, 'Leanna', 'Park', '1998/9/8', 1, '2019/2/15', 3.41, 'Leanna.Park@etu.edu.tr', '05789546957'),
(20020301, 'Mohammed', 'Cline', '2000/1/4', 0, '2020/6/5', 3.75, 'Mohammed.Cline@etu.edu.tr', '05942421092'),
(20010102, 'Conner', 'Caldwell', '2002/4/12', 0, '2020/4/28', 0.53, 'Conner.Caldwell@etu.edu.tr', '05012431475'),
(18010101, 'Nathaniel', 'Owen', '1998/9/19', 0, '2018/7/23', 3.72, 'Nathaniel.Owen@etu.edu.tr', '05147401554'),
(20030102, 'Carleigh', 'Sexton', '1999/11/8', 1, '2020/3/12', 2.60, 'Carleigh.Sexton@etu.edu.tr', '05354827643'),
(22030101, 'Ashlyn', 'Ferrell', '2003/4/25', 1, '2022/4/12', 2.85, 'Ashlyn.Ferrell@etu.edu.tr', '05895860229'),
(19010202, 'Cristofer', 'Huff', '1999/9/13', 0, '2019/3/26', 3.38, 'Cristofer.Huff@etu.edu.tr', '05637470718'),
(18030302, 'Diamond', 'Tapia', '1997/8/4', 1, '2018/2/14', 2.81, 'Diamond.Tapia@etu.edu.tr', '05029271471'),
(21010103, 'Paxton', 'Henderson', '2003/1/3', 0, '2021/1/18', 2.51, 'Paxton.Henderson@etu.edu.tr', '05928969978'),
(22010302, 'Aaliyah', 'Peck', '2000/9/6', 1, '2022/1/28', 1.32, 'Aaliyah.Peck@etu.edu.tr', '05053579699'),
(18010201, 'Miley', 'Prince', '1998/9/7', 1, '2018/8/5', 0.09, 'Miley.Prince@etu.edu.tr', '05073100401'),
(20020202, 'Heidi', 'Arroyo', '1998/8/27', 1, '2020/1/27', 3.08, 'Heidi.Arroyo@etu.edu.tr', '05070576174'),
(22030102, 'Sadie', 'Mullins', '2003/6/12', 1, '2022/7/20', 2.99, 'Sadie.Mullins@etu.edu.tr', '05700469676'),
(20010201, 'Hezekiah', 'Mason', '2002/8/12', 0, '2020/7/27', 3.87, 'Hezekiah.Mason@etu.edu.tr', '05044670169'),
(21020304, 'Deven', 'Lloyd', '2001/10/3', 0, '2021/2/22', 0.37, 'Deven.Lloyd@etu.edu.tr', '05237729436'),
(20010202, 'Jesse', 'Woodward', '2002/11/9', 0, '2020/4/7', 0.82, 'Jesse.Woodward@etu.edu.tr', '05238086968'),
(20010103, 'Erin', 'Fisher', '2002/5/24', 1, '2020/8/11', 0.85, 'Erin.Fisher@etu.edu.tr', '05520590207'),
(21020305, 'Albert', 'Acosta', '2001/5/21', 0, '2021/8/9', 3.72, 'Albert.Acosta@etu.edu.tr', '05421910771'),
(19030103, 'Vincent', 'Bray', '1997/6/1', 0, '2019/5/3', 1.67, 'Vincent.Bray@etu.edu.tr', '05046418293'),
(19020103, 'Gael', 'Barry', '1998/1/16', 0, '2019/9/26', 3.82, 'Gael.Barry@etu.edu.tr', '05546084878'),
(21030103, 'Karly', 'Chang', '2003/6/15', 1, '2021/8/18', 2.75, 'Karly.Chang@etu.edu.tr', '05486773270'),
(19010301, 'Liana', 'Simpson', '2000/3/27', 1, '2019/3/8', 1.57, 'Liana.Simpson@etu.edu.tr', '05385863035'),
(18010102, 'Diego', 'Harmon', '1997/10/19', 0, '2018/1/17', 2.74, 'Diego.Harmon@etu.edu.tr', '05643710368'),
(22030103, 'Cindy', 'Thompson', '2003/9/12', 1, '2022/2/3', 2.45, 'Cindy.Thompson@etu.edu.tr', '05730751787'),
(22030104, 'Anaya', 'Rose', '2002/3/5', 1, '2022/8/1', 1.05, 'Anaya.Rose@etu.edu.tr', '05854418033'),
(18030102, 'Gianna', 'Curry', '1999/6/11', 1, '2018/6/7', 2.21, 'Gianna.Curry@etu.edu.tr', '05706106256'),
(22020102, 'Kiara', 'Adams', '2002/3/16', 1, '2022/7/20', 1.84, 'Kiara.Adams@etu.edu.tr', '05678785107'),
(20030202, 'Lilly', 'Leon', '2000/5/16', 1, '2020/8/11', 3.93, 'Lilly.Leon@etu.edu.tr', '05193518569'),
(20030203, 'Makena', 'Moss', '2002/11/13', 1, '2020/4/19', 1.58, 'Makena.Moss@etu.edu.tr', '05070452727'),
(21030202, 'Francesca', 'Ballard', '2003/6/13', 1, '2021/3/11', 3.48, 'Francesca.Ballard@etu.edu.tr', '05477622855'),
(18030201, 'Joaquin', 'Solomon', '2000/12/16', 0, '2018/9/9', 0.96, 'Joaquin.Solomon@etu.edu.tr', '05140817519'),
(20030302, 'Laura', 'Kirby', '2002/4/6', 1, '2020/9/16', 1.78, 'Laura.Kirby@etu.edu.tr', '05058589926'),
(19010203, 'Ayaan', 'Weaver', '1997/3/12', 0, '2019/4/24', 2.30, 'Ayaan.Weaver@etu.edu.tr', '05912101388'),
(19020303, 'Joe', 'Cooley', '1999/11/1', 0, '2019/1/21', 0.94, 'Joe.Cooley@etu.edu.tr', '05537661114'),
(22030202, 'Mariam', 'Kent', '2001/2/1', 1, '2022/3/9', 0.18, 'Mariam.Kent@etu.edu.tr', '05581258715'),
(19030201, 'Kayla', 'Gibbs', '1999/5/25', 1, '2019/7/3', 2.91, 'Kayla.Gibbs@etu.edu.tr', '05164405975'),
(19030202, 'Alice', 'Wise', '1999/10/17', 1, '2019/3/14', 0.12, 'Alice.Wise@etu.edu.tr', '05676305881'),
(21030203, 'Genesis', 'Salas', '1999/3/27', 1, '2021/7/12', 3.28, 'Genesis.Salas@etu.edu.tr', '05555359077'),
(18010202, 'Cynthia', 'Schmitt', '1999/3/20', 1, '2018/3/17', 3.95, 'Cynthia.Schmitt@etu.edu.tr', '05895967716'),
(20020102, 'Nelson', 'Mahoney', '2002/12/24', 0, '2020/2/28', 1.62, 'Nelson.Mahoney@etu.edu.tr', '05297331138'),
(19010102, 'Yoselin', 'Forbes', '2000/7/3', 1, '2019/2/21', 0.10, 'Yoselin.Forbes@etu.edu.tr', '05988133762'),
(20020203, 'Jorden', 'Bates', '2002/5/22', 0, '2020/6/12', 1.43, 'Jorden.Bates@etu.edu.tr', '05833104126'),
(19010204, 'Iyana', 'Montes', '1997/9/5', 1, '2019/2/15', 3.61, 'Iyana.Montes@etu.edu.tr', '05643707846'),
(21020102, 'Lyla', 'Warren', '2001/1/3', 1, '2021/7/27', 1.55, 'Lyla.Warren@etu.edu.tr', '05736318800'),
(21010104, 'Omar', 'Palmer', '2002/3/16', 0, '2021/4/12', 3.75, 'Omar.Palmer@etu.edu.tr', '05215298402'),
(22020203, 'Naima', 'Poole', '2002/9/4', 1, '2022/4/6', 2.37, 'Naima.Poole@etu.edu.tr', '05401638301'),
(21020103, 'Zackery', 'Herring', '2001/9/11', 0, '2021/8/20', 2.30, 'Zackery.Herring@etu.edu.tr', '05327235529'),
(18010203, 'Deacon', 'Pierce', '2000/8/27', 0, '2018/5/25', 0.72, 'Deacon.Pierce@etu.edu.tr', '05751591611'),
(21030104, 'Autumn', 'Solis', '2001/7/7', 1, '2021/8/23', 0.55, 'Autumn.Solis@etu.edu.tr', '05461608860'),
(22010101, 'Miles', 'Mccarty', '2001/12/13', 0, '2022/1/7', 0.95, 'Miles.Mccarty@etu.edu.tr', '05873096962'),
(19020104, 'Blaine', 'Howell', '1998/9/1', 0, '2019/6/22', 3.87, 'Blaine.Howell@etu.edu.tr', '05808902540'),
(20030103, 'Hunter', 'Mcclain', '2002/3/22', 0, '2020/8/26', 3.76, 'Hunter.Mcclain@etu.edu.tr', '05615072188'),
(18030202, 'Aldo', 'Wells', '1999/3/4', 0, '2018/9/7', 2.27, 'Aldo.Wells@etu.edu.tr', '05584756659'),
(22020204, 'Jason', 'Horn', '2003/8/19', 0, '2022/7/11', 1.75, 'Jason.Horn@etu.edu.tr', '05233887842'),
(21010301, 'Aydin', 'Walsh', '2002/3/27', 0, '2021/4/8', 3.65, 'Aydin.Walsh@etu.edu.tr', '05164527921'),
(21030105, 'Jaylah', 'Trujillo', '2001/10/10', 1, '2021/5/22', 1.82, 'Jaylah.Trujillo@etu.edu.tr', '05553799881'),
(18030203, 'Amiah', 'Madden', '2000/10/12', 1, '2018/9/22', 2.05, 'Amiah.Madden@etu.edu.tr', '05678563810'),
(20030303, 'Norah', 'Rivas', '1998/7/1', 1, '2020/3/14', 1.29, 'Norah.Rivas@etu.edu.tr', '05034752938'),
(20030204, 'Darius', 'Cannon', '1998/1/25', 0, '2020/9/19', 1.86, 'Darius.Cannon@etu.edu.tr', '05880430538'),
(20010104, 'Marley', 'Drake', '2002/8/2', 0, '2020/3/1', 1.06, 'Marley.Drake@etu.edu.tr', '05861993721'),
(22020301, 'Eliana', 'Salinas', '2001/2/19', 1, '2022/5/21', 0.94, 'Eliana.Salinas@etu.edu.tr', '05652144984'),
(19010205, 'Terry', 'Moore', '2000/8/19', 0, '2019/7/3', 3.01, 'Terry.Moore@etu.edu.tr', '05528342192'),
(22010201, 'Riley', 'Christian', '2004/8/9', 1, '2022/1/27', 2.96, 'Riley.Christian@etu.edu.tr', '05520347501'),
(21010201, 'Diana', 'Andrews', '2002/9/27', 1, '2021/1/14', 2.79, 'Diana.Andrews@etu.edu.tr', '05335805129'),
(21010202, 'Helena', 'Greer', '2003/9/19', 1, '2021/8/3', 2.80, 'Helena.Greer@etu.edu.tr', '05833116986'),
(21020104, 'Zara', 'Weiss', '2003/9/19', 1, '2021/7/16', 1.09, 'Zara.Weiss@etu.edu.tr', '05897822270'),
(18020102, 'Chloe', 'Marsh', '1998/8/9', 1, '2018/6/25', 2.38, 'Chloe.Marsh@etu.edu.tr', '05448416953'),
(21010203, 'Melina', 'Cabrera', '2003/5/12', 1, '2021/2/23', 3.24, 'Melina.Cabrera@etu.edu.tr', '05576447651'),
(20020302, 'Macey', 'Price', '1999/6/23', 1, '2020/5/21', 2.10, 'Macey.Price@etu.edu.tr', '05959492016'),
(21020105, 'Giuliana', 'Gonzalez', '2000/4/16', 1, '2021/5/14', 1.76, 'Giuliana.Gonzalez@etu.edu.tr', '05889457401'),
(20010105, 'Tristan', 'Berg', '2000/10/13', 0, '2020/8/12', 2.58, 'Tristan.Berg@etu.edu.tr', '05064009798'),
(19030301, 'Aleena', 'Nunez', '1998/10/18', 1, '2019/8/23', 1.55, 'Aleena.Nunez@etu.edu.tr', '05781039112'),
(18020103, 'Britney', 'Walker', '2000/11/16', 1, '2018/8/23', 1.92, 'Britney.Walker@etu.edu.tr', '05036097065'),
(18020104, 'Braeden', 'Leach', '1997/2/23', 0, '2018/8/23', 0.19, 'Braeden.Leach@etu.edu.tr', '05938113949'),
(18030103, 'Gage', 'Herman', '1996/8/19', 0, '2018/2/25', 3.27, 'Gage.Herman@etu.edu.tr', '05349713928'),
(19010206, 'Tyler', 'Erickson', '2000/9/25', 0, '2019/4/25', 1.50, 'Tyler.Erickson@etu.edu.tr', '05292336730'),
(22010102, 'Ronan', 'Shannon', '2002/1/20', 0, '2022/1/10', 2.58, 'Ronan.Shannon@etu.edu.tr', '05282462830'),
(19020202, 'Gauge', 'Wong', '1998/8/9', 0, '2019/6/27', 2.30, 'Gauge.Wong@etu.edu.tr', '05228468133'),
(19030104, 'Callum', 'Burns', '1997/12/23', 0, '2019/2/19', 2.48, 'Callum.Burns@etu.edu.tr', '05687118572'),
(22010202, 'Nasir', 'Stokes', '2001/2/21', 0, '2022/6/1', 2.45, 'Nasir.Stokes@etu.edu.tr', '05417823583'),
(19030203, 'Addison', 'Jordan', '2000/1/16', 0, '2019/5/2', 3.19, 'Addison.Jordan@etu.edu.tr', '05736724018'),
(19010207, 'Saniya', 'Fowler', '1998/11/25', 1, '2019/8/10', 1.87, 'Saniya.Fowler@etu.edu.tr', '05239191806'),
(21010105, 'Sylvia', 'Brewer', '2002/5/2', 1, '2021/6/19', 1.20, 'Sylvia.Brewer@etu.edu.tr', '05988853991'),
(21010204, 'Kaya', 'Dudley', '2000/9/10', 1, '2021/6/4', 3.34, 'Kaya.Dudley@etu.edu.tr', '05429526263'),
(20030205, 'Sophia', 'Frazier', '1999/11/21', 1, '2020/3/16', 3.22, 'Sophia.Frazier@etu.edu.tr', '05359107538'),
(22020103, 'Averie', 'Floyd', '2004/8/2', 1, '2022/2/1', 3.34, 'Averie.Floyd@etu.edu.tr', '05388282176'),
(18010204, 'Zachery', 'Costa', '1999/1/16', 0, '2018/1/27', 3.11, 'Zachery.Costa@etu.edu.tr', '05296282663'),
(21030204, 'Aidan', 'Mejia', '2000/6/8', 0, '2021/9/10', 1.01, 'Aidan.Mejia@etu.edu.tr', '05891909850'),
(19030302, 'Brynlee', 'Terrell', '2000/11/3', 1, '2019/7/23', 1.39, 'Brynlee.Terrell@etu.edu.tr', '05524813188'),
(18030204, 'Odin', 'Lyons', '1996/8/27', 0, '2018/8/21', 2.84, 'Odin.Lyons@etu.edu.tr', '05677267030'),
(22010203, 'Amber', 'Bryant', '2002/1/13', 1, '2022/5/3', 3.31, 'Amber.Bryant@etu.edu.tr', '05697848811'),
(22030301, 'Kyler', 'Miranda', '2003/12/13', 0, '2022/8/28', 2.20, 'Kyler.Miranda@etu.edu.tr', '05623851405'),
(18030303, 'London', 'Goodwin', '1997/8/14', 1, '2018/6/2', 1.92, 'London.Goodwin@etu.edu.tr', '05057894316'),
(19020203, 'Lilyana', 'Owens', '1998/1/3', 1, '2019/3/16', 1.88, 'Lilyana.Owens@etu.edu.tr', '05557808325'),
(22030203, 'Melissa', 'Oconnell', '2000/8/14', 1, '2022/5/19', 3.36, 'Melissa.Oconnell@etu.edu.tr', '05257862544'),
(18010103, 'Kenya', 'Newman', '1996/11/2', 1, '2018/8/9', 2.99, 'Kenya.Newman@etu.edu.tr', '05277804020'),
(19010208, 'Ada', 'Potts', '2001/4/27', 1, '2019/4/28', 1.24, 'Ada.Potts@etu.edu.tr', '05893200418'),
(22010103, 'Kimora', 'Mosley', '2001/5/18', 1, '2022/9/27', 2.73, 'Kimora.Mosley@etu.edu.tr', '05651687203'),
(20020204, 'Beau', 'Williams', '2002/11/15', 0, '2020/4/9', 3.82, 'Beau.Williams@etu.edu.tr', '05001331540'),
(20010106, 'Raina', 'Dougherty', '1998/11/26', 1, '2020/5/15', 2.92, 'Raina.Dougherty@etu.edu.tr', '05651338930'),
(21030106, 'Rylan', 'Brandt', '2002/9/2', 0, '2021/6/3', 3.11, 'Rylan.Brandt@etu.edu.tr', '05849764395'),
(20010107, 'Ethen', 'Lopez', '2001/10/22', 0, '2020/1/9', 1.02, 'Ethen.Lopez@etu.edu.tr', '05530322327'),
(20010203, 'Angela', 'Andrade', '2002/8/15', 1, '2020/9/18', 3.94, 'Angela.Andrade@etu.edu.tr', '05606714535'),
(20020205, 'Mathias', 'Gaines', '2000/3/22', 0, '2020/7/5', 2.02, 'Mathias.Gaines@etu.edu.tr', '05822419546'),
(18010205, 'Rashad', 'Morse', '1997/2/18', 0, '2018/3/27', 2.16, 'Rashad.Morse@etu.edu.tr', '05437201400'),
(22030105, 'Khloe', 'Mcdonald', '2004/1/8', 1, '2022/2/20', 0.00, 'Khloe.Mcdonald@etu.edu.tr', '05466329340'),
(18010104, 'Carmelo', 'Norman', '1998/6/26', 0, '2018/3/24', 2.02, 'Carmelo.Norman@etu.edu.tr', '05041590206'),
(20020206, 'Sarahi', 'Morton', '2001/4/25', 1, '2020/9/6', 1.96, 'Sarahi.Morton@etu.edu.tr', '05590902607'),
(19020304, 'Savanah', 'Garcia', '1999/5/14', 1, '2019/5/12', 0.21, 'Savanah.Garcia@etu.edu.tr', '05971068932'),
(19030105, 'Blaze', 'Hanna', '2000/7/13', 0, '2019/6/27', 2.04, 'Blaze.Hanna@etu.edu.tr', '05324592407'),
(21030205, 'Faith', 'Butler', '2002/7/17', 1, '2021/8/11', 2.56, 'Faith.Butler@etu.edu.tr', '05118217317'),
(20030104, 'Shawn', 'Branch', '2001/2/13', 0, '2020/4/15', 3.06, 'Shawn.Branch@etu.edu.tr', '05167401487'),
(20010108, 'Iliana', 'Crosby', '2000/8/9', 1, '2020/4/21', 3.32, 'Iliana.Crosby@etu.edu.tr', '05210893833'),
(18020202, 'Colten', 'Kennedy', '1999/9/25', 0, '2018/1/10', 3.40, 'Colten.Kennedy@etu.edu.tr', '05887750508'),
(22010303, 'Jalen', 'Hays', '2001/6/18', 0, '2022/1/9', 0.37, 'Jalen.Hays@etu.edu.tr', '05000291961'),
(22030106, 'Nyasia', 'Gordon', '2002/5/18', 1, '2022/8/22', 2.23, 'Nyasia.Gordon@etu.edu.tr', '05441770610'),
(21030206, 'Jazmin', 'Stanley', '2000/7/25', 1, '2021/6/19', 1.71, 'Jazmin.Stanley@etu.edu.tr', '05639591220'),
(19020204, 'Jaylin', 'Hoffman', '1999/2/7', 0, '2019/8/14', 0.09, 'Jaylin.Hoffman@etu.edu.tr', '05490594772'),
(20020303, 'Cory', 'Nelson', '2001/2/24', 0, '2020/6/11', 1.11, 'Cory.Nelson@etu.edu.tr', '05920891482'),
(20010302, 'Yandel', 'Wright', '2002/2/23', 0, '2020/9/22', 1.46, 'Yandel.Wright@etu.edu.tr', '05005321925'),
(19020305, 'Samson', 'Kelly', '1997/2/17', 0, '2019/4/19', 0.17, 'Samson.Kelly@etu.edu.tr', '05011214343'),
(19010302, 'Glenn', 'Blair', '2001/8/25', 0, '2019/9/18', 0.10, 'Glenn.Blair@etu.edu.tr', '05758386314'),
(21020306, 'Braylon', 'Molina', '2000/8/8', 0, '2021/3/14', 0.33, 'Braylon.Molina@etu.edu.tr', '05787916208'),
(20010303, 'Evan', 'Alvarez', '2002/4/19', 0, '2020/4/8', 1.67, 'Evan.Alvarez@etu.edu.tr', '05839714821'),
(19020105, 'Cortez', 'Higgins', '1999/10/19', 0, '2019/2/1', 0.20, 'Cortez.Higgins@etu.edu.tr', '05998115027'),
(18010206, 'Bridget', 'Hensley', '1996/2/16', 1, '2018/8/25', 2.36, 'Bridget.Hensley@etu.edu.tr', '05993753791'),
(19030204, 'Irvin', 'Swanson', '2001/5/6', 0, '2019/4/10', 0.49, 'Irvin.Swanson@etu.edu.tr', '05787603346'),
(21030207, 'August', 'Mccall', '2000/12/4', 0, '2021/4/17', 1.38, 'August.Mccall@etu.edu.tr', '05902162204'),
(19030303, 'Andrea', 'Simmons', '2000/8/9', 1, '2019/6/28', 3.21, 'Andrea.Simmons@etu.edu.tr', '05695997346'),
(21010205, 'Karla', 'Mckay', '2000/6/24', 1, '2021/5/8', 3.79, 'Karla.Mckay@etu.edu.tr', '05155211395'),
(18030304, 'Carlee', 'Rowland', '2000/8/13', 1, '2018/1/14', 2.27, 'Carlee.Rowland@etu.edu.tr', '05530884351'),
(19020106, 'Abril', 'Cowan', '1997/6/24', 1, '2019/4/19', 3.39, 'Abril.Cowan@etu.edu.tr', '05262485499'),
(18030305, 'Adrian', 'Sellers', '1999/5/20', 0, '2018/2/27', 0.63, 'Adrian.Sellers@etu.edu.tr', '05753352534'),
(22030204, 'Neil', 'Pollard', '2000/1/11', 0, '2022/2/27', 1.32, 'Neil.Pollard@etu.edu.tr', '05019899280'),
(20030206, 'Ralph', 'Waters', '2000/7/16', 0, '2020/4/2', 0.92, 'Ralph.Waters@etu.edu.tr', '05089415785'),
(20020103, 'Isai', 'Key', '2002/10/13', 0, '2020/3/2', 1.01, 'Isai.Key@etu.edu.tr', '05147518433'),
(22020205, 'Nash', 'Johnston', '2004/10/22', 0, '2022/8/13', 3.20, 'Nash.Johnston@etu.edu.tr', '05872883483'),
(22030107, 'Bryce', 'Fox', '2004/2/9', 0, '2022/9/15', 0.25, 'Bryce.Fox@etu.edu.tr', '05093734582'),
(18010304, 'Abbigail', 'Rodgers', '1999/2/18', 1, '2018/4/15', 1.24, 'Abbigail.Rodgers@etu.edu.tr', '05796979547'),
(22010304, 'Natalee', 'Lawrence', '2002/11/7', 1, '2022/2/16', 2.23, 'Natalee.Lawrence@etu.edu.tr', '05656749843'),
(20010204, 'Alexandria', 'Kelley', '1999/4/3', 1, '2020/4/9', 1.68, 'Alexandria.Kelley@etu.edu.tr', '05478684970'),
(18030205, 'Brenna', 'Marks', '1999/5/4', 1, '2018/3/1', 1.52, 'Brenna.Marks@etu.edu.tr', '05778594580'),
(18010305, 'Jared', 'Vaughn', '1997/9/22', 0, '2018/9/20', 3.46, 'Jared.Vaughn@etu.edu.tr', '05395438359'),
(18030104, 'Logan', 'Dean', '1996/7/21', 1, '2018/4/27', 0.75, 'Logan.Dean@etu.edu.tr', '05854717236'),
(21020201, 'Annabelle', 'Brock', '2001/3/9', 1, '2021/8/26', 1.02, 'Annabelle.Brock@etu.edu.tr', '05331365187'),
(19030304, 'Kristen', 'Bradley', '1998/9/10', 1, '2019/7/26', 3.71, 'Kristen.Bradley@etu.edu.tr', '05890286714'),
(18010207, 'Yamilet', 'Guerrero', '2000/10/20', 1, '2018/7/28', 3.88, 'Yamilet.Guerrero@etu.edu.tr', '05780350489'),
(21010302, 'Isis', 'Vang', '1999/10/15', 1, '2021/8/20', 1.89, 'Isis.Vang@etu.edu.tr', '05236057382'),
(20010205, 'Darren', 'Sanford', '1998/9/27', 0, '2020/5/4', 2.54, 'Darren.Sanford@etu.edu.tr', '05241251584'),
(22020302, 'Kailee', 'Quinn', '2002/3/23', 1, '2022/8/17', 0.91, 'Kailee.Quinn@etu.edu.tr', '05855779415'),
(21020106, 'Trent', 'Heath', '2001/1/10', 0, '2021/1/20', 1.00, 'Trent.Heath@etu.edu.tr', '05666526867'),
(18020301, 'Jaquan', 'Massey', '1996/2/7', 0, '2018/5/19', 3.87, 'Jaquan.Massey@etu.edu.tr', '05423404591'),
(22010305, 'Martin', 'Ball', '2004/5/7', 0, '2022/1/19', 1.37, 'Martin.Ball@etu.edu.tr', '05648756236'),
(18020302, 'Neveah', 'Frank', '2000/6/19', 1, '2018/7/23', 3.00, 'Neveah.Frank@etu.edu.tr', '05237460378'),
(21010206, 'Breanna', 'Foley', '1999/9/24', 1, '2021/7/14', 0.42, 'Breanna.Foley@etu.edu.tr', '05919123381'),
(21030208, 'Jameson', 'Bowman', '2000/4/10', 0, '2021/3/2', 2.14, 'Jameson.Bowman@etu.edu.tr', '05846220389'),
(19020107, 'Maeve', 'York', '2001/8/24', 1, '2019/8/24', 3.87, 'Maeve.York@etu.edu.tr', '05387320660'),
(18020203, 'Maleah', 'Fleming', '1998/11/9', 1, '2018/2/1', 0.30, 'Maleah.Fleming@etu.edu.tr', '05605957291'),
(21010106, 'Alani', 'Armstrong', '2000/11/24', 1, '2021/4/11', 3.68, 'Alani.Armstrong@etu.edu.tr', '05909124032'),
(21030107, 'Abdiel', 'Sheppard', '2000/11/3', 0, '2021/7/8', 2.80, 'Abdiel.Sheppard@etu.edu.tr', '05310114993'),
(20030207, 'Jordyn', 'Long', '1998/8/17', 0, '2020/6/16', 3.52, 'Jordyn.Long@etu.edu.tr', '05665244972'),
(20020304, 'Yusuf', 'Paul', '2002/4/10', 0, '2020/1/2', 1.41, 'Yusuf.Paul@etu.edu.tr', '05460523420'),
(20020104, 'Cherish', 'Roberts', '1998/12/3', 1, '2020/3/7', 2.67, 'Cherish.Roberts@etu.edu.tr', '05619667034'),
(18010306, 'Dorian', 'Espinoza', '1999/11/13', 0, '2018/4/1', 2.80, 'Dorian.Espinoza@etu.edu.tr', '05809273721'),
(19010303, 'Rosemary', 'Simon', '2001/10/10', 1, '2019/8/4', 1.17, 'Rosemary.Simon@etu.edu.tr', '05438081259'),
(22020104, 'Cassidy', 'Wagner', '2004/6/3', 1, '2022/8/11', 3.76, 'Cassidy.Wagner@etu.edu.tr', '05797901334'),
(20010206, 'Louis', 'Potter', '2000/3/14', 0, '2020/4/11', 1.78, 'Louis.Potter@etu.edu.tr', '05175884418'),
(22030108, 'Kennedi', 'Benjamin', '2002/8/13', 1, '2022/7/19', 1.42, 'Kennedi.Benjamin@etu.edu.tr', '05466665234'),
(18020204, 'Ryker', 'Choi', '1998/5/1', 0, '2018/3/28', 0.50, 'Ryker.Choi@etu.edu.tr', '05388007885'),
(22020105, 'Wesley', 'Bennett', '2004/2/7', 0, '2022/6/22', 2.48, 'Wesley.Bennett@etu.edu.tr', '05847250402'),
(19020205, 'Aspen', 'Santiago', '1999/10/20', 1, '2019/9/28', 2.06, 'Aspen.Santiago@etu.edu.tr', '05331406538'),
(18030306, 'Larissa', 'Rice', '1997/12/18', 1, '2018/7/17', 2.84, 'Larissa.Rice@etu.edu.tr', '05573802393'),
(19010304, 'Rory', 'Walls', '1999/2/2', 0, '2019/6/7', 2.74, 'Rory.Walls@etu.edu.tr', '05622095018'),
(21030301, 'Tiana', 'Nash', '2000/8/13', 1, '2021/7/4', 1.34, 'Tiana.Nash@etu.edu.tr', '05691553530'),
(21010207, 'Hailey', 'Alvarado', '2001/6/18', 1, '2021/7/20', 0.92, 'Hailey.Alvarado@etu.edu.tr', '05624494995'),
(19010305, 'Jacquelyn', 'Zhang', '2001/5/22', 1, '2019/8/13', 1.13, 'Jacquelyn.Zhang@etu.edu.tr', '05555484785'),
(18020205, 'Mariah', 'Shea', '1998/3/20', 1, '2018/1/12', 3.07, 'Mariah.Shea@etu.edu.tr', '05641126845'),
(18010105, 'Desmond', 'Pittman', '1996/4/16', 0, '2018/8/12', 0.56, 'Desmond.Pittman@etu.edu.tr', '05529886319'),
(20030208, 'Karley', 'Meyers', '1999/5/12', 1, '2020/7/11', 1.30, 'Karley.Meyers@etu.edu.tr', '05377402123'),
(22030205, 'Athena', 'Ellis', '2001/12/11', 1, '2022/5/23', 0.40, 'Athena.Ellis@etu.edu.tr', '05005020467'),
(18030105, 'Alyssa', 'Orr', '1997/7/1', 1, '2018/6/15', 1.85, 'Alyssa.Orr@etu.edu.tr', '05002847981'),
(18020303, 'Josh', 'Ayers', '1996/6/9', 0, '2018/7/24', 2.46, 'Josh.Ayers@etu.edu.tr', '05068026668'),
(22010306, 'Tobias', 'Meyer', '2003/11/24', 0, '2022/8/17', 3.03, 'Tobias.Meyer@etu.edu.tr', '05046958012'),
(22020106, 'Cecilia', 'Livingston', '2001/3/27', 1, '2022/5/11', 0.76, 'Cecilia.Livingston@etu.edu.tr', '05269686241'),
(22020303, 'Zayden', 'Boone', '2002/10/17', 0, '2022/5/18', 1.53, 'Zayden.Boone@etu.edu.tr', '05050076473'),
(21020202, 'Courtney', 'Zavala', '2002/3/18', 1, '2021/1/1', 3.83, 'Courtney.Zavala@etu.edu.tr', '05643518944'),
(18010307, 'Brenda', 'Schwartz', '1996/4/4', 1, '2018/2/5', 3.17, 'Brenda.Schwartz@etu.edu.tr', '05324182567'),
(21020203, 'Skyler', 'Calhoun', '2002/4/7', 1, '2021/5/3', 3.50, 'Skyler.Calhoun@etu.edu.tr', '05665577202'),
(18020105, 'Nora', 'Mcintosh', '1996/5/2', 1, '2018/5/17', 3.90, 'Nora.Mcintosh@etu.edu.tr', '05005273095'),
(22030109, 'Claudia', 'Cole', '2002/4/22', 1, '2022/8/11', 0.05, 'Claudia.Cole@etu.edu.tr', '05970111582'),
(20030304, 'Devyn', 'Farmer', '2002/10/17', 0, '2020/4/19', 0.12, 'Devyn.Farmer@etu.edu.tr', '05175301354'),
(21030108, 'Charles', 'Sparks', '2001/12/4', 0, '2021/5/19', 0.82, 'Charles.Sparks@etu.edu.tr', '05178260454'),
(22020206, 'Bailee', 'Savage', '2002/3/13', 1, '2022/4/27', 1.58, 'Bailee.Savage@etu.edu.tr', '05448851876'),
(20030305, 'Blake', 'Holland', '1998/4/18', 0, '2020/4/19', 3.97, 'Blake.Holland@etu.edu.tr', '05236133705'),
(19020206, 'Lena', 'Roy', '2000/2/7', 1, '2019/5/12', 1.02, 'Lena.Roy@etu.edu.tr', '05003978846'),
(21010303, 'Emmy', 'Hatfield', '2002/6/25', 1, '2021/1/3', 0.99, 'Emmy.Hatfield@etu.edu.tr', '05243367070'),
(21020307, 'Maia', 'Richmond', '1999/12/22', 1, '2021/3/17', 1.96, 'Maia.Richmond@etu.edu.tr', '05428725283'),
(21030302, 'Kailey', 'Goodman', '1999/7/23', 1, '2021/9/24', 1.05, 'Kailey.Goodman@etu.edu.tr', '05976102389'),
(20020305, 'Mike', 'Charles', '2002/3/11', 0, '2020/8/16', 0.97, 'Mike.Charles@etu.edu.tr', '05023241701'),
(22010104, 'Molly', 'Allen', '2001/11/17', 1, '2022/3/26', 3.67, 'Molly.Allen@etu.edu.tr', '05669308324'),
(20010207, 'Valery', 'Ferguson', '2001/12/10', 1, '2020/3/18', 3.38, 'Valery.Ferguson@etu.edu.tr', '05200063717'),
(18030206, 'Zaiden', 'Daniels', '1997/5/18', 0, '2018/3/11', 3.86, 'Zaiden.Daniels@etu.edu.tr', '05801143414'),
(22030206, 'Madilynn', 'Blanchard', '2002/11/23', 1, '2022/5/19', 2.43, 'Madilynn.Blanchard@etu.edu.tr', '05413479158'),
(20030105, 'Ean', 'Ware', '2001/2/2', 0, '2020/7/2', 1.17, 'Ean.Ware@etu.edu.tr', '05142310998'),
(19030205, 'Alaina', 'Huber', '2001/10/19', 1, '2019/8/13', 3.09, 'Alaina.Huber@etu.edu.tr', '05380638070'),
(22020107, 'Antwan', 'French', '2002/3/24', 0, '2022/2/18', 1.18, 'Antwan.French@etu.edu.tr', '05688335147'),
(21030303, 'Kadyn', 'Kaufman', '2003/9/9', 0, '2021/8/26', 2.81, 'Kadyn.Kaufman@etu.edu.tr', '05611592079'),
(19030305, 'Gunner', 'Jacobson', '1999/10/14', 0, '2019/5/2', 1.59, 'Gunner.Jacobson@etu.edu.tr', '05579092624'),
(22030207, 'Annabella', 'Lane', '2003/12/6', 1, '2022/1/14', 2.62, 'Annabella.Lane@etu.edu.tr', '05634698138'),
(20020105, 'Jamari', 'Dodson', '2002/6/27', 0, '2020/1/3', 2.80, 'Jamari.Dodson@etu.edu.tr', '05664235134'),
(18030207, 'Jeramiah', 'Ibarra', '1998/5/26', 0, '2018/3/23', 2.96, 'Jeramiah.Ibarra@etu.edu.tr', '05543032406'),
(21020107, 'Yesenia', 'Galloway', '2001/5/13', 1, '2021/5/16', 0.46, 'Yesenia.Galloway@etu.edu.tr', '05702441628'),
(19030206, 'Anna', 'Mcmahon', '2000/1/25', 1, '2019/5/2', 3.84, 'Anna.Mcmahon@etu.edu.tr', '05501777885'),
(20030106, 'Moises', 'Raymond', '2001/6/26', 0, '2020/6/27', 2.61, 'Moises.Raymond@etu.edu.tr', '05592888695'),
(21020308, 'Nathalie', 'Whitehead', '2003/6/16', 1, '2021/7/19', 0.28, 'Nathalie.Whitehead@etu.edu.tr', '05556119909'),
(20010304, 'Humberto', 'Davis', '1999/10/9', 0, '2020/1/14', 2.38, 'Humberto.Davis@etu.edu.tr', '05455238041'),
(18030307, 'Arnav', 'Ayala', '1998/9/26', 0, '2018/1/10', 0.74, 'Arnav.Ayala@etu.edu.tr', '05255607105'),
(19020108, 'Barrett', 'Fields', '2001/1/5', 0, '2019/9/4', 2.95, 'Barrett.Fields@etu.edu.tr', '05499861914'),
(22030110, 'Raquel', 'Bender', '2004/12/15', 1, '2022/9/4', 3.71, 'Raquel.Bender@etu.edu.tr', '05563585250'),
(22010204, 'Josephine', 'Norton', '2003/3/19', 1, '2022/9/17', 0.49, 'Josephine.Norton@etu.edu.tr', '05969635977'),
(21020108, 'Edgar', 'Stevenson', '2003/6/1', 0, '2021/7/3', 3.82, 'Edgar.Stevenson@etu.edu.tr', '05245517798'),
(20020106, 'Darien', 'Whitney', '2002/12/6', 0, '2020/3/11', 1.43, 'Darien.Whitney@etu.edu.tr', '05029060938'),
(19020306, 'Amina', 'Michael', '1998/8/21', 1, '2019/7/27', 3.83, 'Amina.Michael@etu.edu.tr', '05615903598'),
(20020306, 'Alena', 'Gardner', '1998/2/27', 1, '2020/4/24', 1.76, 'Alena.Gardner@etu.edu.tr', '05165977525'),
(19020207, 'Luke', 'Johns', '1999/12/7', 0, '2019/7/13', 3.41, 'Luke.Johns@etu.edu.tr', '05023692352'),
(19020307, 'Harrison', 'Valenzuela', '1997/4/14', 0, '2019/8/7', 3.68, 'Harrison.Valenzuela@etu.edu.tr', '05231983261'),
(21020204, 'Gabriela', 'Garrett', '2003/2/24', 1, '2021/4/17', 1.97, 'Gabriela.Garrett@etu.edu.tr', '05898232535'),
(20010305, 'Antonio', 'Gillespie', '2001/10/19', 0, '2020/6/12', 2.32, 'Antonio.Gillespie@etu.edu.tr', '05433430871'),
(19010103, 'Alicia', 'Harrington', '1997/4/19', 1, '2019/1/25', 0.20, 'Alicia.Harrington@etu.edu.tr', '05675032720'),
(22010205, 'Holden', 'Wu', '2000/11/13', 0, '2022/4/28', 3.07, 'Holden.Wu@etu.edu.tr', '05205819615'),
(20030209, 'Hadassah', 'Hardin', '1998/9/9', 1, '2020/9/8', 2.43, 'Hadassah.Hardin@etu.edu.tr', '05059670826'),
(20020107, 'America', 'Barr', '2001/12/22', 1, '2020/8/27', 1.37, 'America.Barr@etu.edu.tr', '05421885221'),
(18020304, 'Charity', 'Townsend', '1998/3/2', 1, '2018/5/14', 1.95, 'Charity.Townsend@etu.edu.tr', '05720836033'),
(21010107, 'Noe', 'Barnes', '2002/9/25', 0, '2021/1/12', 3.23, 'Noe.Barnes@etu.edu.tr', '05863526075'),
(18020206, 'Irene', 'Calderon', '1997/7/25', 1, '2018/7/2', 0.03, 'Irene.Calderon@etu.edu.tr', '05576848429'),
(18010208, 'Teagan', 'Knox', '1998/10/24', 0, '2018/1/28', 2.04, 'Teagan.Knox@etu.edu.tr', '05225777449'),
(19020109, 'Giovanni', 'Reese', '1999/7/3', 0, '2019/8/1', 2.97, 'Giovanni.Reese@etu.edu.tr', '05468108688'),
(19030106, 'Landon', 'Finley', '2001/3/20', 0, '2019/8/6', 3.02, 'Landon.Finley@etu.edu.tr', '05218140853'),
(18030308, 'Esmeralda', 'Gallegos', '1996/6/7', 1, '2018/8/16', 1.50, 'Esmeralda.Gallegos@etu.edu.tr', '05508086952'),
(20030210, 'Aniya', 'Villarreal', '2000/8/8', 1, '2020/4/14', 3.85, 'Aniya.Villarreal@etu.edu.tr', '05401810131'),
(19020208, 'Steven', 'Love', '2000/2/7', 0, '2019/5/19', 0.85, 'Steven.Love@etu.edu.tr', '05291233574'),
(20030107, 'Yael', 'Pearson', '1998/11/13', 0, '2020/1/19', 3.21, 'Yael.Pearson@etu.edu.tr', '05128900687'),
(18010308, 'Freddy', 'Ford', '2000/10/2', 0, '2018/4/21', 0.29, 'Freddy.Ford@etu.edu.tr', '05958326833'),
(19020308, 'Nola', 'Richards', '1997/3/12', 1, '2019/1/17', 2.04, 'Nola.Richards@etu.edu.tr', '05632461821'),
(18030309, 'Alessandro', 'Mckinney', '1998/7/1', 0, '2018/8/8', 1.24, 'Alessandro.Mckinney@etu.edu.tr', '05790140981'),
(22010307, 'Braydon', 'Mathews', '2000/8/24', 0, '2022/6/4', 3.93, 'Braydon.Mathews@etu.edu.tr', '05562961945'),
(21010108, 'Lewis', 'Adkins', '2003/7/24', 0, '2021/9/23', 0.18, 'Lewis.Adkins@etu.edu.tr', '05613010734'),
(18010106, 'Eddie', 'Kramer', '1996/8/22', 0, '2018/4/24', 2.21, 'Eddie.Kramer@etu.edu.tr', '05763043438'),
(20010306, 'Kaelyn', 'Fuller', '1999/9/22', 1, '2020/7/24', 0.20, 'Kaelyn.Fuller@etu.edu.tr', '05441529209'),
(19010306, 'Azaria', 'Hayes', '1998/9/20', 1, '2019/1/12', 0.28, 'Azaria.Hayes@etu.edu.tr', '05174613394'),
(22030302, 'Reina', 'Carr', '2000/6/2', 1, '2022/8/26', 0.16, 'Reina.Carr@etu.edu.tr', '05773271328'),
(22030208, 'Ashton', 'Nguyen', '2004/8/4', 0, '2022/3/6', 3.81, 'Ashton.Nguyen@etu.edu.tr', '05076138603'),
(21030109, 'Jaylee', 'Jarvis', '2002/6/15', 1, '2021/1/9', 1.79, 'Jaylee.Jarvis@etu.edu.tr', '05789901162'),
(20030211, 'Araceli', 'Padilla', '1998/12/26', 1, '2020/5/23', 2.22, 'Araceli.Padilla@etu.edu.tr', '05974806492'),
(22030303, 'Zion', 'Benitez', '2001/7/2', 0, '2022/6/13', 0.04, 'Zion.Benitez@etu.edu.tr', '05664518473'),
(21020109, 'Makaila', 'Ortiz', '2002/6/8', 1, '2021/7/3', 2.18, 'Makaila.Ortiz@etu.edu.tr', '05806826725'),
(20020307, 'Evie', 'Carrillo', '2001/1/6', 1, '2020/4/26', 2.71, 'Evie.Carrillo@etu.edu.tr', '05561634557'),
(19030107, 'Dayanara', 'Cooper', '1997/1/21', 1, '2019/7/3', 0.18, 'Dayanara.Cooper@etu.edu.tr', '05339115648'),
(18020207, 'Skylar', 'Bullock', '2000/1/12', 0, '2018/5/24', 2.21, 'Skylar.Bullock@etu.edu.tr', '05202646460'),
(21010208, 'Brock', 'Hernandez', '2002/8/10', 0, '2021/3/14', 3.68, 'Brock.Hernandez@etu.edu.tr', '05963445714'),
(22010308, 'Jakobe', 'Lynn', '2000/9/11', 0, '2022/2/27', 0.20, 'Jakobe.Lynn@etu.edu.tr', '05833451803'),
(21020110, 'Deanna', 'Barber', '2000/8/3', 1, '2021/9/27', 3.89, 'Deanna.Barber@etu.edu.tr', '05249965399'),
(19030108, 'Monserrat', 'Marquez', '2000/12/18', 1, '2019/8/19', 1.57, 'Monserrat.Marquez@etu.edu.tr', '05102114852'),
(19020110, 'Cael', 'West', '1997/8/17', 0, '2019/1/11', 0.56, 'Cael.West@etu.edu.tr', '05886980611'),
(20030212, 'Deon', 'Rogers', '2002/6/1', 0, '2020/5/23', 0.88, 'Deon.Rogers@etu.edu.tr', '05825323517'),
(20020108, 'Jaydon', 'Chan', '2000/2/1', 0, '2020/8/12', 3.30, 'Jaydon.Chan@etu.edu.tr', '05715948081'),
(21030209, 'Sonny', 'Murphy', '2001/6/24', 0, '2021/6/26', 1.96, 'Sonny.Murphy@etu.edu.tr', '05455457147'),
(20030108, 'Amari', 'Reilly', '1998/7/8', 1, '2020/2/17', 1.51, 'Amari.Reilly@etu.edu.tr', '05041923150'),
(22010309, 'Eliezer', 'Russell', '2003/10/28', 0, '2022/7/5', 2.57, 'Eliezer.Russell@etu.edu.tr', '05865441079'),
(22030111, 'Caitlyn', 'Riley', '2004/4/11', 1, '2022/6/12', 0.80, 'Caitlyn.Riley@etu.edu.tr', '05426579386'),
(22020207, 'Jonas', 'Fitzgerald', '2002/11/26', 0, '2022/3/27', 0.23, 'Jonas.Fitzgerald@etu.edu.tr', '05922999468'),
(21010304, 'Johnny', 'Haney', '2001/5/1', 0, '2021/1/14', 1.36, 'Johnny.Haney@etu.edu.tr', '05941890495'),
(19030306, 'Cassie', 'Braun', '1999/3/4', 1, '2019/4/6', 1.65, 'Cassie.Braun@etu.edu.tr', '05257176541'),
(18030208, 'Dakota', 'Rivera', '1997/9/6', 1, '2018/2/6', 1.64, 'Dakota.Rivera@etu.edu.tr', '05710255914'),
(20030109, 'Solomon', 'Ellison', '2001/2/6', 0, '2020/2/13', 1.65, 'Solomon.Ellison@etu.edu.tr', '05785214251'),
(18020106, 'Nevaeh', 'Day', '1999/1/13', 1, '2018/6/24', 2.20, 'Nevaeh.Day@etu.edu.tr', '05160943336'),
(19020309, 'Eric', 'Grimes', '1997/2/25', 0, '2019/5/12', 0.18, 'Eric.Grimes@etu.edu.tr', '05691031583'),
(18010309, 'Maya', 'Haley', '2000/4/10', 1, '2018/6/25', 2.03, 'Maya.Haley@etu.edu.tr', '05629705744'),
(21010209, 'Dana', 'Glenn', '1999/12/17', 1, '2021/1/22', 2.48, 'Dana.Glenn@etu.edu.tr', '05738936536'),
(21010305, 'Danika', 'Stevens', '2001/12/19', 1, '2021/3/2', 0.48, 'Danika.Stevens@etu.edu.tr', '05845402002'),
(19010307, 'Harley', 'Logan', '2001/8/20', 0, '2019/2/7', 2.25, 'Harley.Logan@etu.edu.tr', '05315224340'),
(19030207, 'Alayna', 'Graves', '1997/8/16', 1, '2019/8/23', 2.27, 'Alayna.Graves@etu.edu.tr', '05302362941'),
(22010206, 'Fatima', 'Farley', '2000/7/27', 1, '2022/6/21', 1.68, 'Fatima.Farley@etu.edu.tr', '05317792025'),
(21020309, 'Sage', 'Brady', '2003/11/22', 1, '2021/8/27', 0.54, 'Sage.Brady@etu.edu.tr', '05472646892'),
(20030213, 'Bianca', 'Vance', '1998/6/4', 1, '2020/3/23', 1.94, 'Bianca.Vance@etu.edu.tr', '05494672876'),
(21010306, 'Laney', 'Benton', '2002/12/21', 1, '2021/6/13', 2.81, 'Laney.Benton@etu.edu.tr', '05656588809'),
(22010105, 'Gia', 'Meza', '2004/9/10', 1, '2022/5/17', 3.48, 'Gia.Meza@etu.edu.tr', '05347750588'),
(20010208, 'Spencer', 'Booker', '2001/7/5', 0, '2020/7/17', 0.65, 'Spencer.Booker@etu.edu.tr', '05655189030'),
(22010106, 'Ariel', 'Snow', '2001/3/23', 0, '2022/9/20', 1.99, 'Ariel.Snow@etu.edu.tr', '05406597173'),
(20020207, 'Braelyn', 'Mccann', '2000/8/26', 1, '2020/4/18', 3.37, 'Braelyn.Mccann@etu.edu.tr', '05383603899'),
(22020108, 'Mark', 'Burgess', '2000/1/27', 0, '2022/7/4', 2.89, 'Mark.Burgess@etu.edu.tr', '05747053111'),
(19030109, 'Tanner', 'Callahan', '1997/2/9', 0, '2019/3/26', 3.37, 'Tanner.Callahan@etu.edu.tr', '05885946882'),
(22030304, 'Alec', 'Lang', '2002/11/11', 0, '2022/8/12', 3.05, 'Alec.Lang@etu.edu.tr', '05163077131'),
(18020107, 'Elsa', 'Proctor', '2000/5/17', 1, '2018/4/1', 2.55, 'Elsa.Proctor@etu.edu.tr', '05472302623'),
(19030208, 'Mohamed', 'Elliott', '1997/4/3', 0, '2019/7/5', 2.59, 'Mohamed.Elliott@etu.edu.tr', '05006029212'),
(22010207, 'Michelle', 'Wilkinson', '2003/3/8', 1, '2022/4/1', 3.01, 'Michelle.Wilkinson@etu.edu.tr', '05244114916'),
(19030307, 'Marley', 'Cox', '2001/2/25', 1, '2019/7/26', 2.56, 'Marley.Cox@etu.edu.tr', '05902757366'),
(19030308, 'Caden', 'Mcdaniel', '1998/3/16', 0, '2019/7/27', 2.62, 'Caden.Mcdaniel@etu.edu.tr', '05983019308'),
(18010310, 'Micah', 'Carpenter', '1997/7/26', 0, '2018/8/16', 1.72, 'Micah.Carpenter@etu.edu.tr', '05398331710'),
(21010307, 'Leandro', 'Hunter', '2000/7/12', 0, '2021/5/26', 1.31, 'Leandro.Hunter@etu.edu.tr', '05612724675'),
(20030110, 'Deangelo', 'Anderson', '2002/9/21', 0, '2020/1/24', 3.61, 'Deangelo.Anderson@etu.edu.tr', '05313888305'),
(18010209, 'Taryn', 'Morales', '1996/3/28', 1, '2018/4/16', 3.06, 'Taryn.Morales@etu.edu.tr', '05716705886'),
(20030111, 'Sierra', 'Romero', '1998/8/22', 1, '2020/3/23', 1.12, 'Sierra.Romero@etu.edu.tr', '05379779375'),
(21010308, 'Mitchell', 'Cameron', '2000/11/21', 0, '2021/4/3', 3.72, 'Mitchell.Cameron@etu.edu.tr', '05603760098'),
(21010309, 'Karissa', 'Underwood', '2002/3/1', 1, '2021/7/4', 1.97, 'Karissa.Underwood@etu.edu.tr', '05726038690'),
(22010310, 'German', 'Hayden', '2003/6/5', 0, '2022/7/10', 3.98, 'German.Hayden@etu.edu.tr', '05963230338'),
(21030110, 'Arthur', 'Wilkerson', '2002/7/7', 0, '2021/4/22', 1.05, 'Arthur.Wilkerson@etu.edu.tr', '05065196576'),
(22010311, 'Sienna', 'Reyes', '2004/2/19', 1, '2022/4/25', 2.60, 'Sienna.Reyes@etu.edu.tr', '05107497160'),
(20020208, 'Lukas', 'Mccoy', '2000/8/26', 0, '2020/9/17', 3.63, 'Lukas.Mccoy@etu.edu.tr', '05605372570'),
(18010107, 'Scarlett', 'Martin', '2000/5/9', 1, '2018/6/5', 1.28, 'Scarlett.Martin@etu.edu.tr', '05809011087'),
(22020208, 'Phoenix', 'Vasquez', '2000/6/12', 0, '2022/9/11', 2.67, 'Phoenix.Vasquez@etu.edu.tr', '05293251563'),
(20030306, 'Devan', 'Melton', '2000/5/3', 0, '2020/2/6', 1.64, 'Devan.Melton@etu.edu.tr', '05110707178'),
(19030110, 'Tyrese', 'Pace', '2000/12/14', 0, '2019/2/14', 1.64, 'Tyrese.Pace@etu.edu.tr', '05195002030'),
(20020308, 'Briley', 'Dyer', '2000/3/21', 1, '2020/7/17', 0.48, 'Briley.Dyer@etu.edu.tr', '05991782505'),
(21020111, 'Edwin', 'Lucas', '2002/7/11', 0, '2021/2/21', 1.64, 'Edwin.Lucas@etu.edu.tr', '05174880894'),
(19010308, 'Marina', 'King', '1999/7/1', 1, '2019/9/11', 0.05, 'Marina.King@etu.edu.tr', '05905576198'),
(18030106, 'Kenyon', 'Garza', '1999/4/27', 0, '2018/9/22', 1.09, 'Kenyon.Garza@etu.edu.tr', '05231154874'),
(19030309, 'Alexzander', 'Suarez', '1997/9/24', 0, '2019/7/20', 0.94, 'Alexzander.Suarez@etu.edu.tr', '05656470962'),
(22030209, 'Regina', 'Murillo', '2002/9/2', 1, '2022/5/4', 3.70, 'Regina.Murillo@etu.edu.tr', '05746271934'),
(18010108, 'Jovanni', 'Odonnell', '1996/1/16', 0, '2018/4/25', 1.47, 'Jovanni.Odonnell@etu.edu.tr', '05090848108'),
(19030310, 'Jaron', 'Henson', '2001/4/2', 0, '2019/9/21', 2.35, 'Jaron.Henson@etu.edu.tr', '05817721208'),
(19030311, 'Natalya', 'Roman', '1997/2/5', 1, '2019/9/16', 2.60, 'Natalya.Roman@etu.edu.tr', '05589730573'),
(21020310, 'Kylie', 'Jones', '1999/9/24', 1, '2021/2/6', 3.47, 'Kylie.Jones@etu.edu.tr', '05085972268'),
(20030307, 'Lamont', 'Cisneros', '2001/5/2', 0, '2020/3/7', 1.75, 'Lamont.Cisneros@etu.edu.tr', '05988356812'),
(21010210, 'Elvis', 'Sherman', '2002/5/23', 0, '2021/6/8', 2.51, 'Elvis.Sherman@etu.edu.tr', '05492178744'),
(22010107, 'Malaki', 'Clements', '2000/1/22', 0, '2022/6/8', 3.29, 'Malaki.Clements@etu.edu.tr', '05032173063'),
(21010109, 'Kaylee', 'Bush', '1999/5/12', 1, '2021/4/7', 2.50, 'Kaylee.Bush@etu.edu.tr', '05246467512'),
(20030214, 'Laila', 'Lindsey', '2001/8/6', 1, '2020/1/23', 3.36, 'Laila.Lindsey@etu.edu.tr', '05115287305'),
(19010309, 'Audrey', 'Good', '2001/9/14', 1, '2019/2/23', 0.35, 'Audrey.Good@etu.edu.tr', '05689983518'),
(19030209, 'Coby', 'Haas', '1999/6/24', 0, '2019/3/19', 2.39, 'Coby.Haas@etu.edu.tr', '05163388978'),
(19010209, 'Carter', 'Bryan', '1999/2/17', 0, '2019/7/13', 1.77, 'Carter.Bryan@etu.edu.tr', '05457423440'),
(18020305, 'Ivan', 'Whitaker', '1997/3/2', 0, '2018/1/23', 3.46, 'Ivan.Whitaker@etu.edu.tr', '05764013452'),
(20020209, 'Remington', 'Cordova', '2000/8/19', 0, '2020/5/12', 3.18, 'Remington.Cordova@etu.edu.tr', '05316854036'),
(21020112, 'Patience', 'Bauer', '2002/11/23', 1, '2021/1/12', 1.14, 'Patience.Bauer@etu.edu.tr', '05584766412'),
(18010109, 'Kendra', 'Russo', '1999/5/13', 1, '2018/6/13', 3.87, 'Kendra.Russo@etu.edu.tr', '05336626529'),
(18030209, 'Abby', 'Shields', '1997/3/18', 1, '2018/4/5', 3.99, 'Abby.Shields@etu.edu.tr', '05510760190'),
(19030312, 'Perla', 'Greene', '1999/7/7', 1, '2019/4/21', 0.58, 'Perla.Greene@etu.edu.tr', '05976936655'),
(18010210, 'Abraham', 'Reed', '1996/3/20', 0, '2018/8/23', 0.42, 'Abraham.Reed@etu.edu.tr', '05632380507'),
(20030112, 'Brennan', 'Patrick', '1999/1/25', 0, '2020/4/14', 2.13, 'Brennan.Patrick@etu.edu.tr', '05711211248'),
(21010110, 'Emma', 'Herrera', '2002/7/16', 1, '2021/5/26', 3.95, 'Emma.Herrera@etu.edu.tr', '05029002754'),
(20030308, 'Warren', 'Holloway', '2001/6/15', 0, '2020/1/1', 2.09, 'Warren.Holloway@etu.edu.tr', '05771677727'),
(20020109, 'Ronald', 'Diaz', '2000/2/22', 0, '2020/3/16', 2.05, 'Ronald.Diaz@etu.edu.tr', '05995042442'),
(22020304, 'Demarcus', 'Holt', '2001/11/20', 0, '2022/8/23', 1.93, 'Demarcus.Holt@etu.edu.tr', '05200141291'),
(21010111, 'Paul', 'White', '1999/9/3', 0, '2021/1/13', 0.89, 'Paul.White@etu.edu.tr', '05710069546'),
(18010211, 'Todd', 'Yoder', '2000/10/13', 0, '2018/8/21', 2.52, 'Todd.Yoder@etu.edu.tr', '05859544132'),
(18020208, 'Bryson', 'Archer', '1998/7/24', 0, '2018/5/23', 2.96, 'Bryson.Archer@etu.edu.tr', '05127108530'),
(19030210, 'Kaleigh', 'Cherry', '2001/7/23', 1, '2019/2/3', 0.41, 'Kaleigh.Cherry@etu.edu.tr', '05040495060'),
(20020309, 'Jermaine', 'Rojas', '2000/11/26', 0, '2020/8/19', 1.69, 'Jermaine.Rojas@etu.edu.tr', '05113670824'),
(18020108, 'Harper', 'Bird', '1999/8/16', 0, '2018/9/5', 0.96, 'Harper.Bird@etu.edu.tr', '05781121732'),
(20020310, 'Esteban', 'Bass', '1998/5/26', 0, '2020/6/4', 1.17, 'Esteban.Bass@etu.edu.tr', '05711320561'),
(19010104, 'Jocelynn', 'Powers', '1999/2/25', 1, '2019/3/10', 1.51, 'Jocelynn.Powers@etu.edu.tr', '05150561119'),
(18020109, 'Abram', 'Richardson', '1996/6/2', 0, '2018/8/25', 1.38, 'Abram.Richardson@etu.edu.tr', '05118593019'),
(21030304, 'Jaylen', 'Flynn', '2000/7/15', 1, '2021/1/21', 0.98, 'Jaylen.Flynn@etu.edu.tr', '05875949347'),
(21020205, 'Marlene', 'Mcdowell', '2001/12/24', 1, '2021/7/27', 1.75, 'Marlene.Mcdowell@etu.edu.tr', '05859318487'),
(18020110, 'Finley', 'Daugherty', '1998/2/12', 1, '2018/4/1', 3.21, 'Finley.Daugherty@etu.edu.tr', '05785299898'),
(20020110, 'Mackenzie', 'Kaiser', '2002/6/4', 1, '2020/9/11', 0.49, 'Mackenzie.Kaiser@etu.edu.tr', '05267130941'),
(20020111, 'Walter', 'Delgado', '2002/4/5', 0, '2020/8/16', 0.13, 'Walter.Delgado@etu.edu.tr', '05619128539'),
(22030210, 'Mireya', 'Mccarthy', '2001/1/21', 1, '2022/3/14', 2.56, 'Mireya.Mccarthy@etu.edu.tr', '05198888442'),
(19020209, 'Chandler', 'Mcintyre', '1999/7/18', 0, '2019/3/17', 1.13, 'Chandler.Mcintyre@etu.edu.tr', '05657110296'),
(22020209, 'Nathanael', 'Vargas', '2002/12/13', 0, '2022/7/14', 1.90, 'Nathanael.Vargas@etu.edu.tr', '05129087030'),
(22030305, 'Joshua', 'Campos', '2003/6/26', 0, '2022/5/16', 2.26, 'Joshua.Campos@etu.edu.tr', '05651693515'),
(20010209, 'Lorena', 'Hampton', '2001/4/26', 1, '2020/1/28', 3.14, 'Lorena.Hampton@etu.edu.tr', '05843616071'),
(20030215, 'Adan', 'Rangel', '1999/8/12', 0, '2020/4/19', 0.57, 'Adan.Rangel@etu.edu.tr', '05858113860'),
(21020206, 'Jaiden', 'Durham', '2002/7/9', 0, '2021/1/8', 3.29, 'Jaiden.Durham@etu.edu.tr', '05527160902'),
(22030306, 'Deborah', 'Cooke', '2004/7/4', 1, '2022/5/4', 1.82, 'Deborah.Cooke@etu.edu.tr', '05455746576'),
(21010112, 'Emilie', 'Schneider', '2000/8/3', 1, '2021/6/14', 1.96, 'Emilie.Schneider@etu.edu.tr', '05182182873'),
(19030211, 'Lilia', 'Rasmussen', '1999/10/21', 1, '2019/7/14', 0.48, 'Lilia.Rasmussen@etu.edu.tr', '05141112466'),
(18030107, 'Valentina', 'Gibson', '1998/8/13', 1, '2018/8/19', 0.94, 'Valentina.Gibson@etu.edu.tr', '05099252175'),
(18020209, 'Clayton', 'Villa', '2000/1/22', 0, '2018/8/6', 0.17, 'Clayton.Villa@etu.edu.tr', '05931338651'),
(22020210, 'Juliet', 'Holder', '2003/4/13', 1, '2022/3/7', 3.16, 'Juliet.Holder@etu.edu.tr', '05410150390'),
(20020112, 'Enrique', 'House', '1999/4/5', 0, '2020/9/7', 0.68, 'Enrique.House@etu.edu.tr', '05419530764'),
(19030313, 'Jocelyn', 'Krause', '1999/12/11', 1, '2019/9/28', 2.53, 'Jocelyn.Krause@etu.edu.tr', '05255233425'),
(21010310, 'Tania', 'Perkins', '2003/9/13', 1, '2021/5/10', 3.17, 'Tania.Perkins@etu.edu.tr', '05318731385'),
(19020310, 'Alison', 'Pena', '2000/2/15', 1, '2019/3/21', 1.91, 'Alison.Pena@etu.edu.tr', '05392660934'),
(19020210, 'Lainey', 'Todd', '2001/10/11', 1, '2019/2/26', 1.87, 'Lainey.Todd@etu.edu.tr', '05541873676'),
(20020113, 'Joseph', 'Bowers', '2001/5/7', 0, '2020/2/3', 1.11, 'Joseph.Bowers@etu.edu.tr', '05166147507'),
(22010312, 'Hanna', 'Medina', '2000/6/6', 1, '2022/8/18', 2.40, 'Hanna.Medina@etu.edu.tr', '05084156365'),
(20020210, 'Julius', 'Kidd', '1999/9/8', 0, '2020/1/23', 3.48, 'Julius.Kidd@etu.edu.tr', '05278109690'),
(22030211, 'Amya', 'Levy', '2003/1/6', 1, '2022/7/14', 0.57, 'Amya.Levy@etu.edu.tr', '05241296803'),
(18030310, 'Kian', 'Flores', '1997/3/4', 0, '2018/9/17', 3.46, 'Kian.Flores@etu.edu.tr', '05965037143'),
(20030216, 'Amirah', 'Boyer', '1998/7/17', 1, '2020/4/21', 0.53, 'Amirah.Boyer@etu.edu.tr', '05075142929'),
(22030212, 'Alexus', 'Cantrell', '2001/11/28', 1, '2022/8/14', 3.30, 'Alexus.Cantrell@etu.edu.tr', '05530172147'),
(21010113, 'Terrell', 'Li', '2000/8/20', 0, '2021/1/12', 3.01, 'Terrell.Li@etu.edu.tr', '05335484118'),
(19020311, 'Adriana', 'Hanson', '1997/2/10', 1, '2019/9/26', 2.76, 'Adriana.Hanson@etu.edu.tr', '05136172687'),
(18010110, 'Ahmad', 'Kline', '2000/2/22', 0, '2018/9/22', 1.77, 'Ahmad.Kline@etu.edu.tr', '05952360202'),
(19020312, 'Joselyn', 'Mcpherson', '2000/5/27', 1, '2019/1/24', 0.16, 'Joselyn.Mcpherson@etu.edu.tr', '05653818528'),
(19020313, 'Angelique', 'Ramsey', '1997/12/10', 1, '2019/1/10', 0.81, 'Angelique.Ramsey@etu.edu.tr', '05331106432'),
(22030307, 'June', 'Dunlap', '2000/5/6', 1, '2022/5/24', 0.11, 'June.Dunlap@etu.edu.tr', '05292194809'),
(20010210, 'Daisy', 'Ward', '2001/9/2', 1, '2020/8/5', 0.47, 'Daisy.Ward@etu.edu.tr', '05128391024'),
(18020306, 'Immanuel', 'Miles', '1997/4/12', 0, '2018/4/9', 1.21, 'Immanuel.Miles@etu.edu.tr', '05326633464'),
(18030311, 'Camille', 'Thornton', '1999/12/14', 1, '2018/7/3', 2.61, 'Camille.Thornton@etu.edu.tr', '05179431026'),
(22020305, 'Andrew', 'Valencia', '2000/2/5', 0, '2022/3/21', 0.42, 'Andrew.Valencia@etu.edu.tr', '05065689686'),
(18030312, 'Frankie', 'Jacobs', '1996/11/12', 0, '2018/8/8', 1.27, 'Frankie.Jacobs@etu.edu.tr', '05658087165'),
(22020109, 'Adonis', 'Stephens', '2001/12/21', 0, '2022/8/2', 3.56, 'Adonis.Stephens@etu.edu.tr', '05424593476'),
(18030108, 'Isaac', 'Larsen', '1999/2/22', 0, '2018/9/8', 0.30, 'Isaac.Larsen@etu.edu.tr', '05675671524'),
(19020211, 'Jordyn', 'Glass', '2001/6/17', 1, '2019/1/19', 1.13, 'Jordyn.Glass@etu.edu.tr', '05209828038'),
(19010210, 'Frances', 'Tran', '1998/1/9', 1, '2019/6/23', 3.09, 'Frances.Tran@etu.edu.tr', '05456593926'),
(18030210, 'Derrick', 'Payne', '2000/3/21', 0, '2018/3/6', 1.47, 'Derrick.Payne@etu.edu.tr', '05579091279'),
(20020114, 'Alina', 'Osborne', '1999/11/5', 1, '2020/1/26', 2.94, 'Alina.Osborne@etu.edu.tr', '05828496302'),
(18020210, 'Elaina', 'Joseph', '1998/4/7', 1, '2018/5/27', 2.54, 'Elaina.Joseph@etu.edu.tr', '05659408112'),
(21030210, 'Sergio', 'Walters', '2003/10/27', 0, '2021/6/27', 0.52, 'Sergio.Walters@etu.edu.tr', '05943886600'),
(22030213, 'Chase', 'Beck', '2003/5/24', 0, '2022/9/3', 2.27, 'Chase.Beck@etu.edu.tr', '05306085027'),
(18020307, 'Maverick', 'Wilkins', '2000/5/17', 0, '2018/3/14', 0.17, 'Maverick.Wilkins@etu.edu.tr', '05272855244'),
(22020110, 'Kevin', 'Spencer', '2001/8/5', 0, '2022/5/12', 0.38, 'Kevin.Spencer@etu.edu.tr', '05652316626'),
(19010310, 'Lina', 'Kirk', '1997/12/26', 1, '2019/5/11', 1.14, 'Lina.Kirk@etu.edu.tr', '05900341853'),
(20020311, 'Destiney', 'Singleton', '1999/7/6', 1, '2020/4/14', 3.48, 'Destiney.Singleton@etu.edu.tr', '05668718521'),
(19030111, 'Mekhi', 'Hooper', '1998/9/14', 0, '2019/5/25', 2.22, 'Mekhi.Hooper@etu.edu.tr', '05088568681'),
(18030109, 'Dulce', 'Williamson', '1996/1/16', 1, '2018/1/14', 2.41, 'Dulce.Williamson@etu.edu.tr', '05022014800'),
(21010114, 'Caylee', 'Sloan', '2000/2/25', 1, '2021/6/26', 3.26, 'Caylee.Sloan@etu.edu.tr', '05797816421'),
(20020115, 'Jaydin', 'Pope', '1999/6/4', 0, '2020/3/12', 2.43, 'Jaydin.Pope@etu.edu.tr', '05157432710'),
(21010211, 'Kayden', 'Moses', '1999/6/21', 0, '2021/9/27', 2.43, 'Kayden.Moses@etu.edu.tr', '05365830815'),
(20010211, 'Emiliano', 'Irwin', '1998/1/8', 0, '2020/9/18', 3.12, 'Emiliano.Irwin@etu.edu.tr', '05553441417'),
(22010313, 'Asa', 'Taylor', '2003/1/5', 0, '2022/1/10', 0.85, 'Asa.Taylor@etu.edu.tr', '05927647744'),
(20010307, 'Roman', 'Bonilla', '1998/5/5', 0, '2020/4/21', 1.67, 'Roman.Bonilla@etu.edu.tr', '05266886536'),
(21030305, 'Leon', 'Terry', '2000/4/12', 0, '2021/3/26', 0.10, 'Leon.Terry@etu.edu.tr', '05352284820'),
(22030112, 'Pamela', 'Gonzales', '2003/9/16', 1, '2022/3/6', 1.87, 'Pamela.Gonzales@etu.edu.tr', '05152219542'),
(22010108, 'Ezequiel', 'Sosa', '2003/8/3', 0, '2022/3/24', 0.93, 'Ezequiel.Sosa@etu.edu.tr', '05351682876'),
(19010105, 'Jovan', 'Alexander', '1997/3/18', 0, '2019/9/18', 2.49, 'Jovan.Alexander@etu.edu.tr', '05634284608'),
(20010212, 'Amara', 'Ramirez', '1999/10/4', 1, '2020/4/14', 2.64, 'Amara.Ramirez@etu.edu.tr', '05627277170'),
(21010311, 'Madisyn', 'Woods', '2000/11/28', 1, '2021/2/10', 1.91, 'Madisyn.Woods@etu.edu.tr', '05491906027'),
(22010314, 'Quincy', 'Donaldson', '2001/3/28', 0, '2022/2/20', 0.63, 'Quincy.Donaldson@etu.edu.tr', '05967990566'),
(22020111, 'Campbell', 'Manning', '2004/6/7', 1, '2022/8/20', 2.08, 'Campbell.Manning@etu.edu.tr', '05788676937'),
(19030212, 'Carolyn', 'Estes', '1997/3/9', 1, '2019/3/16', 3.90, 'Carolyn.Estes@etu.edu.tr', '05068255482'),
(20020211, 'Harry', 'Olson', '1999/2/18', 0, '2020/8/19', 1.55, 'Harry.Olson@etu.edu.tr', '05735650345'),
(20030217, 'Maxwell', 'Page', '1998/9/21', 0, '2020/6/15', 0.20, 'Maxwell.Page@etu.edu.tr', '05825612515'),
(21030306, 'Levi', 'Doyle', '2000/7/4', 0, '2021/7/2', 0.69, 'Levi.Doyle@etu.edu.tr', '05345997249'),
(20030309, 'Samara', 'Mcmillan', '1998/3/11', 1, '2020/4/16', 1.77, 'Samara.Mcmillan@etu.edu.tr', '05346263559'),
(22010208, 'Nehemiah', 'Mora', '2000/3/13', 0, '2022/7/24', 2.52, 'Nehemiah.Mora@etu.edu.tr', '05616200943'),
(20030113, 'Zion', 'Baxter', '1999/11/28', 1, '2020/3/17', 3.90, 'Zion.Baxter@etu.edu.tr', '05399988038'),
(20020312, 'James', 'Bridges', '2002/3/16', 0, '2020/1/11', 0.32, 'James.Bridges@etu.edu.tr', '05554050029'),
(21020311, 'Ayla', 'Dunn', '2001/8/6', 1, '2021/2/10', 3.53, 'Ayla.Dunn@etu.edu.tr', '05726474387'),
(18020308, 'Simone', 'Murray', '2000/2/20', 1, '2018/2/22', 3.76, 'Simone.Murray@etu.edu.tr', '05564907260'),
(18030211, 'Judah', 'Horne', '1996/1/12', 0, '2018/9/22', 1.56, 'Judah.Horne@etu.edu.tr', '05949162925'),
(20030114, 'Zack', 'Roach', '1998/10/25', 0, '2020/7/6', 1.64, 'Zack.Roach@etu.edu.tr', '05565520049'),
(19020212, 'Colt', 'Fuentes', '2000/12/24', 0, '2019/4/24', 2.64, 'Colt.Fuentes@etu.edu.tr', '05516625301'),
(21010312, 'Roland', 'Gilbert', '2002/6/18', 0, '2021/3/8', 3.91, 'Roland.Gilbert@etu.edu.tr', '05209331276'),
(20020116, 'Francisco', 'Phillips', '2000/12/22', 0, '2020/6/18', 1.65, 'Francisco.Phillips@etu.edu.tr', '05889620935'),
(20010308, 'Brenden', 'Neal', '1998/6/25', 0, '2020/2/9', 3.95, 'Brenden.Neal@etu.edu.tr', '05845271882'),
(20020313, 'Aleah', 'Liu', '2002/3/27', 1, '2020/6/23', 0.52, 'Aleah.Liu@etu.edu.tr', '05302733387'),
(22030113, 'Miranda', 'Buck', '2001/11/2', 1, '2022/5/28', 1.24, 'Miranda.Buck@etu.edu.tr', '05780298822'),
(21030111, 'Evangeline', 'Downs', '1999/9/17', 1, '2021/6/7', 0.75, 'Evangeline.Downs@etu.edu.tr', '05857300355'),
(19030213, 'Lilian', 'Bradshaw', '1997/10/10', 1, '2019/3/18', 3.22, 'Lilian.Bradshaw@etu.edu.tr', '05142743464'),
(19030314, 'Thomas', 'Sutton', '1998/12/4', 0, '2019/9/15', 3.45, 'Thomas.Sutton@etu.edu.tr', '05628540465'),
(18030110, 'Fisher', 'Davies', '1996/4/3', 0, '2018/9/12', 0.26, 'Fisher.Davies@etu.edu.tr', '05920306177'),
(20020314, 'Dominick', 'Banks', '1998/9/26', 0, '2020/4/7', 2.44, 'Dominick.Banks@etu.edu.tr', '05007116944'),
(18010212, 'Dangelo', 'Vazquez', '2000/6/22', 0, '2018/4/28', 3.64, 'Dangelo.Vazquez@etu.edu.tr', '05433873631'),
(18020111, 'Parker', 'Ho', '1997/4/5', 1, '2018/9/9', 0.80, 'Parker.Ho@etu.edu.tr', '05563745242'),
(19010311, 'Kaitlin', 'Shelton', '2001/12/22', 1, '2019/2/3', 0.61, 'Kaitlin.Shelton@etu.edu.tr', '05743794726'),
(18010213, 'Akira', 'Weber', '1996/10/23', 1, '2018/6/12', 0.82, 'Akira.Weber@etu.edu.tr', '05262298893'),
(20030218, 'Brianna', 'Zamora', '1999/4/1', 1, '2020/4/24', 1.34, 'Brianna.Zamora@etu.edu.tr', '05127534880'),
(21030211, 'Lexie', 'Moreno', '2001/3/21', 1, '2021/1/25', 2.14, 'Lexie.Moreno@etu.edu.tr', '05977268296'),
(22020112, 'Easton', 'Kim', '2004/2/24', 0, '2022/3/21', 2.16, 'Easton.Kim@etu.edu.tr', '05368500466'),
(19020111, 'Dale', 'Stewart', '2001/1/11', 0, '2019/2/28', 1.36, 'Dale.Stewart@etu.edu.tr', '05723255254'),
(21030212, 'Carla', 'Mcconnell', '2002/7/28', 1, '2021/7/27', 3.12, 'Carla.Mcconnell@etu.edu.tr', '05899026118'),
(22030214, 'Avery', 'Barajas', '2000/12/22', 1, '2022/4/9', 3.72, 'Avery.Barajas@etu.edu.tr', '05571815064'),
(22030215, 'Yahir', 'Blake', '2001/5/1', 0, '2022/9/14', 1.26, 'Yahir.Blake@etu.edu.tr', '05557476837'),
(21020207, 'Kameron', 'Castro', '2003/1/6', 0, '2021/8/5', 1.41, 'Kameron.Castro@etu.edu.tr', '05450445641'),
(18010311, 'Marco', 'Stafford', '2000/6/10', 0, '2018/4/18', 2.25, 'Marco.Stafford@etu.edu.tr', '05048763228'),
(18010312, 'Cesar', 'Conway', '2000/7/25', 0, '2018/8/7', 3.02, 'Cesar.Conway@etu.edu.tr', '05056353045'),
(18030313, 'Isabela', 'Howard', '1999/10/28', 1, '2018/1/14', 2.88, 'Isabela.Howard@etu.edu.tr', '05669115685'),
(20020117, 'Carlos', 'Nixon', '2000/3/3', 0, '2020/6/26', 1.46, 'Carlos.Nixon@etu.edu.tr', '05818983438'),
(21030112, 'Jada', 'English', '2002/9/18', 1, '2021/1/14', 1.51, 'Jada.English@etu.edu.tr', '05898035855'),
(20030310, 'Gabrielle', 'Dillon', '1999/9/23', 1, '2020/9/9', 2.71, 'Gabrielle.Dillon@etu.edu.tr', '05799895654'),
(19020213, 'Payten', 'George', '1997/12/16', 1, '2019/2/27', 3.45, 'Payten.George@etu.edu.tr', '05000475059')
;

INSERT INTO ACTIVE(stud_id) VALUES 
(18020201),
(21010101),
(19030101),
(20010101),
(19020301),
(22020101),
(20030301),
(20010301),
(22030201),
(18020101),
(19010201),
(21030101),
(21020301),
(19030102),
(21030102),
(22020201),
(21030201),
(18010301),
(22010301),
(21020302),
(18010302),
(18030101),
(20030201),
(21010102),
(20020101),
(19020302),
(19010101),
(18030301),
(21020101),
(19020101),
(22020202),
(18010303),
(20020201),
(20030101),
(19020201),
(21020303),
(19020102),
(20020301),
(20010102),
(18010101),
(20030102),
(22030101),
(19010202),
(18030302),
(21010103),
(22010302),
(18010201),
(20020202),
(22030102),
(20010201),
(21020304),
(20010202),
(20010103),
(21020305),
(19030103),
(19020103),
(21030103),
(19010301),
(18010102),
(22030103),
(22030104),
(18030102),
(22020102),
(20030202),
(20030203),
(21030202),
(18030201),
(20030302),
(19010203),
(19020303),
(22030202),
(19030201),
(19030202),
(21030203),
(18010202),
(20020102),
(19010102),
(20020203),
(19010204),
(21020102),
(21010104),
(22020203),
(21020103),
(18010203),
(21030104),
(22010101),
(19020104),
(20030103),
(18030202),
(22020204),
(21010301),
(21030105),
(18030203),
(20030303),
(20030204),
(20010104),
(22020301),
(19010205),
(22010201),
(21010201),
(21010202),
(21020104),
(18020102),
(21010203),
(20020302),
(21020105),
(20010105),
(19030301),
(18020103),
(18020104),
(18030103),
(19010206),
(22010102),
(19020202),
(19030104),
(22010202),
(19030203),
(19010207),
(21010105),
(21010204),
(20030205),
(22020103),
(18010204),
(21030204),
(19030302),
(18030204),
(22010203),
(22030301),
(18030303),
(19020203),
(22030203),
(18010103),
(19010208),
(22010103),
(20020204),
(20010106),
(21030106),
(20010107),
(20010203),
(20020205),
(18010205),
(22030105),
(18010104),
(20020206),
(19020304),
(19030105),
(21030205),
(20030104),
(20010108),
(18020202),
(22010303),
(22030106),
(21030206),
(19020204),
(20020303),
(20010302),
(19020305),
(19010302),
(21020306),
(20010303),
(19020105),
(18010206),
(19030204),
(21030207),
(19030303),
(21010205),
(18030304),
(19020106),
(18030305),
(22030204),
(20030206),
(20020103),
(22020205),
(22030107),
(18010304),
(22010304),
(20010204),
(18030205),
(18010305),
(18030104),
(21020201),
(19030304),
(18010207),
(21010302),
(20010205),
(22020302),
(21020106),
(18020301),
(22010305),
(18020302),
(21010206),
(21030208),
(19020107),
(18020203),
(21010106),
(21030107),
(20030207),
(20020304),
(20020104),
(18010306),
(19010303),
(22020104),
(20010206),
(22030108),
(18020204),
(22020105),
(19020205),
(18030306),
(19010304),
(21030301),
(21010207),
(19010305),
(18020205),
(18010105),
(20030208),
(22030205),
(18030105),
(18020303),
(22010306),
(22020106),
(22020303),
(21020202),
(18010307),
(21020203),
(18020105),
(22030109),
(20030304),
(21030108),
(22020206),
(20030305),
(19020206),
(21010303),
(21020307),
(21030302),
(20020305),
(22010104),
(20010207),
(18030206),
(22030206),
(20030105),
(19030205),
(22020107),
(21030303),
(19030305),
(22030207),
(20020105),
(18030207),
(21020107),
(19030206),
(20030106),
(21020308),
(20010304),
(18030307),
(19020108),
(22030110),
(22010204),
(21020108),
(20020106),
(19020306),
(20020306),
(19020207),
(19020307),
(21020204),
(20010305),
(19010103),
(22010205),
(20030209),
(20020107),
(18020304),
(21010107),
(18020206),
(18010208),
(19020109),
(19030106),
(18030308),
(20030210),
(19020208),
(20030107),
(18010308),
(19020308),
(18030309),
(22010307),
(21010108),
(18010106),
(20010306),
(19010306),
(22030302),
(22030208),
(21030109),
(20030211),
(22030303),
(21020109),
(20020307),
(19030107),
(18020207),
(21010208),
(22010308),
(21020110),
(19030108),
(19020110),
(20030212),
(20020108),
(21030209),
(20030108),
(22010309),
(22030111),
(22020207),
(21010304),
(19030306),
(18030208),
(20030109),
(18020106),
(19020309),
(18010309),
(21010209),
(21010305),
(19010307),
(19030207),
(22010206),
(21020309),
(20030213),
(21010306),
(22010105),
(20010208),
(22010106),
(20020207),
(22020108),
(19030109),
(22030304),
(18020107),
(19030208),
(22010207),
(19030307),
(19030308),
(18010310),
(21010307),
(20030110),
(18010209),
(20030111),
(21010308),
(21010309),
(22010310),
(21030110),
(22010311),
(20020208),
(18010107),
(22020208),
(20030306),
(19030110),
(20020308),
(21020111),
(19010308),
(18030106),
(19030309),
(22030209),
(18010108),
(19030310),
(19030311),
(21020310),
(20030307),
(21010210),
(22010107),
(21010109),
(20030214),
(19010309),
(19030209),
(19010209),
(18020305),
(20020209),
(21020112),
(18010109),
(18030209),
(19030312),
(18010210),
(20030112),
(21010110),
(20030308),
(20020109),
(22020304),
(21010111),
(18010211),
(18020208),
(19030210),
(20020309),
(18020108),
(20020310),
(19010104),
(18020109),
(21030304),
(21020205),
(18020110),
(20020110),
(20020111),
(22030210),
(19020209),
(22020209),
(22030305),
(20010209),
(20030215),
(21020206),
(22030306),
(21010112),
(19030211),
(18030107),
(18020209),
(22020210),
(20020112),
(19030313),
(21010310),
(19020310),
(19020210),
(20020113),
(22010312),
(20020210),
(22030211),
(18030310),
(20030216),
(22030212),
(21010113),
(19020311),
(18010110),
(19020312),
(19020313),
(22030307),
(20010210),
(18020306),
(18030311),
(22020305),
(18030312),
(22020109),
(18030108),
(19020211),
(19010210),
(18030210),
(20020114),
(18020210),
(21030210),
(22030213),
(18020307),
(22020110),
(19010310),
(20020311),
(19030111),
(18030109),
(21010114),
(20020115),
(21010211),
(20010211),
(22010313),
(20010307),
(21030305),
(22030112),
(22010108),
(19010105),
(20010212),
(21010311),
(22010314),
(22020111),
(19030212),
(20020211),
(20030217),
(21030306),
(20030309),
(22010208),
(20030113),
(20020312),
(21020311),
(18020308),
(18030211),
(20030114),
(19020212),
(21010312),
(20020116),
(20010308),
(20020313),
(22030113),
(21030111),
(19030213),
(19030314),
(18030110),
(20020314),
(18010212),
(18020111),
(19010311),
(18010213),
(20030218),
(21030211),
(22020112),
(19020111),
(21030212),
(22030214),
(22030215),
(21020207),
(18010311),
(18010312),
(18030313),
(20020117),
(21030112),
(20030310),
(19020213)
;

INSERT INTO STUDENT(stud_id, stud_fname, stud_lname, stud_birth_year, stud_reg_date, stud_gpa, stud_email, stud_number) VALUES 
(13030101, 'Chaya', 'Shepherd', '1994/7/4', 1, '2013/3/12', 0.46, 'Chaya.Shepherd@etu.edu.tr', '05219136934'),
(17030301, 'Ayanna', 'Hobbs', '1996/8/13', 1, '2017/3/13', 0.38, 'Ayanna.Hobbs@etu.edu.tr', '05486000823'),
(17020201, 'Kobe', 'Lynch', '1996/1/2', 0, '2017/1/18', 3.72, 'Kobe.Lynch@etu.edu.tr', '05984709937'),
(14030201, 'Maximo', 'Spence', '1992/3/23', 0, '2014/6/27', 1.57, 'Maximo.Spence@etu.edu.tr', '05622791052'),
(15030201, 'Angel', 'Hogan', '1993/9/3', 1, '2015/1/9', 0.48, 'Angel.Hogan@etu.edu.tr', '05568966334'),
(13030201, 'Saul', 'Cervantes', '1995/10/26', 0, '2013/2/15', 3.99, 'Saul.Cervantes@etu.edu.tr', '05023071867'),
(16030301, 'Elliot', 'Mendoza', '1998/8/24', 0, '2016/9/4', 0.39, 'Elliot.Mendoza@etu.edu.tr', '05430479966'),
(15030101, 'Kiley', 'Leblanc', '1995/7/8', 1, '2015/7/22', 3.11, 'Kiley.Leblanc@etu.edu.tr', '05785230575'),
(14010301, 'Adrien', 'Fischer', '1995/6/16', 0, '2014/4/17', 0.39, 'Adrien.Fischer@etu.edu.tr', '05963728023'),
(17020301, 'Kamila', 'Snyder', '1996/12/7', 1, '2017/6/24', 2.27, 'Kamila.Snyder@etu.edu.tr', '05453036214'),
(14010302, 'Cristal', 'Briggs', '1993/2/1', 1, '2014/7/26', 0.05, 'Cristal.Briggs@etu.edu.tr', '05504802274'),
(17010301, 'Ryan', 'Malone', '1997/2/28', 0, '2017/7/21', 3.01, 'Ryan.Malone@etu.edu.tr', '05876111296'),
(16020101, 'Jeremy', 'Sanders', '1994/8/11', 0, '2016/3/6', 1.39, 'Jeremy.Sanders@etu.edu.tr', '05737440885'),
(16010301, 'Samantha', 'Hawkins', '1997/1/16', 1, '2016/3/7', 2.55, 'Samantha.Hawkins@etu.edu.tr', '05917523299'),
(15010201, 'Charlotte', 'Clark', '1994/10/8', 1, '2015/5/2', 0.88, 'Charlotte.Clark@etu.edu.tr', '05758131966'),
(14030101, 'Lawrence', 'Davidson', '1995/3/19', 0, '2014/2/5', 0.70, 'Lawrence.Davidson@etu.edu.tr', '05716507884'),
(15020101, 'Essence', 'Cantu', '1994/10/27', 1, '2015/3/7', 3.11, 'Essence.Cantu@etu.edu.tr', '05593775157'),
(13010301, 'Rowan', 'Melendez', '1993/8/18', 1, '2013/7/22', 3.46, 'Rowan.Melendez@etu.edu.tr', '05023822430'),
(16010101, 'Mara', 'Gill', '1994/8/11', 1, '2016/1/17', 3.00, 'Mara.Gill@etu.edu.tr', '05071899986'),
(13010101, 'Rubi', 'Ryan', '1994/7/16', 1, '2013/4/19', 3.08, 'Rubi.Ryan@etu.edu.tr', '05601222860'),
(17010201, 'Viviana', 'Mills', '1996/8/3', 1, '2017/5/11', 3.04, 'Viviana.Mills@etu.edu.tr', '05708310283'),
(17020302, 'Charlize', 'Walter', '1996/2/14', 1, '2017/2/22', 2.78, 'Charlize.Walter@etu.edu.tr', '05989898624'),
(13020101, 'Kaleb', 'Porter', '1994/1/17', 0, '2013/7/19', 1.32, 'Kaleb.Porter@etu.edu.tr', '05089019974'),
(17020101, 'Ricardo', 'Thomas', '1999/3/7', 0, '2017/6/14', 3.47, 'Ricardo.Thomas@etu.edu.tr', '05947762661'),
(16030302, 'Orlando', 'Conrad', '1998/6/19', 0, '2016/4/5', 0.84, 'Orlando.Conrad@etu.edu.tr', '05606300824'),
(13020102, 'Lacey', 'Donovan', '1991/8/20', 1, '2013/8/12', 1.96, 'Lacey.Donovan@etu.edu.tr', '05791831872'),
(16030303, 'Gideon', 'Hudson', '1995/3/3', 0, '2016/8/1', 0.41, 'Gideon.Hudson@etu.edu.tr', '05879845301'),
(13020301, 'Ellie', 'Carney', '1992/2/15', 1, '2013/9/23', 0.19, 'Ellie.Carney@etu.edu.tr', '05213659263'),
(16020301, 'Charlie', 'Brooks', '1994/9/26', 0, '2016/5/17', 1.11, 'Charlie.Brooks@etu.edu.tr', '05447304188'),
(14020101, 'Gianni', 'Torres', '1993/12/21', 0, '2014/7/16', 0.38, 'Gianni.Torres@etu.edu.tr', '05335494251'),
(15010101, 'Ashtyn', 'Hopkins', '1994/5/11', 1, '2015/7/11', 3.67, 'Ashtyn.Hopkins@etu.edu.tr', '05575534410'),
(16020302, 'Rachael', 'Stone', '1997/1/21', 1, '2016/3/12', 3.60, 'Rachael.Stone@etu.edu.tr', '05134187734'),
(17020202, 'Landin', 'Pineda', '1997/8/19', 0, '2017/7/5', 3.87, 'Landin.Pineda@etu.edu.tr', '05696884567'),
(14020102, 'Atticus', 'Pratt', '1995/7/13', 0, '2014/9/18', 0.45, 'Atticus.Pratt@etu.edu.tr', '05512873001'),
(13020103, 'Aedan', 'Villanueva', '1993/6/6', 0, '2013/4/5', 3.54, 'Aedan.Villanueva@etu.edu.tr', '05330275573'),
(15020201, 'Tia', 'Mcfarland', '1993/4/14', 1, '2015/3/1', 0.88, 'Tia.Mcfarland@etu.edu.tr', '05598451245'),
(17020303, 'Messiah', 'Mendez', '1999/1/18', 0, '2017/4/12', 2.78, 'Messiah.Mendez@etu.edu.tr', '05142857690'),
(14020103, 'Pedro', 'Novak', '1992/11/25', 0, '2014/5/2', 3.34, 'Pedro.Novak@etu.edu.tr', '05214551008'),
(13030301, 'Danny', 'Bradford', '1991/11/21', 0, '2013/7/2', 0.83, 'Danny.Bradford@etu.edu.tr', '05135183415'),
(13010102, 'Keon', 'Schultz', '1992/11/28', 0, '2013/7/18', 1.47, 'Keon.Schultz@etu.edu.tr', '05777615384'),
(16010201, 'Trystan', 'Larson', '1995/8/23', 0, '2016/9/8', 1.07, 'Trystan.Larson@etu.edu.tr', '05954778650'),
(16010302, 'Susan', 'Peters', '1994/7/11', 1, '2016/6/20', 2.68, 'Susan.Peters@etu.edu.tr', '05426813773'),
(17010101, 'Adelaide', 'Chung', '1995/5/3', 1, '2017/7/28', 1.52, 'Adelaide.Chung@etu.edu.tr', '05346968078'),
(15010102, 'Andy', 'Hutchinson', '1997/4/20', 0, '2015/1/23', 0.11, 'Andy.Hutchinson@etu.edu.tr', '05867442855'),
(14030102, 'Jair', 'Shaw', '1992/6/22', 0, '2014/5/18', 2.42, 'Jair.Shaw@etu.edu.tr', '05803616600'),
(15020102, 'Quinn', 'Burnett', '1994/9/20', 1, '2015/1/3', 0.82, 'Quinn.Burnett@etu.edu.tr', '05192374817'),
(13010201, 'Carlo', 'Preston', '1995/5/15', 0, '2013/3/10', 2.15, 'Carlo.Preston@etu.edu.tr', '05079698694'),
(15010301, 'Abigayle', 'Mayer', '1996/2/13', 1, '2015/5/13', 1.55, 'Abigayle.Mayer@etu.edu.tr', '05057707414'),
(17020102, 'Hugh', 'May', '1996/5/25', 0, '2017/3/6', 1.06, 'Hugh.May@etu.edu.tr', '05322600618'),
(13010103, 'Jase', 'Ramos', '1991/7/1', 0, '2013/6/19', 0.24, 'Jase.Ramos@etu.edu.tr', '05784541225'),
(15030202, 'Cheyenne', 'Copeland', '1993/6/26', 1, '2015/7/28', 2.90, 'Cheyenne.Copeland@etu.edu.tr', '05715684251'),
(13020302, 'Nigel', 'Craig', '1994/8/28', 0, '2013/9/8', 1.39, 'Nigel.Craig@etu.edu.tr', '05049101432'),
(16010303, 'Belen', 'Wyatt', '1995/6/20', 1, '2016/9/1', 3.93, 'Belen.Wyatt@etu.edu.tr', '05247367627'),
(16010304, 'Grace', 'Hicks', '1995/1/23', 1, '2016/5/12', 3.51, 'Grace.Hicks@etu.edu.tr', '05341688371'),
(16010305, 'Rebekah', 'Watts', '1998/6/26', 1, '2016/7/4', 1.67, 'Rebekah.Watts@etu.edu.tr', '05744032918'),
(17020304, 'Jagger', 'Hall', '1997/7/6', 0, '2017/1/17', 1.20, 'Jagger.Hall@etu.edu.tr', '05534834539'),
(13030102, 'Nathen', 'Parsons', '1995/2/4', 0, '2013/8/25', 1.50, 'Nathen.Parsons@etu.edu.tr', '05492806759'),
(15030102, 'Brett', 'Clarke', '1995/5/16', 0, '2015/3/26', 3.95, 'Brett.Clarke@etu.edu.tr', '05968107996'),
(13030103, 'Franco', 'Berry', '1991/4/2', 0, '2013/6/15', 3.87, 'Franco.Berry@etu.edu.tr', '05869744857'),
(15020301, 'Luz', 'Bishop', '1994/9/27', 1, '2015/1/12', 2.40, 'Luz.Bishop@etu.edu.tr', '05380476571'),
(13010104, 'Sullivan', 'Lee', '1991/10/20', 0, '2013/7/14', 2.21, 'Sullivan.Lee@etu.edu.tr', '05495741981'),
(16030201, 'Kaliyah', 'Mercer', '1998/9/11', 1, '2016/9/2', 3.49, 'Kaliyah.Mercer@etu.edu.tr', '05737289737'),
(14030202, 'Sara', 'Douglas', '1994/5/7', 1, '2014/2/25', 3.33, 'Sara.Douglas@etu.edu.tr', '05072308438'),
(15030203, 'Kamron', 'Harrell', '1993/11/20', 0, '2015/4/14', 0.27, 'Kamron.Harrell@etu.edu.tr', '05348019639'),
(17010302, 'Amare', 'Green', '1996/6/25', 0, '2017/4/26', 1.78, 'Amare.Green@etu.edu.tr', '05284766649'),
(14010303, 'Giselle', 'Roberson', '1993/9/25', 1, '2014/3/14', 2.11, 'Giselle.Roberson@etu.edu.tr', '05508301106'),
(16020201, 'Aaden', 'Arnold', '1998/4/27', 0, '2016/9/4', 2.19, 'Aaden.Arnold@etu.edu.tr', '05505845775'),
(17030302, 'Lesly', 'Rollins', '1999/4/23', 1, '2017/1/14', 1.66, 'Lesly.Rollins@etu.edu.tr', '05649620952'),
(17030101, 'Jayce', 'Robertson', '1998/2/22', 0, '2017/2/26', 2.93, 'Jayce.Robertson@etu.edu.tr', '05886150492'),
(15030103, 'Ingrid', 'Duarte', '1995/3/5', 1, '2015/7/10', 0.07, 'Ingrid.Duarte@etu.edu.tr', '05104811598'),
(16020102, 'Walker', 'Strickland', '1996/4/3', 0, '2016/5/25', 3.85, 'Walker.Strickland@etu.edu.tr', '05171817061'),
(14020301, 'Shaun', 'Fitzpatrick', '1993/7/8', 0, '2014/2/2', 1.44, 'Shaun.Fitzpatrick@etu.edu.tr', '05743102632'),
(13030202, 'Kenzie', 'Robles', '1992/7/22', 1, '2013/2/10', 2.18, 'Kenzie.Robles@etu.edu.tr', '05615284714'),
(14010201, 'Baylee', 'Chambers', '1996/12/18', 1, '2014/3/8', 0.99, 'Baylee.Chambers@etu.edu.tr', '05230219036'),
(16030101, 'Elisha', 'Yang', '1995/12/2', 0, '2016/9/6', 2.86, 'Elisha.Yang@etu.edu.tr', '05804330489'),
(16020103, 'Melvin', 'Golden', '1995/2/9', 0, '2016/3/24', 3.15, 'Melvin.Golden@etu.edu.tr', '05811368087'),
(15010103, 'Demarion', 'Houston', '1997/5/19', 0, '2015/7/2', 3.20, 'Demarion.Houston@etu.edu.tr', '05998958418'),
(17030303, 'Ryan', 'Sanchez', '1995/12/26', 1, '2017/7/9', 3.34, 'Ryan.Sanchez@etu.edu.tr', '05913668489'),
(17010202, 'Adrienne', 'Case', '1996/11/27', 1, '2017/7/22', 2.29, 'Adrienne.Case@etu.edu.tr', '05802932197'),
(15010104, 'Ace', 'Aguilar', '1994/3/13', 0, '2015/7/11', 2.68, 'Ace.Aguilar@etu.edu.tr', '05371308545'),
(14020201, 'Kolby', 'Tate', '1996/1/3', 0, '2014/6/26', 2.04, 'Kolby.Tate@etu.edu.tr', '05914468051'),
(13010105, 'Rolando', 'Obrien', '1992/6/26', 0, '2013/1/13', 1.67, 'Rolando.Obrien@etu.edu.tr', '05940421242'),
(15010202, 'Averi', 'Frey', '1993/1/25', 1, '2015/8/7', 1.81, 'Averi.Frey@etu.edu.tr', '05426996209'),
(13030302, 'Adam', 'Peterson', '1993/4/3', 0, '2013/3/24', 2.23, 'Adam.Peterson@etu.edu.tr', '05957811329'),
(14030203, 'Krista', 'Stephenson', '1996/3/28', 1, '2014/6/28', 0.24, 'Krista.Stephenson@etu.edu.tr', '05868764006'),
(15020302, 'Fabian', 'Travis', '1994/11/20', 0, '2015/6/8', 1.39, 'Fabian.Travis@etu.edu.tr', '05604313092'),
(14030301, 'Mallory', 'Stout', '1995/7/22', 1, '2014/5/9', 2.07, 'Mallory.Stout@etu.edu.tr', '05047556633'),
(16010202, 'Precious', 'Mcneil', '1996/6/28', 1, '2016/8/21', 2.25, 'Precious.Mcneil@etu.edu.tr', '05986538777'),
(17010203, 'Stephanie', 'Griffith', '1998/10/5', 1, '2017/2/27', 1.01, 'Stephanie.Griffith@etu.edu.tr', '05078439954'),
(14010101, 'Amani', 'Gay', '1996/9/19', 1, '2014/5/23', 1.20, 'Amani.Gay@etu.edu.tr', '05570161438'),
(14020104, 'Zoie', 'Wilcox', '1996/8/21', 1, '2014/4/17', 0.14, 'Zoie.Wilcox@etu.edu.tr', '05296231556'),
(14010304, 'Katherine', 'Rivers', '1995/12/20', 1, '2014/4/4', 0.51, 'Katherine.Rivers@etu.edu.tr', '05595247495'),
(14010202, 'Ray', 'Christensen', '1992/1/8', 0, '2014/4/16', 2.52, 'Ray.Christensen@etu.edu.tr', '05385181561'),
(16020202, 'Paula', 'Valentine', '1996/12/20', 1, '2016/6/4', 2.86, 'Paula.Valentine@etu.edu.tr', '05544179689'),
(14030302, 'Leland', 'Moyer', '1994/6/12', 0, '2014/6/22', 2.80, 'Leland.Moyer@etu.edu.tr', '05918664753'),
(16020203, 'Hadley', 'Morgan', '1994/8/12', 1, '2016/5/23', 3.61, 'Hadley.Morgan@etu.edu.tr', '05525956241'),
(13020104, 'Corey', 'Wiggins', '1995/7/26', 0, '2013/4/21', 3.68, 'Corey.Wiggins@etu.edu.tr', '05413883804'),
(13020105, 'Nick', 'Coleman', '1992/5/24', 0, '2013/4/10', 2.57, 'Nick.Coleman@etu.edu.tr', '05783208243'),
(17030201, 'Sanaa', 'Wang', '1997/5/2', 1, '2017/5/22', 1.12, 'Sanaa.Wang@etu.edu.tr', '05678122615'),
(16010203, 'Reed', 'Carlson', '1995/9/2', 0, '2016/6/27', 1.87, 'Reed.Carlson@etu.edu.tr', '05403658443')
;

INSERT INTO GRADUATE(stud_id, grad_grad_date) VALUES 
(13030101, '2017/5/22'),
(17030301, '2021/4/23'),
(17020201, '2022/4/15'),
(14030201, '2019/3/18'),
(15030201, '2020/4/6'),
(13030201, '2018/7/5'),
(16030301, '2020/9/9'),
(15030101, '2019/6/20'),
(14010301, '2019/8/24'),
(17020301, '2022/4/22'),
(14010302, '2018/3/16'),
(17010301, '2021/8/26'),
(16020101, '2020/7/13'),
(16010301, '2020/7/26'),
(15010201, '2019/5/14'),
(14030101, '2019/8/9'),
(15020101, '2020/4/5'),
(13010301, '2017/7/26'),
(16010101, '2021/3/15'),
(13010101, '2018/2/19'),
(17010201, '2021/6/9'),
(17020302, '2021/8/2'),
(13020101, '2017/1/12'),
(17020101, '2022/3/1'),
(16030302, '2021/5/7'),
(13020102, '2017/3/26'),
(16030303, '2020/3/19'),
(13020301, '2017/6/5'),
(16020301, '2021/4/18'),
(14020101, '2019/8/23'),
(15010101, '2020/6/10'),
(16020302, '2021/1/26'),
(17020202, '2021/7/23'),
(14020102, '2019/2/14'),
(13020103, '2017/9/17'),
(15020201, '2019/9/5'),
(17020303, '2021/8/27'),
(14020103, '2019/1/3'),
(13030301, '2017/4/24'),
(13010102, '2017/2/10'),
(16010201, '2020/1/25'),
(16010302, '2021/8/14'),
(17010101, '2021/4/14'),
(15010102, '2020/3/22'),
(14030102, '2018/9/6'),
(15020102, '2020/1/5'),
(13010201, '2018/2/25'),
(15010301, '2020/6/28'),
(17020102, '2022/3/15'),
(13010103, '2017/6/23'),
(15030202, '2019/2/16'),
(13020302, '2017/5/17'),
(16010303, '2020/9/23'),
(16010304, '2020/5/19'),
(16010305, '2021/2/3'),
(17020304, '2021/3/11'),
(13030102, '2017/1/6'),
(15030102, '2019/5/12'),
(13030103, '2017/1/27'),
(15020301, '2019/3/2'),
(13010104, '2018/6/26'),
(16030201, '2021/4/8'),
(14030202, '2018/9/15'),
(15030203, '2019/4/27'),
(17010302, '2021/6/15'),
(14010303, '2019/1/5'),
(16020201, '2020/7/19'),
(17030302, '2022/5/11'),
(17030101, '2021/4/24'),
(15030103, '2020/4/12'),
(16020102, '2021/8/10'),
(14020301, '2019/8/1'),
(13030202, '2017/6/27'),
(14010201, '2019/5/17'),
(16030101, '2020/4/21'),
(16020103, '2021/4/12'),
(15010103, '2020/9/10'),
(17030303, '2021/8/20'),
(17010202, '2021/8/16'),
(15010104, '2019/4/10'),
(14020201, '2018/2/23'),
(13010105, '2017/8/14'),
(15010202, '2019/3/28'),
(13030302, '2017/3/15'),
(14030203, '2019/2/21'),
(15020302, '2020/8/21'),
(14030301, '2018/9/8'),
(16010202, '2020/8/28'),
(17010203, '2021/4/24'),
(14010101, '2019/8/18'),
(14020104, '2019/5/24'),
(14010304, '2019/9/27'),
(14010202, '2018/5/1'),
(16020202, '2020/4/18'),
(14030302, '2018/2/19'),
(16020203, '2020/3/18'),
(13020104, '2017/6/5'),
(13020105, '2017/8/13'),
(17030201, '2021/2/5'),
(16010203, '2020/9/20')
;

INSERT INTO PARENT(pare_id, pare_fname, pare_lname, pare_sex, pare_email, pare_number) VALUES 
(1, 'Victoria', 'Carlson', 1, 'Victoria.Carlson@gmail.com', '05709958536'),
(2, 'Noah', 'Morgan', 0, 'Noah.Morgan@gmail.com', '05688667585'),
(3, 'Kassandra', 'Moyer', 1, 'Kassandra.Moyer@gmail.com', '05276823433'),
(4, 'Kathryn', 'Valentine', 1, 'Kathryn.Valentine@gmail.com', '05329374905'),
(5, 'Jayden', 'Christensen', 1, 'Jayden.Christensen@gmail.com', '05638506178'),
(6, 'Adrianna', 'Rivers', 1, 'Adrianna.Rivers@gmail.com', '05449902536'),
(7, 'Josue', 'Wilcox', 0, 'Josue.Wilcox@gmail.com', '05734346917'),
(8, 'Audrina', 'Stout', 1, 'Audrina.Stout@gmail.com', '05707436413'),
(9, 'Sharon', 'Stephenson', 1, 'Sharon.Stephenson@gmail.com', '05207752559'),
(10, 'Sarah', 'Sanchez', 1, 'Sarah.Sanchez@gmail.com', '05384097964'),
(11, 'Ernesto', 'Houston', 0, 'Ernesto.Houston@gmail.com', '05324995504'),
(12, 'Whitney', 'Golden', 1, 'Whitney.Golden@gmail.com', '05360525498'),
(13, 'Yosef', 'Yang', 0, 'Yosef.Yang@gmail.com', '05209095676'),
(14, 'Estrella', 'Chambers', 1, 'Estrella.Chambers@gmail.com', '05101851355'),
(15, 'Rudy', 'Robles', 0, 'Rudy.Robles@gmail.com', '05525384184'),
(16, 'Clarissa', 'Strickland', 1, 'Clarissa.Strickland@gmail.com', '05359019721'),
(17, 'Malakai', 'Robertson', 0, 'Malakai.Robertson@gmail.com', '05480717289'),
(18, 'Deandre', 'Arnold', 0, 'Deandre.Arnold@gmail.com', '05612321771'),
(19, 'Malachi', 'Green', 0, 'Malachi.Green@gmail.com', '05328211596'),
(20, 'Kassidy', 'Harrell', 1, 'Kassidy.Harrell@gmail.com', '05861681785'),
(21, 'Jaslene', 'Douglas', 1, 'Jaslene.Douglas@gmail.com', '05863153478'),
(22, 'Bria', 'Mercer', 1, 'Bria.Mercer@gmail.com', '05613965755'),
(23, 'Emmanuel', 'Clarke', 0, 'Emmanuel.Clarke@gmail.com', '05642810342'),
(24, 'Jessie', 'Parsons', 1, 'Jessie.Parsons@gmail.com', '05748098080'),
(25, 'Amiya', 'Hall', 1, 'Amiya.Hall@gmail.com', '05388864329'),
(26, 'Dylan', 'Hicks', 0, 'Dylan.Hicks@gmail.com', '05309653898'),
(27, 'Madalyn', 'Craig', 1, 'Madalyn.Craig@gmail.com', '05786585577'),
(28, 'Lucian', 'Copeland', 0, 'Lucian.Copeland@gmail.com', '05514148164'),
(29, 'Ronin', 'Ramos', 0, 'Ronin.Ramos@gmail.com', '05504805780'),
(30, 'Kasey', 'Mayer', 0, 'Kasey.Mayer@gmail.com', '05738206104'),
(31, 'Luca', 'Griffith', 0, 'Luca.Griffith@gmail.com', '05888616275'),
(32, 'Catalina', 'Preston', 1, 'Catalina.Preston@gmail.com', '05170668848'),
(33, 'Frida', 'Burnett', 1, 'Frida.Burnett@gmail.com', '05797500993'),
(34, 'Cameron', 'Hutchinson', 1, 'Cameron.Hutchinson@gmail.com', '05370017707'),
(35, 'Valentino', 'Peters', 0, 'Valentino.Peters@gmail.com', '05866840900'),
(36, 'Garrett', 'Bender', 0, 'Garrett.Bender@gmail.com', '05914923532'),
(37, 'Ruben', 'Benjamin', 0, 'Ruben.Benjamin@gmail.com', '05483373152'),
(38, 'Ainsley', 'Fields', 1, 'Ainsley.Fields@gmail.com', '05818108361'),
(39, 'Ismael', 'Whitehead', 0, 'Ismael.Whitehead@gmail.com', '05543896298'),
(40, 'Justus', 'Raymond', 0, 'Justus.Raymond@gmail.com', '05105633946'),
(41, 'Joanna', 'Ibarra', 1, 'Joanna.Ibarra@gmail.com', '05428456688'),
(42, 'Lucy', 'Ellis', 1, 'Lucy.Ellis@gmail.com', '05123042812'),
(43, 'Amari', 'Key', 0, 'Amari.Key@gmail.com', '05006590119'),
(44, 'Keegan', 'Mckay', 0, 'Keegan.Mckay@gmail.com', '05721681625'),
(45, 'Riya', 'Lane', 1, 'Riya.Lane@gmail.com', '05090481724'),
(46, 'Melany', 'French', 1, 'Melany.French@gmail.com', '05264277252'),
(47, 'Margaret', 'Blanchard', 1, 'Margaret.Blanchard@gmail.com', '05598672378'),
(48, 'Jamiya', 'Choi', 1, 'Jamiya.Choi@gmail.com', '05986278983'),
(49, 'Jade', 'Beck', 1, 'Jade.Beck@gmail.com', '05763601831'),
(50, 'Phillip', 'Mccarthy', 0, 'Phillip.Mccarthy@gmail.com', '05122489416'),
(51, 'Madalynn', 'Bowers', 1, 'Madalynn.Bowers@gmail.com', '05280370606'),
(52, 'Kinley', 'Charles', 1, 'Kinley.Charles@gmail.com', '05016112477'),
(53, 'Rylee', 'Roberson', 1, 'Rylee.Roberson@gmail.com', '05910963517'),
(54, 'Ana', 'Arroyo', 1, 'Ana.Arroyo@gmail.com', '05748009677'),
(55, 'Slade', 'Goodman', 0, 'Slade.Goodman@gmail.com', '05612859513'),
(56, 'Roderick', 'Calhoun', 0, 'Roderick.Calhoun@gmail.com', '05350904623'),
(57, 'Lauren', 'Schwartz', 1, 'Lauren.Schwartz@gmail.com', '05459348029'),
(58, 'Hector', 'Meyer', 0, 'Hector.Meyer@gmail.com', '05169212689'),
(59, 'Alexia', 'Heath', 1, 'Alexia.Heath@gmail.com', '05906568146'),
(60, 'Laylah', 'Orr', 1, 'Laylah.Orr@gmail.com', '05783608592'),
(61, 'Tristen', 'Proctor', 0, 'Tristen.Proctor@gmail.com', '05329807742'),
(62, 'Marcus', 'Shea', 0, 'Marcus.Shea@gmail.com', '05843857508'),
(63, 'Gerardo', 'Nash', 0, 'Gerardo.Nash@gmail.com', '05422293671'),
(64, 'Gwendolyn', 'Roy', 1, 'Gwendolyn.Roy@gmail.com', '05292168373'),
(65, 'Zane', 'Pace', 0, 'Zane.Pace@gmail.com', '05808570542'),
(66, 'Michaela', 'Spence', 1, 'Michaela.Spence@gmail.com', '05636095317'),
(67, 'Lara', 'Espinoza', 1, 'Lara.Espinoza@gmail.com', '05261018531'),
(68, 'Giovanna', 'Riley', 1, 'Giovanna.Riley@gmail.com', '05905169378'),
(69, 'Lucille', 'Galloway', 1, 'Lucille.Galloway@gmail.com', '05412965918'),
(70, 'Yareli', 'Richmond', 1, 'Yareli.Richmond@gmail.com', '05133996244'),
(71, 'Emmalee', 'Phillips', 1, 'Emmalee.Phillips@gmail.com', '05243370181'),
(72, 'Paulina', 'Livingston', 1, 'Paulina.Livingston@gmail.com', '05478982913'),
(73, 'Rhett', 'Long', 0, 'Rhett.Long@gmail.com', '05615530167'),
(74, 'Mckayla', 'Savage', 1, 'Mckayla.Savage@gmail.com', '05079008482'),
(75, 'Douglas', 'Huff', 0, 'Douglas.Huff@gmail.com', '05215616232'),
(76, 'Max', 'Pope', 0, 'Max.Pope@gmail.com', '05858095725'),
(77, 'Melody', 'Armstrong', 1, 'Melody.Armstrong@gmail.com', '05592552959'),
(78, 'Gloria', 'Fleming', 1, 'Gloria.Fleming@gmail.com', '05400243640'),
(79, 'Brayan', 'Krause', 0, 'Brayan.Krause@gmail.com', '05961635327'),
(80, 'Salvador', 'Frank', 0, 'Salvador.Frank@gmail.com', '05157365402'),
(81, 'Trevon', 'Carr', 0, 'Trevon.Carr@gmail.com', '05426780052'),
(82, 'Isla', 'Rogers', 1, 'Isla.Rogers@gmail.com', '05577109013'),
(83, 'Kate', 'Liu', 1, 'Kate.Liu@gmail.com', '05365807209'),
(84, 'Tripp', 'Giles', 0, 'Tripp.Giles@gmail.com', '05774779283'),
(85, 'Mira', 'Meyers', 1, 'Mira.Meyers@gmail.com', '05206127735'),
(86, 'Reynaldo', 'Quinn', 0, 'Reynaldo.Quinn@gmail.com', '05201943047'),
(87, 'Elisa', 'Guerrero', 1, 'Elisa.Guerrero@gmail.com', '05279317803'),
(88, 'Marcos', 'Dean', 0, 'Marcos.Dean@gmail.com', '05145831554'),
(89, 'Jerimiah', 'Chase', 0, 'Jerimiah.Chase@gmail.com', '05891105178'),
(90, 'Ariel', 'Vaughn', 1, 'Ariel.Vaughn@gmail.com', '05707798213'),
(91, 'Nancy', 'Foley', 1, 'Nancy.Foley@gmail.com', '05010165862'),
(92, 'Casey', 'Dunlap', 0, 'Casey.Dunlap@gmail.com', '05576205152'),
(93, 'Xavier', 'Marks', 0, 'Xavier.Marks@gmail.com', '05977990448'),
(94, 'Kaylen', 'Molina', 1, 'Kaylen.Molina@gmail.com', '05884462628'),
(95, 'Ali', 'Rodgers', 0, 'Ali.Rodgers@gmail.com', '05642278486'),
(96, 'Anabelle', 'Fox', 1, 'Anabelle.Fox@gmail.com', '05557591369'),
(97, 'Jasper', 'York', 0, 'Jasper.York@gmail.com', '05581766608'),
(98, 'Salvatore', 'Mcintyre', 0, 'Salvatore.Mcintyre@gmail.com', '05264022880'),
(99, 'Kali', 'Case', 1, 'Kali.Case@gmail.com', '05996045180'),
(100, 'Mohammad', 'Pollard', 0, 'Mohammad.Pollard@gmail.com', '05345925982'),
(101, 'Julian', 'Lawrence', 0, 'Julian.Lawrence@gmail.com', '05949339384'),
(102, 'Cohen', 'Andrade', 0, 'Cohen.Andrade@gmail.com', '05354882051'),
(103, 'Penelope', 'Hatfield', 1, 'Penelope.Hatfield@gmail.com', '05655345860'),
(104, 'Jacqueline', 'Rowland', 1, 'Jacqueline.Rowland@gmail.com', '05206166806'),
(105, 'Tamia', 'Mccall', 1, 'Tamia.Mccall@gmail.com', '05218415766'),
(106, 'Clara', 'Christian', 1, 'Clara.Christian@gmail.com', '05398876169'),
(107, 'Mercedes', 'Crosby', 1, 'Mercedes.Crosby@gmail.com', '05764467096'),
(108, 'Austin', 'Branch', 0, 'Austin.Branch@gmail.com', '05483962735'),
(109, 'Luciano', 'Butler', 0, 'Luciano.Butler@gmail.com', '05331267116'),
(110, 'Tanya', 'Lowe', 1, 'Tanya.Lowe@gmail.com', '05236155898'),
(111, 'Royce', 'Reyes', 0, 'Royce.Reyes@gmail.com', '05347531363'),
(112, 'Manuel', 'Mcdonald', 0, 'Manuel.Mcdonald@gmail.com', '05707428237'),
(113, 'Jaylene', 'Ayers', 1, 'Jaylene.Ayers@gmail.com', '05503104955'),
(114, 'Russell', 'Ball', 0, 'Russell.Ball@gmail.com', '05324452933'),
(115, 'Jax', 'Hardin', 0, 'Jax.Hardin@gmail.com', '05036879867'),
(116, 'Hayden', 'Cordova', 1, 'Hayden.Cordova@gmail.com', '05269874327'),
(117, 'Keaton', 'Gaines', 0, 'Keaton.Gaines@gmail.com', '05229444828'),
(118, 'Killian', 'Hooper', 0, 'Killian.Hooper@gmail.com', '05697793622'),
(119, 'Cristian', 'Huber', 0, 'Cristian.Huber@gmail.com', '05488040826'),
(120, 'Julio', 'Salas', 0, 'Julio.Salas@gmail.com', '05761263293'),
(121, 'Lizeth', 'Lopez', 1, 'Lizeth.Lopez@gmail.com', '05089573074'),
(122, 'Devon', 'Day', 0, 'Devon.Day@gmail.com', '05342524241'),
(123, 'Macy', 'Taylor', 1, 'Macy.Taylor@gmail.com', '05431860370'),
(124, 'Savannah', 'Gonzalez', 1, 'Savannah.Gonzalez@gmail.com', '05182582940'),
(125, 'Oliver', 'Dougherty', 0, 'Oliver.Dougherty@gmail.com', '05403040455'),
(126, 'Myles', 'Williams', 0, 'Myles.Williams@gmail.com', '05885912169'),
(127, 'Dayana', 'Owens', 1, 'Dayana.Owens@gmail.com', '05405610881'),
(128, 'Erick', 'Cole', 0, 'Erick.Cole@gmail.com', '05644689178'),
(129, 'Francis', 'Lang', 0, 'Francis.Lang@gmail.com', '05519945992'),
(130, 'Leia', 'Holland', 1, 'Leia.Holland@gmail.com', '05033211553'),
(131, 'Laci', 'Miranda', 1, 'Laci.Miranda@gmail.com', '05708837754'),
(132, 'Eugene', 'Mooney', 0, 'Eugene.Mooney@gmail.com', '05543354706'),
(133, 'Makayla', 'Snow', 1, 'Makayla.Snow@gmail.com', '05116463782'),
(134, 'Kadin', 'Ramsey', 0, 'Kadin.Ramsey@gmail.com', '05241939687'),
(135, 'Mila', 'Daniels', 1, 'Mila.Daniels@gmail.com', '05267769534'),
(136, 'Howard', 'Mason', 0, 'Howard.Mason@gmail.com', '05243531991'),
(137, 'Leo', 'Lewis', 0, 'Leo.Lewis@gmail.com', '05517495139'),
(138, 'Rodney', 'Kidd', 0, 'Rodney.Kidd@gmail.com', '05637703300'),
(139, 'Daniella', 'Shields', 1, 'Daniella.Shields@gmail.com', '05327516831'),
(140, 'Taylor', 'Norman', 1, 'Taylor.Norman@gmail.com', '05098531495'),
(141, 'Shane', 'Cowan', 0, 'Shane.Cowan@gmail.com', '05214746710'),
(142, 'Maren', 'Stokes', 1, 'Maren.Stokes@gmail.com', '05987780849'),
(143, 'Christine', 'Jarvis', 1, 'Christine.Jarvis@gmail.com', '05866137671'),
(144, 'Lindsay', 'Pierce', 1, 'Lindsay.Pierce@gmail.com', '05505387312'),
(145, 'Kael', 'Blair', 0, 'Kael.Blair@gmail.com', '05919203319'),
(146, 'Azul', 'Dunn', 1, 'Azul.Dunn@gmail.com', '05752530669'),
(147, 'Ricky', 'Ferrell', 0, 'Ricky.Ferrell@gmail.com', '05477330871'),
(148, 'Aracely', 'Massey', 1, 'Aracely.Massey@gmail.com', '05011672701'),
(149, 'Dean', 'Bradley', 0, 'Dean.Bradley@gmail.com', '05611609746'),
(150, 'Shelby', 'Mcneil', 1, 'Shelby.Mcneil@gmail.com', '05578556647'),
(151, 'Reagan', 'Montoya', 1, 'Reagan.Montoya@gmail.com', '05877247505'),
(152, 'Makenzie', 'Gonzales', 1, 'Makenzie.Gonzales@gmail.com', '05672548483'),
(153, 'Jazlynn', 'Henderson', 1, 'Jazlynn.Henderson@gmail.com', '05274050768'),
(154, 'Hailie', 'Shelton', 1, 'Hailie.Shelton@gmail.com', '05799542066'),
(155, 'Reece', 'Ramirez', 0, 'Reece.Ramirez@gmail.com', '05030890317'),
(156, 'Emily', 'Abbott', 1, 'Emily.Abbott@gmail.com', '05173162237'),
(157, 'Myla', 'Mullins', 1, 'Myla.Mullins@gmail.com', '05767165740'),
(158, 'Ariella', 'Dixon', 1, 'Ariella.Dixon@gmail.com', '05079020908'),
(159, 'Oscar', 'Flowers', 0, 'Oscar.Flowers@gmail.com', '05446681394'),
(160, 'Bernard', 'Prince', 0, 'Bernard.Prince@gmail.com', '05334821891'),
(161, 'Amira', 'Wolfe', 1, 'Amira.Wolfe@gmail.com', '05231351372'),
(162, 'Siena', 'Duarte', 1, 'Siena.Duarte@gmail.com', '05871033671'),
(163, 'Jaelynn', 'Ortega', 1, 'Jaelynn.Ortega@gmail.com', '05795897125'),
(164, 'David', 'Allen', 0, 'David.Allen@gmail.com', '05611940264'),
(165, 'Marc', 'Harmon', 0, 'Marc.Harmon@gmail.com', '05748008311'),
(166, 'Jaelyn', 'Alexander', 1, 'Jaelyn.Alexander@gmail.com', '05614556114'),
(167, 'Edith', 'Fisher', 1, 'Edith.Fisher@gmail.com', '05718836272'),
(168, 'Madelynn', 'Bullock', 1, 'Madelynn.Bullock@gmail.com', '05224078102'),
(169, 'Jayson', 'Singleton', 0, 'Jayson.Singleton@gmail.com', '05679580904'),
(170, 'Heaven', 'Baldwin', 1, 'Heaven.Baldwin@gmail.com', '05476195507'),
(171, 'Rose', 'Herman', 1, 'Rose.Herman@gmail.com', '05400210634'),
(172, 'Callie', 'Mosley', 1, 'Callie.Mosley@gmail.com', '05581773166'),
(173, 'Cassius', 'Farrell', 0, 'Cassius.Farrell@gmail.com', '05294845739'),
(174, 'Selena', 'Moss', 1, 'Selena.Moss@gmail.com', '05977242875'),
(175, 'Vance', 'Barr', 0, 'Vance.Barr@gmail.com', '05914253938'),
(176, 'Charlie', 'Boone', 1, 'Charlie.Boone@gmail.com', '05338031967'),
(177, 'Shyanne', 'Mejia', 1, 'Shyanne.Mejia@gmail.com', '05458637294'),
(178, 'Naomi', 'Cline', 1, 'Naomi.Cline@gmail.com', '05056561423'),
(179, 'Ally', 'May', 1, 'Ally.May@gmail.com', '05390689395'),
(180, 'Celeste', 'Weiss', 1, 'Celeste.Weiss@gmail.com', '05580209830'),
(181, 'Oswaldo', 'Washington', 0, 'Oswaldo.Washington@gmail.com', '05849901498'),
(182, 'Paige', 'Brock', 1, 'Paige.Brock@gmail.com', '05186018734'),
(183, 'Rowan', 'Ruiz', 0, 'Rowan.Ruiz@gmail.com', '05443626828'),
(184, 'Janiyah', 'Potter', 1, 'Janiyah.Potter@gmail.com', '05788057965'),
(185, 'Jovanny', 'Zavala', 0, 'Jovanny.Zavala@gmail.com', '05448411832'),
(186, 'Mary', 'Wagner', 1, 'Mary.Wagner@gmail.com', '05513395184'),
(187, 'Savanna', 'Richards', 1, 'Savanna.Richards@gmail.com', '05216024769'),
(188, 'Adelyn', 'Perkins', 1, 'Adelyn.Perkins@gmail.com', '05773086237'),
(189, 'Jaylyn', 'Waters', 1, 'Jaylyn.Waters@gmail.com', '05007836267'),
(190, 'Cullen', 'Bray', 0, 'Cullen.Bray@gmail.com', '05584981813'),
(191, 'Gabriella', 'Booker', 1, 'Gabriella.Booker@gmail.com', '05779592380'),
(192, 'Sanai', 'Hanna', 1, 'Sanai.Hanna@gmail.com', '05736572464'),
(193, 'Sonia', 'Erickson', 1, 'Sonia.Erickson@gmail.com', '05994296597'),
(194, 'Jaydan', 'Herring', 0, 'Jaydan.Herring@gmail.com', '05608058201'),
(195, 'Kenna', 'Leach', 1, 'Kenna.Leach@gmail.com', '05753199614'),
(196, 'Keira', 'Mcmahon', 1, 'Keira.Mcmahon@gmail.com', '05091660539'),
(197, 'Lucia', 'Jacobson', 1, 'Lucia.Jacobson@gmail.com', '05950770876'),
(198, 'Isabella', 'Rasmussen', 1, 'Isabella.Rasmussen@gmail.com', '05095976548'),
(199, 'Winston', 'Frey', 0, 'Winston.Frey@gmail.com', '05243206331'),
(200, 'Reid', 'Wright', 0, 'Reid.Wright@gmail.com', '05128427023'),
(201, 'Aditya', 'Boyer', 0, 'Aditya.Boyer@gmail.com', '05928774839'),
(202, 'Uriah', 'Peck', 0, 'Uriah.Peck@gmail.com', '05220985206'),
(203, 'Roy', 'Swanson', 0, 'Roy.Swanson@gmail.com', '05589401812'),
(204, 'Theresa', 'Nielsen', 1, 'Theresa.Nielsen@gmail.com', '05262646746'),
(205, 'Angeline', 'Burgess', 1, 'Angeline.Burgess@gmail.com', '05607339094'),
(206, 'Yuliana', 'Curry', 1, 'Yuliana.Curry@gmail.com', '05319492867'),
(207, 'Karson', 'Marsh', 0, 'Karson.Marsh@gmail.com', '05009874663'),
(208, 'Carson', 'Rubio', 0, 'Carson.Rubio@gmail.com', '05074975544'),
(209, 'Henry', 'Medina', 0, 'Henry.Medina@gmail.com', '05567066781'),
(210, 'Haylee', 'Porter', 1, 'Haylee.Porter@gmail.com', '05075634175'),
(211, 'Angelica', 'Santiago', 1, 'Angelica.Santiago@gmail.com', '05954401011'),
(212, 'Shea', 'Romero', 1, 'Shea.Romero@gmail.com', '05874654743'),
(213, 'Kai', 'Stevenson', 0, 'Kai.Stevenson@gmail.com', '05089607136'),
(214, 'Markus', 'Kennedy', 0, 'Markus.Kennedy@gmail.com', '05069362441'),
(215, 'Zoey', 'Lee', 1, 'Zoey.Lee@gmail.com', '05718215739'),
(216, 'Natalie', 'Dillon', 1, 'Natalie.Dillon@gmail.com', '05861777305'),
(217, 'Angelo', 'Gibbs', 0, 'Angelo.Gibbs@gmail.com', '05615081254'),
(218, 'Hana', 'Michael', 1, 'Hana.Michael@gmail.com', '05339002906'),
(219, 'Priscilla', 'Morse', 1, 'Priscilla.Morse@gmail.com', '05795647406'),
(220, 'Bradley', 'Oconnell', 0, 'Bradley.Oconnell@gmail.com', '05132477865'),
(221, 'Anabel', 'Beard', 1, 'Anabel.Beard@gmail.com', '05534944542'),
(222, 'Adalyn', 'Park', 1, 'Adalyn.Park@gmail.com', '05019750386'),
(223, 'Maurice', 'Fritz', 0, 'Maurice.Fritz@gmail.com', '05800718440'),
(224, 'Addisyn', 'Bryant', 1, 'Addisyn.Bryant@gmail.com', '05514160635'),
(225, 'Justin', 'Horn', 0, 'Justin.Horn@gmail.com', '05752712575'),
(226, 'Jazlene', 'Alvarez', 1, 'Jazlene.Alvarez@gmail.com', '05521487607'),
(227, 'Aubrey', 'Donaldson', 1, 'Aubrey.Donaldson@gmail.com', '05479633410'),
(228, 'Raelynn', 'Palmer', 1, 'Raelynn.Palmer@gmail.com', '05409957609'),
(229, 'Izaiah', 'Madden', 0, 'Izaiah.Madden@gmail.com', '05082764707'),
(230, 'Isabell', 'Daugherty', 1, 'Isabell.Daugherty@gmail.com', '05712275485'),
(231, 'River', 'Schultz', 0, 'River.Schultz@gmail.com', '05595467303'),
(232, 'Iris', 'Jacobs', 1, 'Iris.Jacobs@gmail.com', '05848210067'),
(233, 'Kathy', 'Larson', 1, 'Kathy.Larson@gmail.com', '05117876476'),
(234, 'Kaitlyn', 'Lutz', 1, 'Kaitlyn.Lutz@gmail.com', '05455307779'),
(235, 'Veronica', 'Flynn', 1, 'Veronica.Flynn@gmail.com', '05795891703'),
(236, 'Giada', 'Hays', 1, 'Giada.Hays@gmail.com', '05190938749'),
(237, 'Dominique', 'Stevens', 1, 'Dominique.Stevens@gmail.com', '05453340212'),
(238, 'Leslie', 'Valenzuela', 1, 'Leslie.Valenzuela@gmail.com', '05712092406'),
(239, 'Kyra', 'Sexton', 1, 'Kyra.Sexton@gmail.com', '05665631575'),
(240, 'Kathleen', 'Barker', 1, 'Kathleen.Barker@gmail.com', '05048189529'),
(241, 'Cole', 'Underwood', 0, 'Cole.Underwood@gmail.com', '05162424096'),
(242, 'Franklin', 'Coleman', 0, 'Franklin.Coleman@gmail.com', '05151408942'),
(243, 'Tucker', 'Doyle', 0, 'Tucker.Doyle@gmail.com', '05039901844'),
(244, 'Brian', 'Mcpherson', 0, 'Brian.Mcpherson@gmail.com', '05965586184'),
(245, 'Anderson', 'Nixon', 0, 'Anderson.Nixon@gmail.com', '05596500700'),
(246, 'Brielle', 'Vang', 1, 'Brielle.Vang@gmail.com', '05185461106'),
(247, 'Brodie', 'Soto', 0, 'Brodie.Soto@gmail.com', '05178997332'),
(248, 'Mathew', 'Love', 0, 'Mathew.Love@gmail.com', '05873045333'),
(249, 'Ignacio', 'Obrien', 0, 'Ignacio.Obrien@gmail.com', '05810220849'),
(250, 'Brylee', 'Oneill', 1, 'Brylee.Oneill@gmail.com', '05702666980'),
(251, 'Alma', 'Mann', 1, 'Alma.Mann@gmail.com', '05320156437'),
(252, 'Marlon', 'Lloyd', 0, 'Marlon.Lloyd@gmail.com', '05968262396'),
(253, 'Cedric', 'Woodward', 0, 'Cedric.Woodward@gmail.com', '05898686774'),
(254, 'Stephen', 'Acosta', 0, 'Stephen.Acosta@gmail.com', '05736390246'),
(255, 'Layton', 'Diaz', 0, 'Layton.Diaz@gmail.com', '05569990510'),
(256, 'Braden', 'Lyons', 0, 'Braden.Lyons@gmail.com', '05020998329'),
(257, 'Coleman', 'Poole', 0, 'Coleman.Poole@gmail.com', '05857803645'),
(258, 'Danica', 'Kim', 1, 'Danica.Kim@gmail.com', '05619782943'),
(259, 'Kyan', 'Mahoney', 0, 'Kyan.Mahoney@gmail.com', '05518360590'),
(260, 'Mariyah', 'Bennett', 1, 'Mariyah.Bennett@gmail.com', '05934298930'),
(261, 'Maxim', 'Kelley', 0, 'Maxim.Kelley@gmail.com', '05972489706'),
(262, 'Peyton', 'Blake', 0, 'Peyton.Blake@gmail.com', '05480759905'),
(263, 'Lorenzo', 'Floyd', 0, 'Lorenzo.Floyd@gmail.com', '05204217393'),
(264, 'Camron', 'Galvan', 0, 'Camron.Galvan@gmail.com', '05887779503'),
(265, 'Kallie', 'White', 1, 'Kallie.White@gmail.com', '05387477152'),
(266, 'Julianna', 'Solomon', 1, 'Julianna.Solomon@gmail.com', '05869890151'),
(267, 'Rosa', 'Benitez', 1, 'Rosa.Benitez@gmail.com', '05881733053'),
(268, 'Izabella', 'Travis', 1, 'Izabella.Travis@gmail.com', '05213930368'),
(269, 'Roberto', 'Cox', 0, 'Roberto.Cox@gmail.com', '05905131275'),
(270, 'Ronnie', 'Briggs', 0, 'Ronnie.Briggs@gmail.com', '05621248703'),
(271, 'Aryan', 'Rivas', 0, 'Aryan.Rivas@gmail.com', '05694753777'),
(272, 'Jairo', 'Zhang', 0, 'Jairo.Zhang@gmail.com', '05514641389'),
(273, 'Miracle', 'Mccormick', 1, 'Miracle.Mccormick@gmail.com', '05035817118'),
(274, 'Tyrone', 'Walsh', 0, 'Tyrone.Walsh@gmail.com', '05597086967'),
(275, 'Bruce', 'Bass', 0, 'Bruce.Bass@gmail.com', '05223352274'),
(276, 'Aarav', 'Barajas', 0, 'Aarav.Barajas@gmail.com', '05143884989'),
(277, 'Savion', 'Novak', 0, 'Savion.Novak@gmail.com', '05867553222'),
(278, 'Pierre', 'Fuller', 0, 'Pierre.Fuller@gmail.com', '05600047699'),
(279, 'Marshall', 'Goodwin', 0, 'Marshall.Goodwin@gmail.com', '05361951810'),
(280, 'Mollie', 'Graves', 1, 'Mollie.Graves@gmail.com', '05745087551'),
(281, 'Alexis', 'Marquez', 1, 'Alexis.Marquez@gmail.com', '05331292276'),
(282, 'Denise', 'Shaw', 1, 'Denise.Shaw@gmail.com', '05961353342'),
(283, 'Kailyn', 'Banks', 1, 'Kailyn.Banks@gmail.com', '05938885212'),
(284, 'Alissa', 'Stephens', 1, 'Alissa.Stephens@gmail.com', '05684823677'),
(285, 'Maddox', 'Ballard', 0, 'Maddox.Ballard@gmail.com', '05910446876'),
(286, 'Osvaldo', 'Trujillo', 0, 'Osvaldo.Trujillo@gmail.com', '05763287761'),
(287, 'Ali', 'Tapia', 1, 'Ali.Tapia@gmail.com', '05736105000'),
(288, 'Cadence', 'Price', 1, 'Cadence.Price@gmail.com', '05377967842'),
(289, 'Micaela', 'Melendez', 1, 'Micaela.Melendez@gmail.com', '05593289633'),
(290, 'Shyann', 'Tucker', 1, 'Shyann.Tucker@gmail.com', '05189699822'),
(291, 'Delilah', 'Paul', 1, 'Delilah.Paul@gmail.com', '05938812086'),
(292, 'Bailey', 'Simpson', 0, 'Bailey.Simpson@gmail.com', '05920083362'),
(293, 'Izayah', 'Mccarty', 0, 'Izayah.Mccarty@gmail.com', '05325238660'),
(294, 'Lamar', 'Hayden', 0, 'Lamar.Hayden@gmail.com', '05862270872'),
(295, 'Damari', 'Davenport', 0, 'Damari.Davenport@gmail.com', '05208764020'),
(296, 'Aniyah', 'Thompson', 1, 'Aniyah.Thompson@gmail.com', '05680446428'),
(297, 'Zackary', 'Mcmillan', 0, 'Zackary.Mcmillan@gmail.com', '05060347766'),
(298, 'Jadyn', 'Ware', 1, 'Jadyn.Ware@gmail.com', '05685287346'),
(299, 'Madison', 'Sparks', 1, 'Madison.Sparks@gmail.com', '05850515556'),
(300, 'Liliana', 'Adams', 1, 'Liliana.Adams@gmail.com', '05607574383'),
(301, 'Jerry', 'Sellers', 0, 'Jerry.Sellers@gmail.com', '05027973669'),
(302, 'Travis', 'Hensley', 0, 'Travis.Hensley@gmail.com', '05014569342'),
(303, 'Hailee', 'Bowman', 1, 'Hailee.Bowman@gmail.com', '05066696195'),
(304, 'Jamie', 'Cooley', 1, 'Jamie.Cooley@gmail.com', '05521880855'),
(305, 'Sidney', 'Brandt', 0, 'Sidney.Brandt@gmail.com', '05055181497'),
(306, 'Dominik', 'Norton', 0, 'Dominik.Norton@gmail.com', '05346078502'),
(307, 'Connor', 'Pittman', 0, 'Connor.Pittman@gmail.com', '05513718314'),
(308, 'Claire', 'Kirby', 1, 'Claire.Kirby@gmail.com', '05166225082'),
(309, 'Taniyah', 'Leon', 1, 'Taniyah.Leon@gmail.com', '05871651076'),
(310, 'Keyon', 'Mcintosh', 0, 'Keyon.Mcintosh@gmail.com', '05971722370'),
(311, 'Jazmine', 'Weaver', 1, 'Jazmine.Weaver@gmail.com', '05676197571'),
(312, 'Sebastian', 'Mckinney', 0, 'Sebastian.Mckinney@gmail.com', '05521659439'),
(313, 'Kyleigh', 'Nguyen', 1, 'Kyleigh.Nguyen@gmail.com', '05325582858'),
(314, 'Brooks', 'Thomas', 0, 'Brooks.Thomas@gmail.com', '05784633799'),
(315, 'Cash', 'Holt', 0, 'Cash.Holt@gmail.com', '05119274336'),
(316, 'Nicolas', 'Carroll', 0, 'Nicolas.Carroll@gmail.com', '05345620685'),
(317, 'Cloe', 'Benton', 1, 'Cloe.Benton@gmail.com', '05112613557'),
(318, 'Davis', 'Bates', 0, 'Davis.Bates@gmail.com', '05626269946'),
(319, 'Semaj', 'Montes', 0, 'Semaj.Montes@gmail.com', '05202493141'),
(320, 'Riley', 'Turner', 0, 'Riley.Turner@gmail.com', '05307782481'),
(321, 'Journey', 'Kelly', 1, 'Journey.Kelly@gmail.com', '05959863614'),
(322, 'Turner', 'Bradford', 0, 'Turner.Bradford@gmail.com', '05852187353'),
(323, 'Rohan', 'Solis', 0, 'Rohan.Solis@gmail.com', '05255624977'),
(324, 'Camryn', 'Howell', 0, 'Camryn.Howell@gmail.com', '05683954557'),
(325, 'Santos', 'Ferguson', 0, 'Santos.Ferguson@gmail.com', '05071726233'),
(326, 'Frank', 'Elliott', 0, 'Frank.Elliott@gmail.com', '05104701408'),
(327, 'Darion', 'Mcclain', 0, 'Darion.Mcclain@gmail.com', '05114599254'),
(328, 'Jeffrey', 'Kaiser', 0, 'Jeffrey.Kaiser@gmail.com', '05519352692'),
(329, 'Reese', 'Nelson', 1, 'Reese.Nelson@gmail.com', '05742004803'),
(330, 'Jaylynn', 'Wells', 1, 'Jaylynn.Wells@gmail.com', '05763910354'),
(331, 'Billy', 'Potts', 0, 'Billy.Potts@gmail.com', '05334714018'),
(332, 'Keyla', 'Dudley', 1, 'Keyla.Dudley@gmail.com', '05098680074'),
(333, 'Haven', 'Mcdaniel', 1, 'Haven.Mcdaniel@gmail.com', '05907132651'),
(334, 'Brooklynn', 'Andrews', 1, 'Brooklynn.Andrews@gmail.com', '05892413200'),
(335, 'Brennen', 'Caldwell', 0, 'Brennen.Caldwell@gmail.com', '05807107723'),
(336, 'Roselyn', 'Gilbert', 1, 'Roselyn.Gilbert@gmail.com', '05208463804'),
(337, 'Chaim', 'Ho', 0, 'Chaim.Ho@gmail.com', '05622942983'),
(338, 'Cody', 'Wang', 0, 'Cody.Wang@gmail.com', '05111085597'),
(339, 'Janiah', 'Wong', 1, 'Janiah.Wong@gmail.com', '05536938319'),
(340, 'Trinity', 'Newman', 1, 'Trinity.Newman@gmail.com', '05107597918'),
(341, 'Isaias', 'Padilla', 0, 'Isaias.Padilla@gmail.com', '05145614304'),
(342, 'Catherine', 'Drake', 1, 'Catherine.Drake@gmail.com', '05307158164'),
(343, 'Case', 'Walker', 0, 'Case.Walker@gmail.com', '05127119953'),
(344, 'Nicholas', 'Murphy', 0, 'Nicholas.Murphy@gmail.com', '05080510925'),
(345, 'Reagan', 'Ryan', 0, 'Reagan.Ryan@gmail.com', '05469595933'),
(346, 'Johnathan', 'Salinas', 0, 'Johnathan.Salinas@gmail.com', '05138223742'),
(347, 'Troy', 'Li', 0, 'Troy.Li@gmail.com', '05436620275'),
(348, 'Eduardo', 'Sanford', 0, 'Eduardo.Sanford@gmail.com', '05612427955'),
(349, 'Ulises', 'Warren', 0, 'Ulises.Warren@gmail.com', '05343729104'),
(350, 'Luka', 'Lucero', 0, 'Luka.Lucero@gmail.com', '05047266959'),
(351, 'Joel', 'Moore', 0, 'Joel.Moore@gmail.com', '05341138848'),
(352, 'Summer', 'Burns', 1, 'Summer.Burns@gmail.com', '05102344729'),
(353, 'Addyson', 'Pearson', 1, 'Addyson.Pearson@gmail.com', '05915530710'),
(354, 'Rodrigo', 'Dodson', 0, 'Rodrigo.Dodson@gmail.com', '05338114055'),
(355, 'Noelle', 'George', 1, 'Noelle.George@gmail.com', '05961433322'),
(356, 'Raphael', 'Shannon', 0, 'Raphael.Shannon@gmail.com', '05781972999'),
(357, 'Shaylee', 'Krueger', 1, 'Shaylee.Krueger@gmail.com', '05968663321'),
(358, 'Junior', 'Fischer', 0, 'Junior.Fischer@gmail.com', '05282826064'),
(359, 'Gina', 'Davis', 1, 'Gina.Davis@gmail.com', '05583993040'),
(360, 'Preston', 'Kaufman', 0, 'Preston.Kaufman@gmail.com', '05889431572'),
(361, 'Vanessa', 'Sheppard', 1, 'Vanessa.Sheppard@gmail.com', '05670296963'),
(362, 'Asher', 'House', 0, 'Asher.House@gmail.com', '05666182105'),
(363, 'Milo', 'Berg', 0, 'Milo.Berg@gmail.com', '05543813009'),
(364, 'Zain', 'Jordan', 0, 'Zain.Jordan@gmail.com', '05919528086'),
(365, 'Sophie', 'Alvarado', 1, 'Sophie.Alvarado@gmail.com', '05287727220'),
(366, 'Ann', 'Barnes', 1, 'Ann.Barnes@gmail.com', '05501803993'),
(367, 'Tomas', 'Nunez', 0, 'Tomas.Nunez@gmail.com', '05586584153'),
(368, 'Kendall', 'Sloan', 0, 'Kendall.Sloan@gmail.com', '05038972172'),
(369, 'Heidy', 'Wise', 1, 'Heidy.Wise@gmail.com', '05359670274'),
(370, 'Karlee', 'Costa', 1, 'Karlee.Costa@gmail.com', '05044751219'),
(371, 'Finn', 'Hunter', 0, 'Finn.Hunter@gmail.com', '05734151340'),
(372, 'Damon', 'Simmons', 0, 'Damon.Simmons@gmail.com', '05958096683'),
(373, 'Tara', 'Johnston', 1, 'Tara.Johnston@gmail.com', '05949181229'),
(374, 'Simeon', 'Walters', 0, 'Simeon.Walters@gmail.com', '05332676678'),
(375, 'Gordon', 'Terrell', 0, 'Gordon.Terrell@gmail.com', '05683441035'),
(376, 'Lillie', 'Leblanc', 1, 'Lillie.Leblanc@gmail.com', '05527859777'),
(377, 'Jayleen', 'Whitney', 1, 'Jayleen.Whitney@gmail.com', '05199867841'),
(378, 'Dashawn', 'Manning', 0, 'Dashawn.Manning@gmail.com', '05530834625'),
(379, 'Mia', 'Gardner', 1, 'Mia.Gardner@gmail.com', '05312401131'),
(380, 'Hazel', 'Ellison', 1, 'Hazel.Ellison@gmail.com', '05331237591'),
(381, 'Owen', 'Murillo', 0, 'Owen.Murillo@gmail.com', '05315770307'),
(382, 'Nikhil', 'Flores', 0, 'Nikhil.Flores@gmail.com', '05923067312'),
(383, 'Felix', 'David', 0, 'Felix.David@gmail.com', '05509288503'),
(384, 'Landen', 'Johns', 0, 'Landen.Johns@gmail.com', '05880032715'),
(385, 'Makai', 'Garrett', 0, 'Makai.Garrett@gmail.com', '05901862248'),
(386, 'Leyla', 'Gillespie', 1, 'Leyla.Gillespie@gmail.com', '05935085389'),
(387, 'Abigail', 'Harrington', 1, 'Abigail.Harrington@gmail.com', '05149432126'),
(388, 'Kellen', 'Townsend', 0, 'Kellen.Townsend@gmail.com', '05900445234'),
(389, 'Kash', 'Calderon', 0, 'Kash.Calderon@gmail.com', '05146875703'),
(390, 'Amy', 'Anderson', 1, 'Amy.Anderson@gmail.com', '05550782516'),
(391, 'Karli', 'Powers', 1, 'Karli.Powers@gmail.com', '05798433072'),
(392, 'Lisa', 'Wiggins', 1, 'Lisa.Wiggins@gmail.com', '05890593109'),
(393, 'Santino', 'Downs', 0, 'Santino.Downs@gmail.com', '05935398262'),
(394, 'Zaria', 'Todd', 1, 'Zaria.Todd@gmail.com', '05250558761'),
(395, 'John', 'Reese', 0, 'John.Reese@gmail.com', '05256768627'),
(396, 'Damien', 'Finley', 0, 'Damien.Finley@gmail.com', '05319135542'),
(397, 'Kaiya', 'Knapp', 1, 'Kaiya.Knapp@gmail.com', '05256242622'),
(398, 'Dakota', 'Knox', 0, 'Dakota.Knox@gmail.com', '05076931619'),
(399, 'Joyce', 'Gallegos', 1, 'Joyce.Gallegos@gmail.com', '05858503704'),
(400, 'Livia', 'Hayes', 1, 'Livia.Hayes@gmail.com', '05149504704'),
(401, 'Sterling', 'Owen', 0, 'Sterling.Owen@gmail.com', '05092174299'),
(402, 'Pablo', 'Kline', 0, 'Pablo.Kline@gmail.com', '05958448963'),
(403, 'Seamus', 'Ford', 0, 'Seamus.Ford@gmail.com', '05572952351'),
(404, 'Elaine', 'Mathews', 1, 'Elaine.Mathews@gmail.com', '05371912048'),
(405, 'Devin', 'Ortiz', 0, 'Devin.Ortiz@gmail.com', '05746732174'),
(406, 'Kylan', 'Carrillo', 0, 'Kylan.Carrillo@gmail.com', '05672007353'),
(407, 'Brent', 'Cooper', 0, 'Brent.Cooper@gmail.com', '05666180181'),
(408, 'Isaiah', 'Hawkins', 0, 'Isaiah.Hawkins@gmail.com', '05768196573'),
(409, 'Sariah', 'Hernandez', 1, 'Sariah.Hernandez@gmail.com', '05556481978'),
(410, 'Rihanna', 'Lynn', 1, 'Rihanna.Lynn@gmail.com', '05481602707'),
(411, 'Shyla', 'Archer', 1, 'Shyla.Archer@gmail.com', '05507386612'),
(412, 'Carissa', 'Barber', 1, 'Carissa.Barber@gmail.com', '05877264049'),
(413, 'Jabari', 'West', 0, 'Jabari.West@gmail.com', '05344515403'),
(414, 'Rebecca', 'Chan', 1, 'Rebecca.Chan@gmail.com', '05351934473'),
(415, 'Mario', 'Russell', 0, 'Mario.Russell@gmail.com', '05363789963'),
(416, 'Jeffery', 'Barry', 0, 'Jeffery.Barry@gmail.com', '05814356849'),
(417, 'Aylin', 'Pena', 1, 'Aylin.Pena@gmail.com', '05035574010'),
(418, 'Kasey', 'Hogan', 1, 'Kasey.Hogan@gmail.com', '05510627069'),
(419, 'Antoine', 'Haley', 0, 'Antoine.Haley@gmail.com', '05332218150'),
(420, 'Van', 'Fitzgerald', 0, 'Van.Fitzgerald@gmail.com', '05797390530'),
(421, 'Kira', 'Roach', 1, 'Kira.Roach@gmail.com', '05178096993'),
(422, 'Adison', 'Brewer', 1, 'Adison.Brewer@gmail.com', '05776583721'),
(423, 'Prince', 'Haney', 0, 'Prince.Haney@gmail.com', '05093076182'),
(424, 'Willie', 'Braun', 0, 'Willie.Braun@gmail.com', '05269878323'),
(425, 'Carl', 'Payne', 0, 'Carl.Payne@gmail.com', '05172454738'),
(426, 'Allie', 'Rivera', 1, 'Allie.Rivera@gmail.com', '05172902361'),
(427, 'Payton', 'Glenn', 1, 'Payton.Glenn@gmail.com', '05050104406'),
(428, 'Kristin', 'Snyder', 1, 'Kristin.Snyder@gmail.com', '05014408473'),
(429, 'Anika', 'Logan', 1, 'Anika.Logan@gmail.com', '05767995068'),
(430, 'Jenny', 'Herrera', 1, 'Jenny.Herrera@gmail.com', '05023685455'),
(431, 'Ryder', 'Brady', 0, 'Ryder.Brady@gmail.com', '05198957435'),
(432, 'Cristina', 'Torres', 1, 'Cristina.Torres@gmail.com', '05229035069'),
(433, 'Lane', 'Chang', 0, 'Lane.Chang@gmail.com', '05288835375'),
(434, 'Kenneth', 'Meza', 0, 'Kenneth.Meza@gmail.com', '05564227766'),
(435, 'Trevor', 'Bonilla', 0, 'Trevor.Bonilla@gmail.com', '05743341261'),
(436, 'Scott', 'Mccann', 0, 'Scott.Mccann@gmail.com', '05147895363'),
(437, 'Sheldon', 'Gordon', 0, 'Sheldon.Gordon@gmail.com', '05926824765'),
(438, 'Augustus', 'Callahan', 0, 'Augustus.Callahan@gmail.com', '05074210584'),
(439, 'Leah', 'Greene', 1, 'Leah.Greene@gmail.com', '05474930412'),
(440, 'Justice', 'Wilkinson', 0, 'Justice.Wilkinson@gmail.com', '05040516268'),
(441, 'Reese', 'Garcia', 0, 'Reese.Garcia@gmail.com', '05469447031'),
(442, 'Maximillian', 'Campos', 0, 'Maximillian.Campos@gmail.com', '05553527985'),
(443, 'Javon', 'Bond', 0, 'Javon.Bond@gmail.com', '05576394331'),
(444, 'Jamya', 'Carpenter', 1, 'Jamya.Carpenter@gmail.com', '05014739101'),
(445, 'Davion', 'Morales', 0, 'Davion.Morales@gmail.com', '05529417134'),
(446, 'Ari', 'Cameron', 0, 'Ari.Cameron@gmail.com', '05011645917'),
(447, 'Jorge', 'Wilkerson', 0, 'Jorge.Wilkerson@gmail.com', '05397209395'),
(448, 'Philip', 'Mccoy', 0, 'Philip.Mccoy@gmail.com', '05644678030'),
(449, 'Dennis', 'Haas', 0, 'Dennis.Haas@gmail.com', '05280793697'),
(450, 'Ayana', 'Martin', 1, 'Ayana.Martin@gmail.com', '05713662375'),
(451, 'Kasen', 'Frazier', 0, 'Kasen.Frazier@gmail.com', '05081086005'),
(452, 'Brenton', 'Vasquez', 0, 'Brenton.Vasquez@gmail.com', '05719171084'),
(453, 'Aria', 'Melton', 1, 'Aria.Melton@gmail.com', '05788237752'),
(454, 'Evelin', 'Dyer', 1, 'Evelin.Dyer@gmail.com', '05593403945'),
(455, 'Krish', 'Grimes', 0, 'Krish.Grimes@gmail.com', '05797006497'),
(456, 'Kierra', 'Mills', 1, 'Kierra.Mills@gmail.com', '05753638924'),
(457, 'Kade', 'Lucas', 0, 'Kade.Lucas@gmail.com', '05704398086'),
(458, 'Emery', 'Gibson', 1, 'Emery.Gibson@gmail.com', '05479239970'),
(459, 'Cierra', 'King', 1, 'Cierra.King@gmail.com', '05357462034'),
(460, 'Sarai', 'Rangel', 1, 'Sarai.Rangel@gmail.com', '05845853542'),
(461, 'Amaris', 'Shepherd', 1, 'Amaris.Shepherd@gmail.com', '05237346351'),
(462, 'Zaniyah', 'Bird', 1, 'Zaniyah.Bird@gmail.com', '05037250646'),
(463, 'Brayden', 'Garza', 0, 'Brayden.Garza@gmail.com', '05156622856'),
(464, 'Angel', 'Carney', 0, 'Angel.Carney@gmail.com', '05654210503'),
(465, 'Rodolfo', 'Wyatt', 0, 'Rodolfo.Wyatt@gmail.com', '05082378959'),
(466, 'Kaden', 'Walter', 0, 'Kaden.Walter@gmail.com', '05584089639'),
(467, 'Zavier', 'Odonnell', 0, 'Zavier.Odonnell@gmail.com', '05671843100'),
(468, 'Maddison', 'Fowler', 1, 'Maddison.Fowler@gmail.com', '05260155098'),
(469, 'Issac', 'Henson', 0, 'Issac.Henson@gmail.com', '05488661511'),
(470, 'Jimena', 'Berry', 1, 'Jimena.Berry@gmail.com', '05516849980'),
(471, 'Cecelia', 'Wu', 1, 'Cecelia.Wu@gmail.com', '05262971971'),
(472, 'Toby', 'Murray', 0, 'Toby.Murray@gmail.com', '05925296338'),
(473, 'Antony', 'Cabrera', 0, 'Antony.Cabrera@gmail.com', '05591409633'),
(474, 'Malik', 'Jones', 0, 'Malik.Jones@gmail.com', '05599998055'),
(475, 'Nyla', 'Cisneros', 1, 'Nyla.Cisneros@gmail.com', '05018961978'),
(476, 'Wayne', 'Fitzpatrick', 0, 'Wayne.Fitzpatrick@gmail.com', '05988861343'),
(477, 'Meghan', 'Schmitt', 1, 'Meghan.Schmitt@gmail.com', '05405202911'),
(478, 'Dawson', 'Valencia', 0, 'Dawson.Valencia@gmail.com', '05132329377'),
(479, 'Efrain', 'Sherman', 0, 'Efrain.Sherman@gmail.com', '05544970286'),
(480, 'Jayla', 'Clements', 1, 'Jayla.Clements@gmail.com', '05312733079'),
(481, 'Brendon', 'Bush', 0, 'Brendon.Bush@gmail.com', '05272121961'),
(482, 'Emilio', 'Lindsey', 0, 'Emilio.Lindsey@gmail.com', '05559708490'),
(483, 'Tianna', 'Good', 1, 'Tianna.Good@gmail.com', '05377874814'),
(484, 'Chance', 'Reilly', 0, 'Chance.Reilly@gmail.com', '05930248318'),
(485, 'Patrick', 'Forbes', 0, 'Patrick.Forbes@gmail.com', '05888847032'),
(486, 'Piper', 'Whitaker', 1, 'Piper.Whitaker@gmail.com', '05920423024'),
(487, 'Erika', 'Bradshaw', 1, 'Erika.Bradshaw@gmail.com', '05640593501'),
(488, 'Joy', 'Bauer', 1, 'Joy.Bauer@gmail.com', '05054769192'),
(489, 'Elliana', 'Navarro', 1, 'Elliana.Navarro@gmail.com', '05455759177'),
(490, 'Alijah', 'Rose', 0, 'Alijah.Rose@gmail.com', '05752202384'),
(491, 'Arielle', 'Russo', 1, 'Arielle.Russo@gmail.com', '05039041256'),
(492, 'Trace', 'Cantrell', 0, 'Trace.Cantrell@gmail.com', '05458397090'),
(493, 'Chana', 'Stanley', 1, 'Chana.Stanley@gmail.com', '05218756180'),
(494, 'Santiago', 'Adkins', 0, 'Santiago.Adkins@gmail.com', '05148283166'),
(495, 'Dalia', 'Malone', 1, 'Dalia.Malone@gmail.com', '05682511509'),
(496, 'Greta', 'Roberts', 1, 'Greta.Roberts@gmail.com', '05869409643'),
(497, 'Jimmy', 'Reed', 0, 'Jimmy.Reed@gmail.com', '05126634405'),
(498, 'Baron', 'Mcconnell', 0, 'Baron.Mcconnell@gmail.com', '05070322326'),
(499, 'Ellen', 'Holloway', 1, 'Ellen.Holloway@gmail.com', '05570544042'),
(500, 'Aliya', 'Yoder', 1, 'Aliya.Yoder@gmail.com', '05092462283'),
(501, 'Sammy', 'Suarez', 0, 'Sammy.Suarez@gmail.com', '05570804635'),
(502, 'Camren', 'Cherry', 0, 'Camren.Cherry@gmail.com', '05795299627'),
(503, 'Daphne', 'Gay', 1, 'Daphne.Gay@gmail.com', '05957478916'),
(504, 'Crystal', 'Rojas', 1, 'Crystal.Rojas@gmail.com', '05851315056'),
(505, 'Saniyah', 'Watts', 1, 'Saniyah.Watts@gmail.com', '05313405199'),
(506, 'Arianna', 'Greer', 1, 'Arianna.Greer@gmail.com', '05874687438'),
(507, 'Nicole', 'Mcdowell', 1, 'Nicole.Mcdowell@gmail.com', '05282709594'),
(508, 'Larry', 'Vargas', 0, 'Larry.Vargas@gmail.com', '05941552686'),
(509, 'Leonel', 'Hampton', 0, 'Leonel.Hampton@gmail.com', '05238071804'),
(510, 'Braedon', 'Peterson', 0, 'Braedon.Peterson@gmail.com', '05890760163'),
(511, 'Jakayla', 'Durham', 1, 'Jakayla.Durham@gmail.com', '05688868608'),
(512, 'Lorelai', 'Bryan', 1, 'Lorelai.Bryan@gmail.com', '05693975308'),
(513, 'Leticia', 'Cooke', 1, 'Leticia.Cooke@gmail.com', '05818024557'),
(514, 'Lilah', 'Schneider', 1, 'Lilah.Schneider@gmail.com', '05711584571'),
(515, 'Annalise', 'Villa', 1, 'Annalise.Villa@gmail.com', '05435287009'),
(516, 'Jay', 'Roman', 0, 'Jay.Roman@gmail.com', '05715383000'),
(517, 'Stella', 'Holder', 1, 'Stella.Holder@gmail.com', '05459028144'),
(518, 'Jamar', 'Hanson', 0, 'Jamar.Hanson@gmail.com', '05207909802'),
(519, 'Kaylynn', 'Kramer', 1, 'Kaylynn.Kramer@gmail.com', '05012334537'),
(520, 'Yaretzi', 'Patrick', 1, 'Yaretzi.Patrick@gmail.com', '05912738417'),
(521, 'Bo', 'Levy', 0, 'Bo.Levy@gmail.com', '05573485951'),
(522, 'Lana', 'Ward', 1, 'Lana.Ward@gmail.com', '05542197817'),
(523, 'Miya', 'Miles', 1, 'Miya.Miles@gmail.com', '05977010793'),
(524, 'Kingston', 'Ayala', 0, 'Kingston.Ayala@gmail.com', '05816604792'),
(525, 'Uriel', 'Thornton', 0, 'Uriel.Thornton@gmail.com', '05456357052'),
(526, 'Theodore', 'Glass', 0, 'Theodore.Glass@gmail.com', '05123294560'),
(527, 'Samir', 'Tran', 0, 'Samir.Tran@gmail.com', '05929318555'),
(528, 'Ezra', 'Vance', 0, 'Ezra.Vance@gmail.com', '05159164308'),
(529, 'Emerson', 'Osborne', 0, 'Emerson.Osborne@gmail.com', '05183569826'),
(530, 'Kaia', 'Hudson', 1, 'Kaia.Hudson@gmail.com', '05727574218'),
(531, 'Quinten', 'Aguilar', 0, 'Quinten.Aguilar@gmail.com', '05755405269'),
(532, 'Bradyn', 'Joseph', 0, 'Bradyn.Joseph@gmail.com', '05231215001'),
(533, 'Kaeden', 'Simon', 0, 'Kaeden.Simon@gmail.com', '05852485242'),
(534, 'Anne', 'Spencer', 1, 'Anne.Spencer@gmail.com', '05931687544'),
(535, 'Giovanny', 'Pineda', 0, 'Giovanny.Pineda@gmail.com', '05721243548'),
(536, 'Teagan', 'Williamson', 1, 'Teagan.Williamson@gmail.com', '05290714235'),
(537, 'Paisley', 'Moses', 1, 'Paisley.Moses@gmail.com', '05604578078'),
(538, 'Aryanna', 'Higgins', 1, 'Aryanna.Higgins@gmail.com', '05926270032'),
(539, 'Alonso', 'Howard', 0, 'Alonso.Howard@gmail.com', '05224847575'),
(540, 'Keely', 'Irwin', 1, 'Keely.Irwin@gmail.com', '05295214086'),
(541, 'Danna', 'Terry', 1, 'Danna.Terry@gmail.com', '05440665917'),
(542, 'April', 'Richardson', 1, 'April.Richardson@gmail.com', '05329296034'),
(543, 'Jeremiah', 'Woods', 0, 'Jeremiah.Woods@gmail.com', '05165595308'),
(544, 'Olivia', 'Bishop', 1, 'Olivia.Bishop@gmail.com', '05045558483'),
(545, 'Zayne', 'Estes', 0, 'Zayne.Estes@gmail.com', '05222845281'),
(546, 'Lauryn', 'Olson', 1, 'Lauryn.Olson@gmail.com', '05634366363'),
(547, 'Fiona', 'Farley', 1, 'Fiona.Farley@gmail.com', '05805675978'),
(548, 'Paityn', 'Page', 1, 'Paityn.Page@gmail.com', '05016766811'),
(549, 'Alfonso', 'Cannon', 0, 'Alfonso.Cannon@gmail.com', '05793439761'),
(550, 'Eva', 'Mora', 1, 'Eva.Mora@gmail.com', '05856365198'),
(551, 'Karlie', 'Rice', 1, 'Karlie.Rice@gmail.com', '05608302466'),
(552, 'Trevin', 'Baxter', 0, 'Trevin.Baxter@gmail.com', '05189077348'),
(553, 'Kylee', 'Bridges', 1, 'Kylee.Bridges@gmail.com', '05679100242'),
(554, 'Jaeden', 'Delgado', 0, 'Jaeden.Delgado@gmail.com', '05117385121'),
(555, 'Jewel', 'Horne', 1, 'Jewel.Horne@gmail.com', '05257293006'),
(556, 'Skye', 'Morton', 1, 'Skye.Morton@gmail.com', '05500524732'),
(557, 'Lyric', 'Wilkins', 0, 'Lyric.Wilkins@gmail.com', '05154778020'),
(558, 'Dylan', 'Fuentes', 1, 'Dylan.Fuentes@gmail.com', '05978471060'),
(559, 'Yasmine', 'Neal', 1, 'Yasmine.Neal@gmail.com', '05021624941'),
(560, 'Alejandro', 'Buck', 0, 'Alejandro.Buck@gmail.com', '05799601652'),
(561, 'Armando', 'Sutton', 0, 'Armando.Sutton@gmail.com', '05129436405'),
(562, 'Dixie', 'Vazquez', 1, 'Dixie.Vazquez@gmail.com', '05637141273'),
(563, 'Aurora', 'Walls', 1, 'Aurora.Walls@gmail.com', '05276561843'),
(564, 'Alanna', 'Kirk', 1, 'Alanna.Kirk@gmail.com', '05551194889'),
(565, 'Nathan', 'Weber', 0, 'Nathan.Weber@gmail.com', '05858195514'),
(566, 'Amaya', 'Rollins', 1, 'Amaya.Rollins@gmail.com', '05054450967'),
(567, 'Darian', 'Hoffman', 0, 'Darian.Hoffman@gmail.com', '05072451505'),
(568, 'Kelly', 'Zamora', 1, 'Kelly.Zamora@gmail.com', '05377128518'),
(569, 'Cara', 'Moreno', 1, 'Cara.Moreno@gmail.com', '05531537490'),
(570, 'Hannah', 'Villarreal', 1, 'Hannah.Villarreal@gmail.com', '05312494142'),
(571, 'Dustin', 'Stewart', 0, 'Dustin.Stewart@gmail.com', '05193165143'),
(572, 'Houston', 'Castro', 0, 'Houston.Castro@gmail.com', '05722662731'),
(573, 'Moshe', 'Stafford', 0, 'Moshe.Stafford@gmail.com', '05586090452'),
(574, 'Tabitha', 'Conway', 1, 'Tabitha.Conway@gmail.com', '05701217887'),
(575, 'Shania', 'Kent', 1, 'Shania.Kent@gmail.com', '05138522649'),
(576, 'Jamie', 'English', 0, 'Jamie.English@gmail.com', '05541709976'),
(577, 'Brooklyn', 'Hobbs', 1, 'Brooklyn.Hobbs@gmail.com', '05910910682'),
(578, 'Gracie', 'Farmer', 1, 'Gracie.Farmer@gmail.com', '05354739873'),
(579, 'Monique', 'Davies', 1, 'Monique.Davies@gmail.com', '05723642411'),
(580, 'Erica', 'Pratt', 1, 'Erica.Pratt@gmail.com', '05426604108'),
(581, 'Leonidas', 'Lynch', 0, 'Leonidas.Lynch@gmail.com', '05332430783'),
(582, 'Makhi', 'Davidson', 0, 'Makhi.Davidson@gmail.com', '05926169524'),
(583, 'Allisson', 'Mendoza', 1, 'Allisson.Mendoza@gmail.com', '05297809786'),
(584, 'Gavyn', 'Sanders', 0, 'Gavyn.Sanders@gmail.com', '05866054627'),
(585, 'Ashlee', 'Cervantes', 1, 'Ashlee.Cervantes@gmail.com', '05383355981'),
(586, 'Marely', 'Sosa', 1, 'Marely.Sosa@gmail.com', '05810709524'),
(587, 'Jaime', 'Clark', 0, 'Jaime.Clark@gmail.com', '05166740414'),
(588, 'Khalil', 'Tate', 0, 'Khalil.Tate@gmail.com', '05757448676'),
(589, 'Hamza', 'Cantu', 0, 'Hamza.Cantu@gmail.com', '05841995456'),
(590, 'Gretchen', 'Gill', 1, 'Gretchen.Gill@gmail.com', '05428490092'),
(591, 'Rex', 'Conrad', 0, 'Rex.Conrad@gmail.com', '05940909579'),
(592, 'Juan', 'Donovan', 0, 'Juan.Donovan@gmail.com', '05250816480'),
(593, 'Gaven', 'Chung', 0, 'Gaven.Chung@gmail.com', '05842043249'),
(594, 'Gilberto', 'Stone', 0, 'Gilberto.Stone@gmail.com', '05131018179'),
(595, 'Ben', 'Brooks', 0, 'Ben.Brooks@gmail.com', '05248806009'),
(596, 'William', 'Hopkins', 0, 'William.Hopkins@gmail.com', '05310837978'),
(597, 'Edward', 'Villanueva', 0, 'Edward.Villanueva@gmail.com', '05924043109'),
(598, 'Kendal', 'Larsen', 1, 'Kendal.Larsen@gmail.com', '05716636742'),
(599, 'Mina', 'Mcfarland', 1, 'Mina.Mcfarland@gmail.com', '05418318113'),
(600, 'Jasmine', 'Mendez', 1, 'Jasmine.Mendez@gmail.com', '05930262308')
;

INSERT INTO RELATIVE(stud_id, pare_id, rela_type) VALUES 
(16010203, 1, 'Mother'),
(16020203, 2, 'Sibling'),
(14030302, 3, 'Mother'),
(16020202, 4, 'Mother'),
(14010202, 5, 'Mother'),
(14010304, 6, 'Sibling'),
(14020104, 7, 'Sibling'),
(14030301, 8, 'Mother'),
(14030203, 9, 'Sibling'),
(17030303, 10, 'Mother'),
(15010103, 11, 'Sibling'),
(16020103, 12, 'Mother'),
(16030101, 13, 'Sibling'),
(14010201, 14, 'Mother'),
(13030202, 15, 'Sibling'),
(16020102, 16, 'Mother'),
(17030101, 17, 'Sibling'),
(16020201, 18, 'Father'),
(17010302, 19, 'Sibling'),
(15030203, 20, 'Mother'),
(14030202, 21, 'Sibling'),
(16030201, 22, 'Mother'),
(15030102, 23, 'Sibling'),
(13030102, 24, 'Sibling'),
(17020304, 25, 'Mother'),
(16010304, 26, 'Father'),
(13020302, 27, 'Sibling'),
(15030202, 28, 'Father'),
(13010103, 29, 'Father'),
(15010301, 30, 'Father'),
(17010203, 31, 'Sibling'),
(13010201, 32, 'Mother'),
(15020102, 33, 'Sibling'),
(15010102, 34, 'Sibling'),
(16010302, 35, 'Sibling'),
(22030110, 36, 'Sibling'),
(22030108, 37, 'Father'),
(19020108, 38, 'Sibling'),
(21020308, 39, 'Sibling'),
(20030106, 40, 'Father'),
(18030207, 41, 'Sibling'),
(22030205, 42, 'Mother'),
(20020103, 43, 'Sibling'),
(21010205, 44, 'Sibling'),
(22030207, 45, 'Mother'),
(22020107, 46, 'Mother'),
(22030206, 47, 'Mother'),
(18020204, 48, 'Mother'),
(22030213, 49, 'Mother'),
(22030210, 50, 'Sibling'),
(20020113, 51, 'Sibling'),
(20020305, 52, 'Mother'),
(14010303, 53, 'Mother'),
(20020202, 54, 'Sibling'),
(21030302, 55, 'Father'),
(21020203, 56, 'Father'),
(18010307, 57, 'Mother'),
(22010306, 58, 'Father'),
(21020106, 59, 'Sibling'),
(18030105, 60, 'Sibling'),
(18020107, 61, 'Sibling'),
(18020205, 62, 'Father'),
(21030301, 63, 'Father'),
(19020206, 64, 'Mother'),
(19030110, 65, 'Sibling'),
(14030201, 66, 'Mother'),
(18010306, 67, 'Mother'),
(22030111, 68, 'Mother'),
(21020107, 69, 'Sibling'),
(21020307, 70, 'Sibling'),
(20020116, 71, 'Sibling'),
(22020106, 72, 'Mother'),
(20030207, 73, 'Father'),
(22020206, 74, 'Mother'),
(19010202, 75, 'Sibling'),
(20020115, 76, 'Sibling'),
(21010106, 77, 'Sibling'),
(18020203, 78, 'Sibling'),
(19030313, 79, 'Father'),
(18020302, 80, 'Father'),
(22030302, 81, 'Father'),
(20030212, 82, 'Sibling'),
(20020313, 83, 'Mother'),
(21010101, 84, 'Father'),
(20030208, 85, 'Sibling'),
(22020302, 86, 'Sibling'),
(18010207, 87, 'Sibling'),
(18030104, 88, 'Sibling'),
(20020101, 89, 'Sibling'),
(18010305, 90, 'Mother'),
(21010206, 91, 'Sibling'),
(22030307, 92, 'Father'),
(18030205, 93, 'Father'),
(21020306, 94, 'Sibling'),
(18010304, 95, 'Father'),
(22030107, 96, 'Sibling'),
(19020107, 97, 'Sibling'),
(19020209, 98, 'Sibling'),
(17010202, 99, 'Sibling'),
(22030204, 100, 'Father'),
(22010304, 101, 'Sibling'),
(20010203, 102, 'Sibling'),
(21010303, 103, 'Sibling'),
(18030304, 104, 'Sibling'),
(21030207, 105, 'Sibling'),
(22010201, 106, 'Sibling'),
(20010108, 107, 'Mother'),
(20030104, 108, 'Father'),
(21030205, 109, 'Father'),
(22020201, 110, 'Sibling'),
(22010311, 111, 'Sibling'),
(22030105, 112, 'Sibling'),
(18020303, 113, 'Mother'),
(22010305, 114, 'Sibling'),
(20030209, 115, 'Father'),
(20020209, 116, 'Sibling'),
(20020205, 117, 'Father'),
(19030111, 118, 'Sibling'),
(19030205, 119, 'Sibling'),
(21030203, 120, 'Sibling'),
(20010107, 121, 'Mother'),
(18020106, 122, 'Father'),
(22010313, 123, 'Sibling'),
(21020105, 124, 'Sibling'),
(20010106, 125, 'Sibling'),
(20020204, 126, 'Sibling'),
(19020203, 127, 'Sibling'),
(22030109, 128, 'Father'),
(22030304, 129, 'Sibling'),
(20030305, 130, 'Sibling'),
(22030301, 131, 'Sibling'),
(21030101, 132, 'Father'),
(22010106, 133, 'Sibling'),
(19020313, 134, 'Father'),
(18030206, 135, 'Mother'),
(20010201, 136, 'Sibling'),
(18020201, 137, 'Sibling'),
(20020210, 138, 'Sibling'),
(18030209, 139, 'Mother'),
(18010104, 140, 'Sibling'),
(19020106, 141, 'Father'),
(22010202, 142, 'Sibling'),
(21030109, 143, 'Sibling'),
(18010203, 144, 'Sibling'),
(19010302, 145, 'Sibling'),
(21020311, 146, 'Sibling'),
(22030101, 147, 'Sibling'),
(18020301, 148, 'Sibling'),
(19030304, 149, 'Sibling'),
(16010202, 150, 'Sibling'),
(22020202, 151, 'Mother'),
(22030112, 152, 'Mother'),
(21010103, 153, 'Sibling'),
(19010311, 154, 'Sibling'),
(20010212, 155, 'Sibling'),
(20030101, 156, 'Mother'),
(22030102, 157, 'Mother'),
(18010303, 158, 'Mother'),
(21010102, 159, 'Sibling'),
(18010201, 160, 'Father'),
(19010201, 161, 'Mother'),
(15030103, 162, 'Sibling'),
(18030101, 163, 'Sibling'),
(22010104, 164, 'Father'),
(18010102, 165, 'Sibling'),
(19010105, 166, 'Mother'),
(20010103, 167, 'Mother'),
(18020207, 168, 'Mother'),
(20020311, 169, 'Father'),
(20020201, 170, 'Sibling'),
(18030103, 171, 'Mother'),
(22010103, 172, 'Sibling'),
(19020301, 173, 'Sibling'),
(20030203, 174, 'Sibling'),
(20020107, 175, 'Sibling'),
(22020303, 176, 'Mother'),
(21030204, 177, 'Mother'),
(20020301, 178, 'Sibling'),
(17020102, 179, 'Sibling'),
(21020104, 180, 'Mother'),
(20030301, 181, 'Father'),
(21020201, 182, 'Mother'),
(19020101, 183, 'Sibling'),
(20010206, 184, 'Mother'),
(21020202, 185, 'Father'),
(22020104, 186, 'Sibling'),
(19020308, 187, 'Sibling'),
(21010310, 188, 'Mother'),
(20030206, 189, 'Mother'),
(19030103, 190, 'Father'),
(20010208, 191, 'Sibling'),
(19030105, 192, 'Mother'),
(19010206, 193, 'Mother'),
(21020103, 194, 'Father'),
(18020104, 195, 'Mother'),
(19030206, 196, 'Mother'),
(19030305, 197, 'Sibling'),
(19030211, 198, 'Mother'),
(15010202, 199, 'Sibling'),
(20010302, 200, 'Sibling'),
(20030216, 201, 'Sibling'),
(22010302, 202, 'Father'),
(19030204, 203, 'Father'),
(20030201, 204, 'Sibling'),
(22020108, 205, 'Sibling'),
(18030102, 206, 'Sibling'),
(18020102, 207, 'Sibling'),
(21020301, 208, 'Sibling'),
(22010312, 209, 'Father'),
(13020101, 210, 'Mother'),
(19020205, 211, 'Sibling'),
(20030111, 212, 'Sibling'),
(21020108, 213, 'Father'),
(18020202, 214, 'Father'),
(13010104, 215, 'Sibling'),
(20030310, 216, 'Sibling'),
(19030201, 217, 'Father'),
(19020306, 218, 'Mother'),
(18010205, 219, 'Mother'),
(22030203, 220, 'Father'),
(19010101, 221, 'Mother'),
(19020102, 222, 'Sibling'),
(19030101, 223, 'Sibling'),
(22010203, 224, 'Mother'),
(22020204, 225, 'Sibling'),
(20010303, 226, 'Mother'),
(22010314, 227, 'Sibling'),
(21010104, 228, 'Mother'),
(18030203, 229, 'Father'),
(18020110, 230, 'Sibling'),
(13010102, 231, 'Father'),
(18030312, 232, 'Mother'),
(16010201, 233, 'Mother'),
(19020201, 234, 'Sibling'),
(21030304, 235, 'Sibling'),
(22010303, 236, 'Sibling'),
(21010305, 237, 'Sibling'),
(19020307, 238, 'Mother'),
(20030102, 239, 'Sibling'),
(18010301, 240, 'Mother'),
(21010309, 241, 'Sibling'),
(13020105, 242, 'Sibling'),
(21030306, 243, 'Father'),
(19020312, 244, 'Father'),
(20020117, 245, 'Sibling'),
(21010302, 246, 'Sibling'),
(22020101, 247, 'Father'),
(19020208, 248, 'Father'),
(13010105, 249, 'Sibling'),
(21030201, 250, 'Sibling'),
(22010301, 251, 'Mother'),
(21020304, 252, 'Father'),
(20010202, 253, 'Father'),
(21020305, 254, 'Sibling'),
(20020109, 255, 'Father'),
(18030204, 256, 'Father'),
(22020203, 257, 'Sibling'),
(22020112, 258, 'Mother'),
(20020102, 259, 'Sibling'),
(22020105, 260, 'Mother'),
(20010204, 261, 'Father'),
(22030215, 262, 'Sibling'),
(22020103, 263, 'Sibling'),
(21020302, 264, 'Father'),
(21010111, 265, 'Mother'),
(18030201, 266, 'Sibling'),
(22030303, 267, 'Mother'),
(15020302, 268, 'Sibling'),
(19030307, 269, 'Father'),
(14010302, 270, 'Sibling'),
(20030303, 271, 'Sibling'),
(19010305, 272, 'Sibling'),
(19030102, 273, 'Mother'),
(21010301, 274, 'Father'),
(20020310, 275, 'Sibling'),
(22030214, 276, 'Father'),
(14020103, 277, 'Sibling'),
(20010306, 278, 'Father'),
(18030303, 279, 'Sibling'),
(19030207, 280, 'Sibling'),
(19030108, 281, 'Sibling'),
(14030102, 282, 'Mother'),
(20020314, 283, 'Mother'),
(22020109, 284, 'Mother'),
(21030202, 285, 'Sibling'),
(21030105, 286, 'Sibling'),
(18030302, 287, 'Mother'),
(20020302, 288, 'Sibling'),
(13010301, 289, 'Mother'),
(21020101, 290, 'Sibling'),
(20020304, 291, 'Mother'),
(19010301, 292, 'Sibling'),
(22010101, 293, 'Father'),
(22010310, 294, 'Sibling'),
(18020101, 295, 'Sibling'),
(22030103, 296, 'Sibling'),
(20030309, 297, 'Sibling'),
(20030105, 298, 'Sibling'),
(21030108, 299, 'Mother'),
(22020102, 300, 'Sibling'),
(18030305, 301, 'Sibling'),
(18010206, 302, 'Sibling'),
(21030208, 303, 'Mother'),
(19020303, 304, 'Mother'),
(21030106, 305, 'Father'),
(22010204, 306, 'Sibling'),
(18010105, 307, 'Father'),
(20030302, 308, 'Mother'),
(20030202, 309, 'Mother'),
(18020105, 310, 'Father'),
(19010203, 311, 'Mother'),
(18030309, 312, 'Father'),
(22030208, 313, 'Mother'),
(17020101, 314, 'Father'),
(22020304, 315, 'Father'),
(18010302, 316, 'Sibling'),
(21010306, 317, 'Mother'),
(20020203, 318, 'Father'),
(19010204, 319, 'Father'),
(21020303, 320, 'Father'),
(19020305, 321, 'Sibling'),
(13030301, 322, 'Sibling'),
(21030104, 323, 'Sibling'),
(19020104, 324, 'Father'),
(20010207, 325, 'Father'),
(19030208, 326, 'Father'),
(20030103, 327, 'Sibling'),
(20020110, 328, 'Father'),
(20020303, 329, 'Mother'),
(18030202, 330, 'Mother'),
(19010208, 331, 'Sibling'),
(21010204, 332, 'Sibling'),
(19030308, 333, 'Mother'),
(21010201, 334, 'Mother'),
(20010102, 335, 'Sibling'),
(21010312, 336, 'Mother'),
(18020111, 337, 'Sibling'),
(17030201, 338, 'Father'),
(19020202, 339, 'Mother'),
(18010103, 340, 'Sibling'),
(20030211, 341, 'Father'),
(20010104, 342, 'Sibling'),
(18020103, 343, 'Father'),
(21030209, 344, 'Sibling'),
(13010101, 345, 'Father'),
(22020301, 346, 'Sibling'),
(21010113, 347, 'Father'),
(20010205, 348, 'Sibling'),
(21020102, 349, 'Father'),
(18030301, 350, 'Sibling'),
(19010205, 351, 'Father'),
(19030104, 352, 'Mother'),
(20030107, 353, 'Mother'),
(20020105, 354, 'Sibling'),
(19020213, 355, 'Sibling'),
(22010102, 356, 'Father'),
(20010301, 357, 'Sibling'),
(14010301, 358, 'Father'),
(20010304, 359, 'Mother'),
(21030303, 360, 'Sibling'),
(21030107, 361, 'Mother'),
(20020112, 362, 'Father'),
(20010105, 363, 'Father'),
(19030203, 364, 'Father'),
(21010207, 365, 'Mother'),
(21010107, 366, 'Mother'),
(19030301, 367, 'Father'),
(21010114, 368, 'Father'),
(19030202, 369, 'Sibling'),
(18010204, 370, 'Sibling'),
(21010307, 371, 'Father'),
(19030303, 372, 'Sibling'),
(22020205, 373, 'Mother'),
(21030210, 374, 'Sibling'),
(19030302, 375, 'Father'),
(15030101, 376, 'Sibling'),
(20020106, 377, 'Mother'),
(22020111, 378, 'Father'),
(20020306, 379, 'Sibling'),
(20030109, 380, 'Sibling'),
(22030209, 381, 'Father'),
(18030310, 382, 'Sibling'),
(22030201, 383, 'Father'),
(19020207, 384, 'Sibling'),
(21020204, 385, 'Sibling'),
(20010305, 386, 'Sibling'),
(19010103, 387, 'Mother'),
(18020304, 388, 'Father'),
(18020206, 389, 'Father'),
(20030110, 390, 'Mother'),
(19010104, 391, 'Sibling'),
(13020104, 392, 'Sibling'),
(21030111, 393, 'Sibling'),
(19020210, 394, 'Sibling'),
(19020109, 395, 'Sibling'),
(19030106, 396, 'Father'),
(21030102, 397, 'Sibling'),
(18010208, 398, 'Father'),
(18030308, 399, 'Sibling'),
(19010306, 400, 'Sibling'),
(18010101, 401, 'Sibling'),
(18010110, 402, 'Father'),
(18010308, 403, 'Father'),
(22010307, 404, 'Mother'),
(21020109, 405, 'Sibling'),
(20020307, 406, 'Sibling'),
(19030107, 407, 'Father'),
(16010301, 408, 'Sibling'),
(21010208, 409, 'Mother'),
(22010308, 410, 'Sibling'),
(18020208, 411, 'Mother'),
(21020110, 412, 'Sibling'),
(19020110, 413, 'Father'),
(20020108, 414, 'Sibling'),
(22010309, 415, 'Father'),
(19020103, 416, 'Father'),
(19020310, 417, 'Sibling'),
(15030201, 418, 'Mother'),
(18010309, 419, 'Sibling'),
(22020207, 420, 'Father'),
(20030114, 421, 'Mother'),
(21010105, 422, 'Mother'),
(21010304, 423, 'Sibling'),
(19030306, 424, 'Sibling'),
(18030210, 425, 'Sibling'),
(18030208, 426, 'Sibling'),
(21010209, 427, 'Mother'),
(17020301, 428, 'Sibling'),
(19010307, 429, 'Mother'),
(21010110, 430, 'Sibling'),
(21020309, 431, 'Father'),
(14020101, 432, 'Sibling'),
(21030103, 433, 'Father'),
(22010105, 434, 'Father'),
(20010307, 435, 'Father'),
(20020207, 436, 'Father'),
(22030106, 437, 'Father'),
(19030109, 438, 'Father'),
(19030312, 439, 'Mother'),
(22010207, 440, 'Father'),
(19020304, 441, 'Sibling'),
(22030305, 442, 'Father'),
(20010101, 443, 'Father'),
(18010310, 444, 'Mother'),
(18010209, 445, 'Sibling'),
(21010308, 446, 'Father'),
(21030110, 447, 'Father'),
(20020208, 448, 'Sibling'),
(19030209, 449, 'Father'),
(18010107, 450, 'Sibling'),
(20030205, 451, 'Sibling'),
(22020208, 452, 'Father'),
(20030306, 453, 'Sibling'),
(20020308, 454, 'Sibling'),
(19020309, 455, 'Father'),
(17010201, 456, 'Sibling'),
(21020111, 457, 'Father'),
(18030107, 458, 'Sibling'),
(19010308, 459, 'Mother'),
(20030215, 460, 'Sibling'),
(13030101, 461, 'Mother'),
(18020108, 462, 'Sibling'),
(18030106, 463, 'Sibling'),
(13020301, 464, 'Father'),
(16010303, 465, 'Sibling'),
(17020302, 466, 'Father'),
(18010108, 467, 'Father'),
(19010207, 468, 'Sibling'),
(19030310, 469, 'Sibling'),
(13030103, 470, 'Mother'),
(22010205, 471, 'Mother'),
(18020308, 472, 'Sibling'),
(21010203, 473, 'Father'),
(21020310, 474, 'Father'),
(20030307, 475, 'Sibling'),
(14020301, 476, 'Father'),
(18010202, 477, 'Mother'),
(22020305, 478, 'Father'),
(21010210, 479, 'Sibling'),
(22010107, 480, 'Mother'),
(21010109, 481, 'Father'),
(20030214, 482, 'Father'),
(19010309, 483, 'Mother'),
(20030108, 484, 'Father'),
(19010102, 485, 'Father'),
(18020305, 486, 'Mother'),
(19030213, 487, 'Sibling'),
(21020112, 488, 'Mother'),
(19020302, 489, 'Sibling'),
(22030104, 490, 'Sibling'),
(18010109, 491, 'Sibling'),
(22030212, 492, 'Father'),
(21030206, 493, 'Mother'),
(21010108, 494, 'Sibling'),
(17010301, 495, 'Sibling'),
(20020104, 496, 'Mother'),
(18010210, 497, 'Father'),
(21030212, 498, 'Sibling'),
(20030308, 499, 'Mother'),
(18010211, 500, 'Mother'),
(19030309, 501, 'Father'),
(19030210, 502, 'Sibling'),
(14010101, 503, 'Sibling'),
(20020309, 504, 'Sibling'),
(16010305, 505, 'Mother'),
(21010202, 506, 'Mother'),
(21020205, 507, 'Mother'),
(22020209, 508, 'Sibling'),
(20010209, 509, 'Sibling'),
(13030302, 510, 'Father'),
(21020206, 511, 'Mother'),
(19010209, 512, 'Sibling'),
(22030306, 513, 'Sibling'),
(21010112, 514, 'Sibling'),
(18020209, 515, 'Mother'),
(19030311, 516, 'Sibling'),
(22020210, 517, 'Sibling'),
(19020311, 518, 'Sibling'),
(18010106, 519, 'Sibling'),
(20030112, 520, 'Mother'),
(22030211, 521, 'Sibling'),
(20010210, 522, 'Mother'),
(18020306, 523, 'Mother'),
(18030307, 524, 'Father'),
(18030311, 525, 'Sibling'),
(19020211, 526, 'Father'),
(19010210, 527, 'Sibling'),
(20030213, 528, 'Father'),
(20020114, 529, 'Father'),
(16030303, 530, 'Mother'),
(15010104, 531, 'Sibling'),
(18020210, 532, 'Sibling'),
(19010303, 533, 'Father'),
(22020110, 534, 'Sibling'),
(17020202, 535, 'Sibling'),
(18030109, 536, 'Mother'),
(21010211, 537, 'Mother'),
(19020105, 538, 'Sibling'),
(18030313, 539, 'Father'),
(20010211, 540, 'Sibling'),
(21030305, 541, 'Mother'),
(18020109, 542, 'Sibling'),
(21010311, 543, 'Father'),
(15020301, 544, 'Mother'),
(19030212, 545, 'Father'),
(20020211, 546, 'Sibling'),
(22010206, 547, 'Mother'),
(20030217, 548, 'Sibling'),
(20030204, 549, 'Father'),
(22010208, 550, 'Sibling'),
(18030306, 551, 'Mother'),
(20030113, 552, 'Father'),
(20020312, 553, 'Sibling'),
(20020111, 554, 'Father'),
(18030211, 555, 'Mother'),
(20020206, 556, 'Sibling'),
(18020307, 557, 'Father'),
(19020212, 558, 'Sibling'),
(20010308, 559, 'Sibling'),
(22030113, 560, 'Father'),
(19030314, 561, 'Father'),
(18010212, 562, 'Sibling'),
(19010304, 563, 'Mother'),
(19010310, 564, 'Mother'),
(18010213, 565, 'Father'),
(17030302, 566, 'Mother'),
(19020204, 567, 'Sibling'),
(20030218, 568, 'Sibling'),
(21030211, 569, 'Mother'),
(20030210, 570, 'Sibling'),
(19020111, 571, 'Sibling'),
(21020207, 572, 'Sibling'),
(18010311, 573, 'Sibling'),
(18010312, 574, 'Sibling'),
(22030202, 575, 'Mother'),
(21030112, 576, 'Father'),
(17030301, 577, 'Sibling'),
(20030304, 578, 'Mother'),
(18030110, 579, 'Sibling'),
(14020102, 580, 'Mother'),
(17020201, 581, 'Sibling'),
(14030101, 582, 'Father'),
(16030301, 583, 'Mother'),
(16020101, 584, 'Sibling'),
(13030201, 585, 'Mother'),
(22010108, 586, 'Mother'),
(15010201, 587, 'Father'),
(14020201, 588, 'Father'),
(15020101, 589, 'Father'),
(16010101, 590, 'Mother'),
(16030302, 591, 'Father'),
(13020102, 592, 'Sibling'),
(17010101, 593, 'Sibling'),
(16020302, 594, 'Sibling'),
(16020301, 595, 'Father'),
(15010101, 596, 'Father'),
(13020103, 597, 'Sibling'),
(18030108, 598, 'Mother'),
(15020201, 599, 'Sibling'),
(17020303, 600, 'Mother')
;

INSERT INTO EXPENSE(exps_id, exps_name, exps_date, exps_cost, exps_type) VALUES 
(0, 'Electricity', '2020/9/3', 801, 1),
(1, 'Electricity', '2021/3/15', 867, 0),
(2, 'Electricity', '2022/8/1', 966, 1),
(3, 'Electricity', '2023/5/13', 839, 0),
(4, 'Water', '2020/8/8', 998, 1),
(5, 'Water', '2021/4/7', 442, 1),
(6, 'Water', '2022/6/27', 769, 0),
(7, 'Water', '2023/4/10', 508, 0),
(8, 'Internet', '2020/7/13', 759, 1),
(9, 'Internet', '2021/5/18', 543, 0),
(10, 'Internet', '2022/9/21', 794, 1),
(11, 'Internet', '2023/3/12', 1040, 0),
(12, 'Gas', '2020/2/11', 1019, 0),
(13, 'Gas', '2021/9/8', 932, 0),
(14, 'Gas', '2022/2/14', 965, 1),
(15, 'Gas', '2023/8/7', 513, 0),
(16, 'Cleaning', '2020/7/12', 1054, 0),
(17, 'Cleaning', '2021/8/8', 460, 1),
(18, 'Cleaning', '2022/4/12', 226, 1),
(19, 'Cleaning', '2023/1/14', 215, 0),
(20, 'Security', '2020/4/1', 625, 1),
(21, 'Security', '2021/5/27', 1059, 0),
(22, 'Security', '2022/6/18', 261, 1),
(23, 'Security', '2023/1/9', 334, 1),
(24, 'Food', '2020/9/14', 113, 1),
(25, 'Food', '2021/1/13', 1064, 0),
(26, 'Food', '2022/2/2', 471, 0),
(27, 'Food', '2023/4/18', 842, 0),
(28, 'Salary', '2020/5/13', 205, 1),
(29, 'Salary', '2021/1/18', 697, 1),
(30, 'Salary', '2022/3/15', 1034, 1),
(31, 'Salary', '2023/8/9', 1086, 0)
;

INSERT INTO EMPLOYEE(empl_id, empl_type, empl_fname, empl_lname, empl_salary, empl_reg_date) VALUES 
(1, 0, 'Jadyn', 'Parrish', 5600, '2021/8/14'),
(2, 1, 'Konner', 'Gould', 1400, '2019/5/13'),
(3, 1, 'Jerome', 'Saunders', 1800, '2015/3/28'),
(4, 0, 'Misael', 'Barton', 18200, '2015/8/27'),
(5, 0, 'Griffin', 'Wiley', 3300, '2020/1/28'),
(6, 1, 'Harper', 'Monroe', 2500, '2021/6/12'),
(7, 1, 'Rayne', 'Graham', 18800, '2016/8/7'),
(8, 1, 'Emanuel', 'Odom', 11200, '2022/9/4'),
(9, 1, 'Matthias', 'Gilmore', 18000, '2017/8/8'),
(10, 0, 'Armani', 'Hodge', 9800, '2015/7/19'),
(11, 1, 'Janiya', 'Brennan', 2600, '2018/2/24'),
(12, 0, 'Caroline', 'Jimenez', 4000, '2019/2/12'),
(13, 0, 'Leila', 'Patel', 8600, '2019/5/20'),
(14, 0, 'Wyatt', 'Randolph', 12100, '2020/9/16'),
(15, 0, 'Kale', 'Barrett', 16300, '2016/7/26'),
(16, 0, 'Nylah', 'Burch', 10000, '2015/4/8'),
(17, 1, 'Cameron', 'Rosales', 6600, '2016/9/1'),
(18, 0, 'Elijah', 'Duncan', 14000, '2022/9/26'),
(19, 0, 'Brooke', 'Mcknight', 15900, '2020/8/4'),
(20, 0, 'Giovani', 'Ray', 10600, '2016/6/2'),
(21, 1, 'Serena', 'Burton', 12500, '2019/8/2'),
(22, 1, 'Alexander', 'Boyd', 18800, '2019/6/9'),
(23, 0, 'Izabelle', 'Pitts', 6800, '2018/2/24'),
(24, 1, 'Lia', 'Lin', 7100, '2021/6/15'),
(25, 0, 'Dominique', 'Cruz', 10100, '2016/8/10'),
(26, 0, 'Elena', 'Jensen', 18800, '2018/4/4'),
(27, 0, 'Karter', 'Anthony', 15500, '2020/1/6'),
(28, 1, 'Brady', 'Foster', 8600, '2022/6/18'),
(29, 1, 'Bridger', 'Dominguez', 8100, '2019/2/6'),
(30, 0, 'Kaylyn', 'Jennings', 16400, '2017/4/10'),
(31, 0, 'Shayla', 'Harding', 8300, '2019/8/13'),
(32, 1, 'Allen', 'Waller', 3300, '2018/7/16'),
(33, 0, 'Kendall', 'Harvey', 4900, '2022/8/7'),
(34, 0, 'Asia', 'Hinton', 15400, '2022/7/13'),
(35, 1, 'Cheyanne', 'Blackwell', 5200, '2015/6/21'),
(36, 1, 'Ashleigh', 'Le', 14700, '2018/6/9'),
(37, 1, 'Clinton', 'Casey', 11000, '2022/9/4'),
(38, 1, 'Gustavo', 'Strong', 6200, '2020/6/16'),
(39, 0, 'Layne', 'Cain', 10800, '2021/2/15'),
(40, 0, 'Caleb', 'Norris', 10200, '2020/6/25'),
(41, 1, 'Nolan', 'James', 11300, '2021/9/26'),
(42, 1, 'Tony', 'Hendricks', 15500, '2020/8/26'),
(43, 0, 'Guadalupe', 'Harrison', 2200, '2018/5/20'),
(44, 1, 'Will', 'Lara', 16600, '2017/9/5'),
(45, 1, 'Hassan', 'Bautista', 13900, '2015/3/21'),
(46, 1, 'Calvin', 'Sampson', 15600, '2019/7/5'),
(47, 0, 'Terrence', 'Dickson', 13200, '2017/1/28'),
(48, 1, 'Samuel', 'Booth', 10500, '2017/4/4'),
(49, 1, 'Jean', 'Ewing', 15400, '2018/5/19'),
(50, 0, 'Valentin', 'Kane', 3100, '2019/3/20'),
(51, 1, 'Rachel', 'Lester', 10100, '2022/8/16'),
(52, 0, 'Jaiden', 'Middleton', 11900, '2019/6/7'),
(53, 1, 'Arabella', 'Henry', 8200, '2017/3/19'),
(54, 1, 'Soren', 'Boyle', 18600, '2019/2/11'),
(55, 1, 'Maryjane', 'Humphrey', 19300, '2019/3/2'),
(56, 1, 'Kristian', 'Mclaughlin', 3400, '2019/8/13'),
(57, 1, 'Tiffany', 'Bailey', 3500, '2021/8/28'),
(58, 0, 'Josie', 'Holmes', 14700, '2015/9/6'),
(59, 0, 'Lexi', 'Scott', 6000, '2020/9/21'),
(60, 1, 'Nico', 'Parks', 16800, '2019/3/15'),
(61, 1, 'Chaz', 'Hughes', 15500, '2021/7/17'),
(62, 1, 'Leilani', 'Hammond', 6700, '2020/3/19'),
(63, 0, 'Matilda', 'Zuniga', 6600, '2020/8/22'),
(64, 0, 'Jasmin', 'Riggs', 5700, '2019/1/26'),
(65, 1, 'Leonardo', 'Combs', 15200, '2021/3/26'),
(66, 0, 'Cassandra', 'Keith', 2800, '2015/9/7'),
(67, 0, 'Sandra', 'Lambert', 13700, '2019/7/26'),
(68, 1, 'Parker', 'Salazar', 15000, '2022/7/11'),
(69, 1, 'Harley', 'Aguirre', 7700, '2020/9/26'),
(70, 0, 'Donald', 'Orozco', 2500, '2022/5/10'),
(71, 1, 'Cason', 'Yu', 15600, '2020/5/13'),
(72, 0, 'Porter', 'Cortez', 12400, '2021/6/24'),
(73, 0, 'Cornelius', 'Collier', 14300, '2020/9/8'),
(74, 1, 'Leonard', 'Rush', 18500, '2020/6/9'),
(75, 1, 'Duncan', 'Deleon', 14100, '2016/6/8'),
(76, 0, 'Celia', 'Huffman', 14100, '2017/2/10'),
(77, 1, 'Jaida', 'Colon', 4300, '2019/7/4'),
(78, 0, 'Kason', 'Eaton', 11200, '2017/7/4'),
(79, 1, 'Mariela', 'Duffy', 6400, '2019/7/28'),
(80, 0, 'Jace', 'Vega', 2900, '2015/1/9'),
(81, 1, 'Nickolas', 'Hill', 13300, '2017/2/10'),
(82, 1, 'Geovanni', 'Camacho', 7700, '2016/1/26'),
(83, 0, 'Jessica', 'Smith', 15900, '2022/8/11'),
(84, 1, 'Macie', 'Baird', 12200, '2020/6/27'),
(85, 1, 'Johnathon', 'Meadows', 1200, '2016/5/1'),
(86, 0, 'Emmett', 'Mcclure', 6600, '2018/3/27'),
(87, 1, 'Adriel', 'Campbell', 14100, '2015/1/22'),
(88, 1, 'Arjun', 'Frye', 13700, '2016/6/20'),
(89, 0, 'Sofia', 'Noble', 16300, '2022/3/13'),
(90, 0, 'Halle', 'Sims', 13100, '2016/4/1'),
(91, 0, 'Jackson', 'Singh', 13100, '2019/2/16'),
(92, 0, 'Jolie', 'Esparza', 9200, '2020/8/4'),
(93, 1, 'Paola', 'Austin', 13500, '2021/3/18'),
(94, 0, 'Xzavier', 'Rocha', 7300, '2018/3/5'),
(95, 0, 'Felicity', 'Randall', 18800, '2021/2/11'),
(96, 1, 'Abel', 'Friedman', 6700, '2020/4/3'),
(97, 0, 'Briana', 'Mcgrath', 3700, '2021/3/4'),
(98, 1, 'Annabel', 'Curtis', 5600, '2019/7/23'),
(99, 1, 'Nikolas', 'Landry', 12200, '2016/7/27'),
(100, 1, 'Kara', 'Schaefer', 6400, '2022/7/20')
;

INSERT INTO STAFF(empl_id) VALUES 
(1),
(2),
(3),
(5),
(6),
(10),
(11),
(12),
(13),
(17),
(20),
(23),
(24),
(28),
(29),
(31),
(32),
(33),
(35),
(38),
(40),
(43),
(50),
(53),
(56),
(57),
(59),
(62),
(63),
(64),
(66),
(69),
(70),
(77),
(79),
(80),
(82),
(85),
(86),
(92),
(94),
(96),
(97),
(98),
(100)
;

INSERT INTO ADMIN_STAFF(empl_id) VALUES 
(4),
(7),
(8),
(9),
(14),
(15),
(16),
(18),
(19),
(21),
(22),
(25),
(26),
(27),
(30),
(34),
(36),
(37),
(39),
(41),
(42),
(44),
(45),
(46),
(47),
(48),
(49),
(51),
(52),
(54),
(55),
(58),
(60),
(61),
(65),
(67),
(68),
(71),
(72),
(73),
(74),
(75),
(76),
(78),
(81),
(83),
(84),
(87),
(88),
(89),
(90),
(91),
(93),
(95),
(99),
;

